# https://github.com/mikedh/trimesh
v -0.02248180 -0.00000707 -0.00301392
v -0.02268180 -0.00000707 -0.00301392
v -0.02268180 0.00101899 -0.00283300
v -0.02248180 0.00101899 -0.00283300
v -0.02268180 0.00192130 -0.00231206
v -0.02248180 0.00192130 -0.00231206
v -0.02268180 0.00259101 -0.00151392
v -0.02248180 0.00259101 -0.00151392
v -0.02268180 0.00294735 -0.00053486
v -0.02248180 0.00294735 -0.00053486
v -0.02268180 0.00294735 0.00050703
v -0.02248180 0.00294735 0.00050703
v -0.02268180 0.00259101 0.00148608
v -0.02248180 0.00259101 0.00148608
v -0.02268180 0.00192130 0.00228422
v -0.02248180 0.00192130 0.00228422
v -0.02268180 0.00101899 0.00280515
v -0.02248180 0.00101899 0.00280515
v -0.02268180 -0.00000707 0.00298608
v -0.02248180 -0.00000707 0.00298608
v -0.02348180 -0.00000707 0.00218608
v -0.02348180 0.00074538 0.00205341
v -0.02348180 0.00140706 0.00167138
v -0.02348180 0.00189818 0.00108608
v -0.02348180 0.00215950 0.00036811
v -0.02348180 0.00215950 -0.00039594
v -0.02348180 0.00189818 -0.00111392
v -0.02348180 0.00140706 -0.00169922
v -0.02348180 0.00074538 -0.00208124
v -0.02348180 -0.00000707 -0.00221392
v -0.02248180 -0.00250707 -0.00434405
v -0.02248180 -0.00176816 -0.00469351
v -0.02243684 -0.00179060 -0.00475770
v -0.02248180 -0.00083721 -0.00494453
v -0.02248180 -0.00000707 -0.00501392
v -0.02203522 -0.00000707 -0.00578742
v -0.02228316 -0.00087353 -0.00528717
v -0.02228657 -0.00089240 -0.00527627
v -0.02243032 -0.00168669 -0.00481769
v -0.01748180 -0.00250707 0.00431621
v -0.01748180 -0.00176816 0.00466567
v -0.01752677 -0.00179060 0.00472986
v -0.01748180 -0.00083721 0.00491668
v -0.01748180 -0.00000707 0.00498608
v -0.01792839 -0.00000707 0.00575958
v -0.01768045 -0.00087353 0.00525933
v -0.01767704 -0.00089240 0.00524843
v -0.01753329 -0.00168669 0.00478985
v 0.02151820 -0.00250707 0.00431621
v 0.02151820 -0.00176816 0.00466567
v 0.02147323 -0.00179060 0.00472986
v 0.02151820 -0.00083721 0.00491668
v 0.02151820 -0.00000707 0.00498608
v 0.02107161 -0.00000707 0.00575958
v 0.02131955 -0.00087353 0.00525933
v 0.02132297 -0.00089240 0.00524843
v 0.02146671 -0.00168669 0.00478985
v 0.01801820 -0.00000707 -0.00501392
v 0.01751820 -0.00000707 -0.00501392
v 0.01751820 0.00140160 -0.00481138
v 0.01751820 0.00494204 -0.00072550
v 0.01801820 0.00454109 -0.00209100
v 0.01751820 0.00454109 -0.00209100
v 0.01801820 0.00377168 -0.00328822
v 0.01751820 0.00377168 -0.00328822
v 0.01801820 0.00269614 -0.00422019
v 0.01751820 0.00269614 -0.00422019
v 0.01801820 0.00249294 -0.00434405
v 0.01801820 0.00140160 -0.00481138
v 0.01801820 0.00494204 0.00069765
v 0.01801820 0.00499293 -0.00001392
v 0.01801820 0.00494204 -0.00072550
v 0.01751820 0.00494204 0.00069765
v 0.01751820 0.00454109 0.00206315
v 0.01801820 0.00454109 0.00206315
v 0.01751820 0.00377168 0.00326038
v 0.01801820 0.00377168 0.00326038
v 0.01751820 0.00269614 0.00419235
v 0.01801820 0.00269614 0.00419235
v 0.01801820 0.00249294 0.00431621
v 0.01751820 0.00140160 0.00478354
v 0.01801820 0.00140160 0.00478354
v 0.01751820 -0.00000707 0.00498608
v 0.01801820 -0.00000707 0.00498608
v 0.01751820 -0.00000707 -0.00301392
v -0.01748180 -0.00000707 -0.00301392
v -0.01748180 0.00101899 -0.00283300
v 0.01751820 0.00101899 -0.00283300
v -0.01748180 0.00192130 -0.00231206
v 0.01751820 0.00192130 -0.00231206
v -0.01748180 0.00259101 -0.00151392
v 0.01751820 0.00259101 -0.00151392
v -0.01748180 0.00294735 -0.00053486
v 0.01751820 0.00294735 -0.00053486
v -0.01748180 0.00294735 0.00050703
v 0.01751820 0.00294735 0.00050703
v -0.01748180 0.00259101 0.00148608
v 0.01751820 0.00259101 0.00148608
v -0.01748180 0.00192130 0.00228422
v 0.01751820 0.00192130 0.00228422
v -0.01748180 0.00101899 0.00280515
v 0.01751820 0.00101899 0.00280515
v -0.01748180 -0.00000707 0.00298608
v 0.01751820 -0.00000707 0.00298608
v -0.01748180 -0.00103313 -0.00283300
v -0.01748180 -0.00058862 -0.00497999
v -0.01748180 0.00057448 -0.00497999
v -0.01748180 0.00082307 0.00491668
v -0.01748180 0.00249294 0.00431621
v -0.01748180 0.00175401 0.00466567
v -0.01748180 0.00458445 0.00196547
v -0.01748180 0.00400289 0.00297275
v -0.01748180 0.00320435 0.00381841
v -0.01748180 -0.00193543 -0.00231206
v -0.01748180 -0.00250707 -0.00434405
v -0.01748180 -0.00172025 -0.00471126
v -0.01748180 -0.00103313 0.00280515
v -0.01748180 0.00499293 -0.00001392
v -0.01748180 0.00491754 0.00085109
v -0.01748180 -0.00260515 -0.00151392
v -0.01748180 -0.00401703 -0.00300059
v -0.01748180 -0.00321849 -0.00384625
v -0.01748180 -0.00296149 0.00050703
v -0.01748180 -0.00500707 -0.00001392
v -0.01748180 -0.00296149 -0.00053486
v -0.01748180 -0.00493168 -0.00087893
v -0.01748180 -0.00459858 -0.00199331
v -0.01748180 -0.00193543 0.00228422
v -0.01748180 -0.00321849 0.00381841
v -0.01748180 -0.00260515 0.00148608
v -0.01748180 0.00458445 -0.00199331
v -0.01748180 0.00491754 -0.00087893
v -0.01748180 0.00170612 -0.00471126
v -0.01748180 0.00249294 -0.00434405
v -0.01748180 0.00320435 -0.00384625
v -0.01748180 0.00400289 -0.00300059
v -0.01748180 -0.00401703 0.00297275
v -0.01748180 -0.00459858 0.00196547
v -0.01748180 -0.00493168 0.00085109
v 0.01751820 -0.00260515 0.00148608
v 0.01751820 -0.00378582 0.00326038
v 0.01751820 -0.00193543 0.00228422
v 0.01751820 -0.00271028 0.00419235
v 0.01751820 -0.00103313 0.00280515
v 0.01751820 -0.00141573 0.00478354
v 0.01751820 -0.00193543 -0.00231206
v 0.01751820 -0.00378582 -0.00328822
v 0.01751820 -0.00260515 -0.00151392
v 0.01751820 -0.00455522 -0.00209100
v 0.01751820 -0.00296149 -0.00053486
v 0.01751820 -0.00495618 -0.00072550
v 0.01751820 -0.00296149 0.00050703
v 0.01751820 -0.00495618 0.00069765
v 0.01751820 -0.00455522 0.00206315
v 0.01751820 -0.00103313 -0.00283300
v 0.01751820 -0.00141573 -0.00481138
v 0.01751820 -0.00271028 -0.00422019
v 0.01801820 -0.00455522 0.00206315
v 0.01801820 -0.00378582 0.00326038
v 0.01801820 -0.00271028 0.00419235
v 0.01801820 -0.00250707 0.00431621
v 0.01801820 -0.00141573 0.00478354
v 0.01801820 -0.00495618 -0.00072550
v 0.01801820 -0.00500707 -0.00001392
v 0.01801820 -0.00495618 0.00069765
v 0.01801820 -0.00455522 -0.00209100
v 0.01801820 -0.00378582 -0.00328822
v 0.01801820 -0.00271028 -0.00422019
v 0.01801820 -0.00250707 -0.00434405
v 0.01801820 -0.00141573 -0.00481138
v 0.01801820 0.00499293 0.00287283
v 0.01801820 -0.00000707 0.00575958
v 0.01801820 -0.00500707 0.00287283
v 0.01801820 0.00499293 -0.00290067
v 0.01801820 -0.00500707 -0.00290067
v 0.01801820 -0.00000707 -0.00578742
v 0.02107161 -0.00000707 -0.00578742
v 0.02124540 -0.00062995 -0.00542780
v 0.02133934 -0.00096666 -0.00523341
v 0.02146555 -0.00174463 -0.00478425
v 0.02107161 -0.00500707 -0.00290067
v 0.02125066 -0.00438134 -0.00326194
v 0.02148592 -0.00187023 -0.00471173
v 0.02151820 -0.00250707 -0.00434405
v 0.02147040 -0.00326855 -0.00390440
v 0.02146671 -0.00332745 -0.00387040
v 0.02131955 -0.00414060 -0.00340093
v 0.02148592 0.00312977 -0.00397637
v 0.02151820 0.00249294 -0.00434405
v 0.02147040 0.00173144 -0.00478369
v 0.02125066 0.00061865 -0.00542616
v 0.02107161 0.00499293 -0.00290067
v 0.02124540 0.00437006 -0.00326029
v 0.02133934 0.00403335 -0.00345469
v 0.02146555 0.00325538 -0.00390385
v 0.02146671 0.00167255 -0.00481769
v 0.02131955 0.00085940 -0.00528717
v 0.02107161 0.00499293 0.00287283
v 0.02124589 0.00499293 0.00215414
v 0.02134332 0.00499293 0.00175236
v 0.02147161 0.00499293 0.00086509
v 0.02147830 0.00499293 0.00081875
v 0.02151820 0.00499293 -0.00001392
v 0.02147041 0.00499293 -0.00089322
v 0.02125078 0.00499293 -0.00217806
v 0.02146671 0.00499293 -0.00096123
v 0.02131897 0.00499293 -0.00190303
v 0.02125066 0.00436721 0.00323409
v 0.02131802 0.00087609 0.00524969
v 0.02133934 0.00095251 0.00520557
v 0.02147305 0.00177677 0.00472968
v 0.02148592 0.00185609 0.00468389
v 0.02151820 0.00249294 0.00431621
v 0.02147040 0.00325442 0.00387656
v 0.02146671 0.00331331 0.00384256
v 0.02131955 0.00412646 0.00337309
v 0.02107161 -0.00500707 0.00287283
v 0.02124540 -0.00438419 0.00323245
v 0.02133934 -0.00404749 0.00342685
v 0.02146555 -0.00326951 0.00387601
v 0.02148592 -0.00314391 0.00394853
v 0.02124589 -0.00500707 -0.00218198
v 0.02125056 -0.00500707 0.00215040
v 0.02132010 -0.00500707 0.00186966
v 0.02146671 -0.00500707 0.00093336
v 0.02134332 -0.00500707 -0.00178021
v 0.02147157 -0.00500707 -0.00089293
v 0.02147841 -0.00500707 -0.00084560
v 0.02151820 -0.00500707 -0.00001392
v 0.02147040 -0.00500707 0.00086539
v 0.02151820 0.00082307 0.00491668
v 0.02151820 0.00175401 0.00466567
v 0.02151820 -0.00493168 0.00085109
v 0.02151820 -0.00459858 0.00196547
v 0.02151820 -0.00401703 0.00297275
v 0.02151820 -0.00321849 0.00381841
v 0.02151820 -0.00321849 -0.00384625
v 0.02151820 -0.00401703 -0.00300059
v 0.02151820 -0.00459858 -0.00199331
v 0.02151820 -0.00493168 -0.00087893
v 0.02151820 0.00170612 -0.00471126
v 0.02151820 0.00057448 -0.00497999
v 0.02151820 -0.00058862 -0.00497999
v 0.02151820 -0.00172025 -0.00471126
v 0.02151820 0.00491754 -0.00087893
v 0.02151820 0.00458445 -0.00199331
v 0.02151820 0.00400289 -0.00300059
v 0.02151820 0.00320435 -0.00384625
v 0.02151820 0.00320435 0.00381841
v 0.02151820 0.00400289 0.00297275
v 0.02151820 0.00458445 0.00196547
v 0.02151820 0.00491754 0.00085109
v -0.01768198 0.00087609 0.00524969
v -0.01751408 0.00185609 0.00468389
v -0.01752695 0.00177677 0.00472968
v -0.01766066 0.00095251 0.00520557
v -0.01753329 -0.00500707 0.00093336
v -0.01752960 -0.00500707 0.00086539
v -0.01751408 -0.00314391 0.00394853
v -0.01753446 -0.00326951 0.00387601
v -0.01766066 -0.00404749 0.00342685
v -0.01767990 -0.00500707 0.00186966
v -0.01774944 -0.00500707 0.00215040
v -0.01753329 -0.00332745 -0.00387040
v -0.01752960 -0.00326855 -0.00390440
v -0.01775411 -0.00500707 -0.00218198
v -0.01768045 -0.00414060 -0.00340093
v -0.01774934 -0.00438134 -0.00326194
v -0.01792839 -0.00500707 -0.00290067
v -0.01752160 -0.00500707 -0.00084560
v -0.01752844 -0.00500707 -0.00089293
v -0.01765669 -0.00500707 -0.00178021
v -0.01753329 0.00167255 -0.00481769
v -0.01752960 0.00173144 -0.00478369
v -0.01775460 -0.00062995 -0.00542780
v -0.01768045 0.00085940 -0.00528717
v -0.01774934 0.00061865 -0.00542616
v -0.01792839 -0.00000707 -0.00578742
v -0.01751408 -0.00187023 -0.00471173
v -0.01753446 -0.00174463 -0.00478425
v -0.01766066 -0.00096666 -0.00523341
v -0.01753329 0.00499293 -0.00096123
v -0.01752960 0.00499293 -0.00089322
v -0.01775460 0.00437006 -0.00326029
v -0.01768104 0.00499293 -0.00190303
v -0.01774923 0.00499293 -0.00217806
v -0.01792839 0.00499293 -0.00290067
v -0.01751408 0.00312977 -0.00397637
v -0.01753446 0.00325538 -0.00390385
v -0.01766066 0.00403335 -0.00345469
v -0.01753329 0.00331331 0.00384256
v -0.01752960 0.00325442 0.00387656
v -0.01775411 0.00499293 0.00215414
v -0.01752170 0.00499293 0.00081875
v -0.01752840 0.00499293 0.00086509
v -0.01765668 0.00499293 0.00175236
v -0.01768045 0.00412646 0.00337309
v -0.01774934 0.00436721 0.00323409
v -0.01792839 0.00499293 0.00287283
v -0.02243521 -0.00500707 0.00086509
v -0.02244191 -0.00500707 0.00081875
v -0.02221438 -0.00500707 -0.00217806
v -0.02203522 -0.00500707 -0.00290067
v -0.01792839 -0.00500707 0.00287283
v -0.02203522 -0.00500707 0.00287283
v -0.02220950 -0.00500707 0.00215414
v -0.02248180 -0.00500707 -0.00001392
v -0.02230692 -0.00500707 0.00175236
v -0.02243401 -0.00500707 -0.00089322
v -0.02243032 -0.00500707 -0.00096123
v -0.02228257 -0.00500707 -0.00190303
v -0.02248180 -0.00250707 0.00431621
v -0.02243401 -0.00326855 0.00387656
v -0.02203522 -0.00000707 0.00575958
v -0.02220901 -0.00062995 0.00539996
v -0.02243032 -0.00332745 0.00384256
v -0.02230295 -0.00096666 0.00520557
v -0.02242915 -0.00174463 0.00475640
v -0.02244953 -0.00187023 0.00468389
v -0.02221427 -0.00438134 0.00323409
v -0.02203522 0.00499293 0.00287283
v -0.02220901 0.00437006 0.00323245
v -0.02242915 0.00325538 0.00387601
v -0.02221427 0.00061865 0.00539832
v -0.02243401 0.00173144 0.00475585
v -0.02230295 0.00403335 0.00342685
v -0.02243032 0.00167255 0.00478985
v -0.02228316 0.00085940 0.00525933
v -0.02248180 0.00249294 0.00431621
v -0.02244953 0.00312977 0.00394853
v -0.02203522 0.00499293 -0.00290067
v -0.02220949 0.00499293 -0.00218198
v -0.02230692 0.00499293 -0.00178021
v -0.02243517 0.00499293 -0.00089293
v -0.02244201 0.00499293 -0.00084560
v -0.02248180 0.00499293 -0.00001392
v -0.02243401 0.00499293 0.00086539
v -0.02243031 0.00499293 0.00093336
v -0.02221416 0.00499293 0.00215040
v -0.02228370 0.00499293 0.00186966
v -0.02228163 0.00087609 -0.00527753
v -0.02221427 0.00436721 -0.00326194
v -0.02230295 0.00095251 -0.00523341
v -0.02243666 0.00177677 -0.00475752
v -0.02244953 0.00185609 -0.00471173
v -0.02248180 0.00249294 -0.00434405
v -0.02243401 0.00325442 -0.00390440
v -0.02243032 0.00331331 -0.00387040
v -0.02228316 0.00412646 -0.00340093
v -0.02244953 -0.00314391 -0.00397637
v -0.02242915 -0.00326951 -0.00390385
v -0.02220901 -0.00438419 -0.00326029
v -0.02230295 -0.00404749 -0.00345469
v -0.02248180 -0.00493168 -0.00087893
v -0.02248180 -0.00459858 -0.00199331
v -0.02248180 -0.00401703 -0.00300059
v -0.02248180 -0.00321849 -0.00384625
v -0.02248180 -0.00321849 0.00381841
v -0.02248180 -0.00401703 0.00297275
v -0.02248180 -0.00459858 0.00196547
v -0.02228316 -0.00414060 0.00337309
v -0.02248180 -0.00493168 0.00085109
v -0.02248180 0.00170612 0.00468342
v -0.02248180 0.00057448 0.00495214
v -0.02248180 -0.00058862 0.00495214
v -0.02248180 -0.00172025 0.00468342
v -0.02248180 0.00491754 0.00085109
v -0.02248180 0.00458445 0.00196547
v -0.02248180 0.00400289 0.00297275
v -0.02248180 0.00320435 0.00381841
v -0.02248180 0.00320435 -0.00384625
v -0.02248180 0.00400289 -0.00300059
v -0.02248180 0.00458445 -0.00199331
v -0.02248180 0.00491754 -0.00087893
v -0.02248180 0.00082307 -0.00494453
v -0.02248180 0.00175401 -0.00469351
v -0.02348180 -0.00075951 0.00205341
v -0.02348180 -0.00142120 -0.00169922
v -0.02348180 -0.00191232 -0.00111392
v -0.02348180 -0.00075951 -0.00208124
v -0.02348180 -0.00191232 0.00108608
v -0.02348180 -0.00142120 0.00167138
v -0.02348180 -0.00217365 0.00036811
v -0.02348180 -0.00217365 -0.00039594
v -0.02268180 -0.00103313 -0.00283300
v -0.02268180 -0.00193543 -0.00231206
v -0.02268180 -0.00260515 -0.00151392
v -0.02268180 -0.00296149 -0.00053486
v -0.02268180 -0.00296149 0.00050703
v -0.02268180 -0.00260515 0.00148608
v -0.02268180 -0.00193543 0.00228422
v -0.02268180 -0.00103313 0.00280515
v -0.02248180 -0.00103313 0.00280515
v -0.02248180 -0.00193543 0.00228422
v -0.02248180 -0.00260515 0.00148608
v -0.02248180 -0.00296149 0.00050703
v -0.02248180 -0.00296149 -0.00053486
v -0.02248180 -0.00260515 -0.00151392
v -0.02248180 -0.00193543 -0.00231206
v -0.02248180 -0.00103313 -0.00283300
v 0.00983070 0.04917547 -0.00576253
v 0.01087944 0.04886727 -0.00572651
v 0.01174727 0.04722596 -0.01120836
v 0.01174727 0.04560699 -0.01661608
v 0.01087944 0.04623245 -0.01684373
v 0.00983070 0.04652402 -0.01694985
v 0.00983070 0.04657443 -0.01600537
v 0.00983070 0.04857123 -0.00812021
v 0.01301820 -0.03274043 -0.02028156
v 0.01301820 -0.02721900 -0.01750197
v 0.01281723 -0.03514223 -0.01750915
v 0.01281723 -0.03337810 -0.02067638
v 0.01301820 -0.02943084 -0.01345131
v 0.01301820 -0.03590725 -0.01392172
v 0.01501820 -0.00000707 -0.01783895
v 0.01498781 -0.00000707 -0.01818624
v 0.01498781 0.00149359 -0.01812417
v 0.01501820 0.00146491 -0.01777806
v 0.01498781 0.00298400 -0.01793839
v 0.01501820 0.00292684 -0.01759584
v 0.01498781 0.00445397 -0.01763017
v 0.01501820 0.00436872 -0.01729351
v 0.01498781 0.00589348 -0.01720161
v 0.01501820 0.00578071 -0.01687313
v 0.01498781 0.00729266 -0.01665565
v 0.01501820 0.00715316 -0.01633760
v 0.01498781 0.00864200 -0.01599600
v 0.01501820 0.00847671 -0.01569056
v 0.01498781 0.00993225 -0.01522718
v 0.01501820 0.00974229 -0.01493643
v 0.01498781 0.01115460 -0.01435443
v 0.01501820 0.01094129 -0.01408037
v 0.01498781 0.01230070 -0.01338373
v 0.01501820 0.01206549 -0.01312822
v 0.01498781 0.01336275 -0.01232170
v 0.01501820 0.01310722 -0.01208648
v 0.01498781 0.01433345 -0.01117559
v 0.01501820 0.01405938 -0.01096228
v 0.01498781 0.01520619 -0.00995324
v 0.01501820 0.01491544 -0.00976329
v 0.01498781 0.01597501 -0.00866299
v 0.01501820 0.01566957 -0.00849769
v 0.01498781 0.01663466 -0.00731366
v 0.01501820 0.01631661 -0.00717415
v 0.01498781 0.01718063 -0.00591446
v 0.01501820 0.01685215 -0.00580170
v 0.01498781 0.01760918 -0.00447496
v 0.01501820 0.01727252 -0.00438970
v 0.01498781 0.01791741 -0.00300499
v 0.01501820 0.01757484 -0.00294783
v 0.01498781 0.01810319 -0.00151458
v 0.01501820 0.01775707 -0.00148590
v 0.01498781 0.01816525 -0.00001392
v 0.01501820 0.01781795 -0.00001392
v 0.01498781 0.01810319 0.00148674
v 0.01501820 0.01775707 0.00145806
v 0.01498781 0.01791741 0.00297714
v 0.01501820 0.01757484 0.00291998
v 0.01498781 0.01760918 0.00444712
v 0.01501820 0.01727252 0.00436186
v 0.01498781 0.01718063 0.00588662
v 0.01501820 0.01685215 0.00577386
v 0.01498781 0.01663466 0.00728581
v 0.01501820 0.01631661 0.00714631
v 0.01498781 0.01597501 0.00863515
v 0.01501820 0.01566957 0.00846986
v 0.01498781 0.01520619 0.00992540
v 0.01501820 0.01491544 0.00973544
v 0.01498781 0.01433345 0.01114774
v 0.01501820 0.01405938 0.01093443
v 0.01498781 0.01336275 0.01229386
v 0.01501820 0.01310722 0.01205865
v 0.01498781 0.01230070 0.01335589
v 0.01501820 0.01206549 0.01310038
v 0.01498781 0.01115460 0.01432659
v 0.01501820 0.01094129 0.01405253
v 0.01498781 0.00993225 0.01519933
v 0.01501820 0.00974229 0.01490859
v 0.01498781 0.00864200 0.01596816
v 0.01501820 0.00847671 0.01566272
v 0.01498781 0.00729266 0.01662780
v 0.01501820 0.00715316 0.01630976
v 0.01498781 0.00589348 0.01717377
v 0.01501820 0.00578071 0.01684529
v 0.01498781 0.00445397 0.01760233
v 0.01501820 0.00436872 0.01726566
v 0.01498781 0.00298400 0.01791056
v 0.01501820 0.00292684 0.01756800
v 0.01498781 0.00149359 0.01809634
v 0.01501820 0.00146491 0.01775022
v 0.01498781 -0.00000707 0.01815840
v 0.01501820 -0.00000707 0.01781110
v 0.01337002 -0.00000707 -0.02736122
v 0.01337002 0.00316776 -0.02717630
v 0.01337002 0.00448631 -0.02694381
v 0.01337002 0.00629965 -0.02662407
v 0.01337002 0.00886553 -0.02585590
v 0.01337002 0.00934626 -0.02571197
v 0.01337002 0.01226637 -0.02445236
v 0.01337002 0.01299087 -0.02403408
v 0.01337002 0.01502051 -0.02286226
v 0.01337002 0.01676611 -0.02156271
v 0.01337002 0.01757143 -0.02096317
v 0.01337002 0.01988464 -0.01878078
v 0.01337002 0.02009964 -0.01852454
v 0.01337002 0.02192883 -0.01634460
v 0.01337002 0.02284863 -0.01494612
v 0.01337002 0.02367639 -0.01368757
v 0.01337002 0.02502861 -0.01099506
v 0.01337002 0.02510366 -0.01084563
v 0.01337002 0.02619135 -0.00785721
v 0.01337002 0.02646151 -0.00671735
v 0.01337002 0.02692476 -0.00476273
v 0.01337002 0.02721628 -0.00226867
v 0.01337002 0.02729396 -0.00160402
v 0.01337002 0.02729396 0.00157618
v 0.01337002 0.02721628 0.00224083
v 0.01337002 0.02692476 0.00473489
v 0.01337002 0.02646151 0.00668951
v 0.01337002 0.02619135 0.00782937
v 0.01337002 0.02510366 0.01081779
v 0.01337002 0.02502861 0.01096722
v 0.01337002 0.02367639 0.01365972
v 0.01337002 0.02284863 0.01491828
v 0.01337002 0.02192883 0.01631675
v 0.01337002 0.02009964 0.01849670
v 0.01337002 0.01988464 0.01875293
v 0.01337002 0.01757143 0.02093532
v 0.01337002 0.01676611 0.02153486
v 0.01337002 0.01502051 0.02283441
v 0.01337002 0.01299087 0.02400624
v 0.01337002 0.01226637 0.02442452
v 0.01337002 0.00934626 0.02568413
v 0.01337002 0.00886553 0.02582806
v 0.01337002 0.00629965 0.02659623
v 0.01337002 0.00448631 0.02691597
v 0.01337002 0.00316776 0.02714846
v 0.01337002 -0.00000707 0.02733338
v 0.01313245 0.00645018 0.02723134
v 0.01313245 0.01537919 0.02337974
v 0.01313245 0.02245238 0.01670653
v 0.01313245 0.02756755 -0.00487607
v 0.01313245 0.02424165 -0.01401392
v 0.01313245 0.02245238 -0.01673436
v 0.01313245 0.00645018 -0.02725918
v 0.01140040 0.00475787 0.02854344
v 0.01140040 0.00335962 0.02878999
v 0.01208444 0.00334563 0.02867019
v 0.01140040 0.01377638 0.02545787
v 0.01140040 0.01300811 0.02590142
v 0.01208444 0.01295397 0.02579364
v 0.01140040 0.02131478 0.01961537
v 0.01140040 0.02108677 0.01988709
v 0.01208444 0.02099903 0.01980431
v 0.01140040 0.02422988 0.01582069
v 0.01140040 0.02325450 0.01730368
v 0.01208444 0.02315776 0.01723166
v 0.01140040 0.02654162 0.01163086
v 0.01140040 0.02510766 0.01448608
v 0.01208444 0.02500322 0.01442578
v 0.01140040 0.02806111 0.00709463
v 0.01140040 0.02777463 0.00830337
v 0.01208444 0.02765908 0.00826878
v 0.01140040 0.02886149 -0.00240494
v 0.01140040 0.02894387 -0.00170012
v 0.01208444 0.02882346 -0.00169310
v 0.01140040 0.02654162 -0.01165870
v 0.01140040 0.02662120 -0.01150024
v 0.01208444 0.02651045 -0.01145246
v 0.01140040 0.02422988 -0.01584853
v 0.01140040 0.02510766 -0.01451392
v 0.01208444 0.02500322 -0.01445362
v 0.01140040 0.01777978 -0.02286499
v 0.01140040 0.01863377 -0.02222921
v 0.01208444 0.01855624 -0.02213681
v 0.01140040 0.00940174 -0.02741763
v 0.01140040 0.00991152 -0.02726501
v 0.01208444 0.00987026 -0.02715167
v 0.01140040 0.00668080 -0.02823222
v 0.01140040 0.01592869 -0.02424307
v 0.01140040 0.02325450 -0.01733152
v 0.01140040 0.02855236 -0.00504972
v 0.01140040 0.02855236 0.00502188
v 0.01140040 0.01592869 0.02421523
v 0.01140040 0.00668080 0.02820438
v 0.01140040 0.00335962 -0.02881783
v 0.01140040 0.00475787 -0.02857129
v 0.01208444 0.00334563 -0.02869803
v 0.01208444 0.00665297 -0.02811486
v 0.01268597 0.00330531 -0.02835309
v 0.01268597 0.00657289 -0.02777692
v 0.01313245 0.00324354 -0.02782460
v 0.01140040 0.01300811 -0.02592927
v 0.01140040 0.01377638 -0.02548571
v 0.01208444 0.01295397 -0.02582148
v 0.01208444 0.01586242 -0.02414230
v 0.01268597 0.01279811 -0.02551113
v 0.01268597 0.01567157 -0.02385214
v 0.01313245 0.01255931 -0.02503564
v 0.01313245 0.01537919 -0.02340758
v 0.01268597 0.01833301 -0.02187077
v 0.01313245 0.01799099 -0.02146317
v 0.01140040 0.02108677 -0.01991493
v 0.01208444 0.02099903 -0.01983216
v 0.01268597 0.02074642 -0.01959383
v 0.01313245 0.02035940 -0.01922869
v 0.01140040 0.02777463 -0.00833121
v 0.01140040 0.02806111 -0.00712247
v 0.01208444 0.02765908 -0.00829662
v 0.01208444 0.02843357 -0.00502877
v 0.01268597 0.02732637 -0.00819702
v 0.01268597 0.02809156 -0.00496846
v 0.01313245 0.02681664 -0.00804441
v 0.01140040 0.02894387 0.00167228
v 0.01140040 0.02886149 0.00237709
v 0.01208444 0.02882346 0.00166527
v 0.01208444 0.02843357 0.00500093
v 0.01268597 0.02847675 0.00164508
v 0.01268597 0.02809156 0.00494063
v 0.01313245 0.02794556 0.00161413
v 0.01313245 0.02756755 0.00484823
v 0.01268597 0.02732637 0.00816917
v 0.01313245 0.02681664 0.00801657
v 0.01140040 0.02662120 0.01147239
v 0.01208444 0.02651045 0.01142462
v 0.01268597 0.02619156 0.01128706
v 0.01313245 0.02570299 0.01107631
v 0.01268597 0.02470244 0.01425213
v 0.01268597 0.02287919 0.01702426
v 0.01313245 0.02424165 0.01398608
v 0.01140040 0.01863377 0.02220137
v 0.01140040 0.01777978 0.02283715
v 0.01208444 0.01855624 0.02210897
v 0.01208444 0.01586242 0.02411445
v 0.01268597 0.01833301 0.02184293
v 0.01268597 0.01567157 0.02382429
v 0.01313245 0.01799099 0.02143533
v 0.01140040 0.00991152 0.02723717
v 0.01140040 0.00940174 0.02738978
v 0.01208444 0.00987026 0.02712383
v 0.01208444 0.00665297 0.02808702
v 0.01268597 0.00975148 0.02679747
v 0.01268597 0.00657289 0.02774908
v 0.01313245 0.00956950 0.02629747
v 0.01140040 -0.00000707 -0.02901392
v 0.01208444 -0.00000707 -0.02889331
v 0.01268597 -0.00000707 -0.02854601
v 0.01313245 -0.00000707 -0.02801392
v 0.01313245 0.00956950 -0.02632532
v 0.01268597 0.00975148 -0.02682531
v 0.01268597 0.02287919 -0.01705210
v 0.01208444 0.02315776 -0.01725949
v 0.01140040 0.02131478 -0.01964321
v 0.01268597 0.02470244 -0.01427997
v 0.01313245 0.02570299 -0.01110416
v 0.01268597 0.02619156 -0.01131491
v 0.01313245 0.02794556 -0.00164198
v 0.01268597 0.02847675 -0.00167291
v 0.01313245 0.02035940 0.01920085
v 0.01268597 0.02074642 0.01956599
v 0.01313245 0.01255931 0.02500779
v 0.01268597 0.01279811 0.02548329
v 0.01313245 0.00324354 0.02779676
v 0.01268597 0.00330531 0.02832524
v 0.01140040 -0.00000707 0.02898608
v 0.01208444 -0.00000707 0.02886546
v 0.01268597 -0.00000707 0.02851817
v 0.01313245 -0.00000707 0.02798608
v -0.01136401 -0.00000707 -0.02901392
v -0.01136401 0.00335962 -0.02881783
v -0.01136401 0.00475787 -0.02857129
v -0.01136401 0.00668080 -0.02823222
v -0.01136401 0.00940174 -0.02741763
v -0.01136401 0.00991152 -0.02726501
v -0.01136401 0.01300811 -0.02592927
v -0.01136401 0.01377638 -0.02548571
v -0.01136401 0.01592869 -0.02424307
v -0.01136401 0.01777978 -0.02286499
v -0.01136401 0.01863377 -0.02222921
v -0.01136401 0.02108677 -0.01991493
v -0.01136401 0.02131478 -0.01964321
v -0.01136401 0.02325450 -0.01733152
v -0.01136401 0.02422988 -0.01584853
v -0.01136401 0.02510766 -0.01451392
v -0.01136401 0.02654162 -0.01165870
v -0.01136401 0.02662120 -0.01150024
v -0.01136401 0.02777463 -0.00833121
v -0.01136401 0.02806111 -0.00712247
v -0.01136401 0.02855236 -0.00504972
v -0.01136401 0.02886149 -0.00240494
v -0.01136401 0.02894387 -0.00170012
v -0.01136401 0.02894387 0.00167228
v -0.01136401 0.02886149 0.00237709
v -0.01136401 0.02855236 0.00502188
v -0.01136401 0.02806111 0.00709463
v -0.01136401 0.02777463 0.00830337
v -0.01136401 0.02662120 0.01147239
v -0.01136401 0.02654162 0.01163086
v -0.01136401 0.02510766 0.01448608
v -0.01136401 0.02422988 0.01582069
v -0.01136401 0.02325450 0.01730368
v -0.01136401 0.02131478 0.01961537
v -0.01136401 0.02108677 0.01988709
v -0.01136401 0.01863377 0.02220137
v -0.01136401 0.01777978 0.02283715
v -0.01136401 0.01592869 0.02421523
v -0.01136401 0.01377638 0.02545787
v -0.01136401 0.01300811 0.02590142
v -0.01136401 0.00991152 0.02723717
v -0.01136401 0.00940174 0.02738978
v -0.01136401 0.00668080 0.02820438
v -0.01136401 0.00475787 0.02854344
v -0.01136401 0.00335962 0.02878999
v -0.01136401 -0.00000707 0.02898608
v -0.01204805 0.00665297 0.02808702
v -0.01204805 0.01586242 0.02411445
v -0.01204805 0.02315776 0.01723166
v -0.01204805 0.02843357 -0.00502877
v -0.01204805 0.02500322 -0.01445362
v -0.01204805 0.02315776 -0.01725949
v -0.01204805 0.00665297 -0.02811486
v -0.01333362 0.00448631 0.02691597
v -0.01333362 0.00316776 0.02714846
v -0.01309606 0.00324354 0.02779676
v -0.01333362 0.01299087 0.02400624
v -0.01333362 0.01226637 0.02442452
v -0.01309606 0.01255931 0.02500779
v -0.01333362 0.02009964 0.01849670
v -0.01333362 0.01988464 0.01875293
v -0.01309606 0.02035940 0.01920085
v -0.01333362 0.02284863 0.01491828
v -0.01333362 0.02192883 0.01631675
v -0.01309606 0.02245238 0.01670653
v -0.01333362 0.02502861 0.01096722
v -0.01333362 0.02367639 0.01365972
v -0.01309606 0.02424165 0.01398608
v -0.01333362 0.02646151 0.00668951
v -0.01333362 0.02619135 0.00782937
v -0.01309606 0.02681664 0.00801657
v -0.01333362 0.02721628 -0.00226867
v -0.01333362 0.02729396 -0.00160402
v -0.01309606 0.02794556 -0.00164198
v -0.01333362 0.02502861 -0.01099506
v -0.01333362 0.02510366 -0.01084563
v -0.01309606 0.02570299 -0.01110416
v -0.01333362 0.02284863 -0.01494612
v -0.01333362 0.02367639 -0.01368757
v -0.01309606 0.02424165 -0.01401392
v -0.01333362 0.01676611 -0.02156271
v -0.01333362 0.01757143 -0.02096317
v -0.01309606 0.01799099 -0.02146317
v -0.01333362 0.00886553 -0.02585590
v -0.01333362 0.00934626 -0.02571197
v -0.01309606 0.00956950 -0.02632532
v -0.01333362 0.00629965 -0.02662407
v -0.01333362 0.01502051 -0.02286226
v -0.01333362 0.02192883 -0.01634460
v -0.01333362 0.02692476 -0.00476273
v -0.01333362 0.02692476 0.00473489
v -0.01333362 0.01502051 0.02283441
v -0.01333362 0.00629965 0.02659623
v -0.01333362 0.00316776 -0.02717630
v -0.01333362 0.00448631 -0.02694381
v -0.01309606 0.00324354 -0.02782460
v -0.01309606 0.00645018 -0.02725918
v -0.01264958 0.00330531 -0.02835309
v -0.01264958 0.00657289 -0.02777692
v -0.01204805 0.00334563 -0.02869803
v -0.01333362 0.01226637 -0.02445236
v -0.01333362 0.01299087 -0.02403408
v -0.01309606 0.01255931 -0.02503564
v -0.01309606 0.01537919 -0.02340758
v -0.01264958 0.01279811 -0.02551113
v -0.01264958 0.01567157 -0.02385214
v -0.01204805 0.01295397 -0.02582148
v -0.01204805 0.01586242 -0.02414230
v -0.01264958 0.01833301 -0.02187077
v -0.01204805 0.01855624 -0.02213681
v -0.01333362 0.01988464 -0.01878078
v -0.01309606 0.02035940 -0.01922869
v -0.01264958 0.02074642 -0.01959383
v -0.01204805 0.02099903 -0.01983216
v -0.01333362 0.02619135 -0.00785721
v -0.01333362 0.02646151 -0.00671735
v -0.01309606 0.02681664 -0.00804441
v -0.01309606 0.02756755 -0.00487607
v -0.01264958 0.02732637 -0.00819702
v -0.01264958 0.02809156 -0.00496846
v -0.01204805 0.02765908 -0.00829662
v -0.01333362 0.02729396 0.00157618
v -0.01333362 0.02721628 0.00224083
v -0.01309606 0.02794556 0.00161413
v -0.01309606 0.02756755 0.00484823
v -0.01264958 0.02847675 0.00164508
v -0.01264958 0.02809156 0.00494063
v -0.01204805 0.02882346 0.00166527
v -0.01204805 0.02843357 0.00500093
v -0.01264958 0.02732637 0.00816917
v -0.01204805 0.02765908 0.00826878
v -0.01333362 0.02510366 0.01081779
v -0.01309606 0.02570299 0.01107631
v -0.01264958 0.02619156 0.01128706
v -0.01204805 0.02651045 0.01142462
v -0.01264958 0.02470244 0.01425213
v -0.01264958 0.02287919 0.01702426
v -0.01204805 0.02500322 0.01442578
v -0.01333362 0.01757143 0.02093532
v -0.01333362 0.01676611 0.02153486
v -0.01309606 0.01799099 0.02143533
v -0.01309606 0.01537919 0.02337974
v -0.01264958 0.01833301 0.02184293
v -0.01264958 0.01567157 0.02382429
v -0.01204805 0.01855624 0.02210897
v -0.01333362 0.00934626 0.02568413
v -0.01333362 0.00886553 0.02582806
v -0.01309606 0.00956950 0.02629747
v -0.01309606 0.00645018 0.02723134
v -0.01264958 0.00975148 0.02679747
v -0.01264958 0.00657289 0.02774908
v -0.01204805 0.00987026 0.02712383
v -0.01333362 -0.00000707 -0.02736122
v -0.01309606 -0.00000707 -0.02801392
v -0.01264958 -0.00000707 -0.02854601
v -0.01204805 -0.00000707 -0.02889331
v -0.01204805 0.00987026 -0.02715167
v -0.01264958 0.00975148 -0.02682531
v -0.01264958 0.02287919 -0.01705210
v -0.01309606 0.02245238 -0.01673436
v -0.01333362 0.02009964 -0.01852454
v -0.01264958 0.02470244 -0.01427997
v -0.01204805 0.02651045 -0.01145246
v -0.01264958 0.02619156 -0.01131491
v -0.01204805 0.02882346 -0.00169310
v -0.01264958 0.02847675 -0.00167291
v -0.01204805 0.02099903 0.01980431
v -0.01264958 0.02074642 0.01956599
v -0.01204805 0.01295397 0.02579364
v -0.01264958 0.01279811 0.02548329
v -0.01204805 0.00334563 0.02867019
v -0.01264958 0.00330531 0.02832524
v -0.01333362 -0.00000707 0.02733338
v -0.01309606 -0.00000707 0.02798608
v -0.01264958 -0.00000707 0.02851817
v -0.01204805 -0.00000707 0.02886546
v -0.01495142 -0.00000707 0.01815840
v -0.01495142 0.00149359 0.01809634
v -0.01495142 0.00298400 0.01791056
v -0.01495142 0.00445397 0.01760233
v -0.01495142 0.00589348 0.01717377
v -0.01495142 0.00729266 0.01662780
v -0.01495142 0.00864200 0.01596816
v -0.01495142 0.00993225 0.01519933
v -0.01495142 0.01115460 0.01432659
v -0.01495142 0.01230070 0.01335589
v -0.01495142 0.01336275 0.01229386
v -0.01495142 0.01433345 0.01114774
v -0.01495142 0.01520619 0.00992540
v -0.01495142 0.01597501 0.00863515
v -0.01495142 0.01663466 0.00728581
v -0.01495142 0.01718063 0.00588662
v -0.01495142 0.01760918 0.00444712
v -0.01495142 0.01791741 0.00297714
v -0.01495142 0.01810319 0.00148674
v -0.01495142 0.01816525 -0.00001392
v -0.01495142 0.01810319 -0.00151458
v -0.01495142 0.01791741 -0.00300499
v -0.01495142 0.01760918 -0.00447496
v -0.01495142 0.01718063 -0.00591446
v -0.01495142 0.01663466 -0.00731366
v -0.01495142 0.01597501 -0.00866299
v -0.01495142 0.01520619 -0.00995324
v -0.01495142 0.01433345 -0.01117559
v -0.01495142 0.01336275 -0.01232170
v -0.01495142 0.01230070 -0.01338373
v -0.01495142 0.01115460 -0.01435443
v -0.01495142 0.00993225 -0.01522718
v -0.01495142 0.00864200 -0.01599600
v -0.01495142 0.00729266 -0.01665565
v -0.01495142 0.00589348 -0.01720161
v -0.01495142 0.00445397 -0.01763017
v -0.01495142 0.00298400 -0.01793839
v -0.01495142 0.00149359 -0.01812417
v -0.01495142 -0.00000707 -0.01818624
v -0.01498180 -0.00000707 -0.01783895
v -0.01498180 0.00146491 -0.01777806
v -0.01498180 0.00292684 -0.01759584
v -0.01498180 0.00436872 -0.01729351
v -0.01498180 0.00578071 -0.01687313
v -0.01498180 0.00715316 -0.01633760
v -0.01498180 0.00847671 -0.01569056
v -0.01498180 0.00974229 -0.01493643
v -0.01498180 0.01094129 -0.01408037
v -0.01498180 0.01206549 -0.01312822
v -0.01498180 0.01310722 -0.01208648
v -0.01498180 0.01405938 -0.01096228
v -0.01498180 0.01491544 -0.00976329
v -0.01498180 0.01566957 -0.00849769
v -0.01498180 0.01631661 -0.00717415
v -0.01498180 0.01685215 -0.00580170
v -0.01498180 0.01727252 -0.00438970
v -0.01498180 0.01757484 -0.00294783
v -0.01498180 0.01775707 -0.00148590
v -0.01498180 0.01781795 -0.00001392
v -0.01498180 0.01775707 0.00145806
v -0.01498180 0.01757484 0.00291998
v -0.01498180 0.01727252 0.00436186
v -0.01498180 0.01685215 0.00577386
v -0.01498180 0.01631661 0.00714631
v -0.01498180 0.01566957 0.00846986
v -0.01498180 0.01491544 0.00973544
v -0.01498180 0.01405938 0.01093443
v -0.01498180 0.01310722 0.01205865
v -0.01498180 0.01206549 0.01310038
v -0.01498180 0.01094129 0.01405253
v -0.01498180 0.00974229 0.01490859
v -0.01498180 0.00847671 0.01566272
v -0.01498180 0.00715316 0.01630976
v -0.01498180 0.00578071 0.01684529
v -0.01498180 0.00436872 0.01726566
v -0.01498180 0.00292684 0.01756800
v -0.01498180 0.00146491 0.01775022
v -0.01498180 -0.00000707 0.01781110
v -0.01498180 -0.01492958 -0.00976329
v -0.01498180 -0.01207963 -0.01312822
v -0.01498180 -0.01407351 -0.01096228
v -0.01498180 -0.01312137 -0.01208648
v -0.01498180 -0.01777120 -0.00148590
v -0.01498180 -0.01783209 -0.00001392
v -0.01498180 -0.01728665 0.00436186
v -0.01498180 -0.01686628 0.00577386
v -0.01498180 -0.01633075 0.00714631
v -0.01498180 -0.01568371 0.00846986
v -0.01498180 -0.01568371 -0.00849769
v -0.01498180 -0.01633075 -0.00717415
v -0.01498180 -0.01686628 -0.00580170
v -0.01498180 -0.01777120 0.00145806
v -0.01498180 -0.01758898 0.00291998
v -0.01498180 -0.01728665 -0.00438970
v -0.01498180 -0.01758898 -0.00294783
v -0.01498180 -0.00716730 0.01630976
v -0.01498180 -0.00849084 0.01566272
v -0.01498180 -0.00975643 0.01490859
v -0.01498180 -0.01312137 0.01205865
v -0.01498180 -0.01207963 0.01310038
v -0.01498180 -0.01095543 0.01405253
v -0.01498180 -0.00579484 0.01684529
v -0.01498180 -0.00438286 0.01726566
v -0.01498180 -0.00294097 0.01756800
v -0.01498180 -0.00147904 0.01775022
v -0.01498180 -0.01492958 0.00973544
v -0.01498180 -0.01407351 0.01093443
v -0.01498180 -0.00147904 -0.01777806
v -0.01498180 -0.00294097 -0.01759584
v -0.01498180 -0.00438286 -0.01729351
v -0.01498180 -0.00579484 -0.01687313
v -0.01498180 -0.00716730 -0.01633760
v -0.01498180 -0.00849084 -0.01569056
v -0.01498180 -0.00975643 -0.01493643
v -0.01498180 -0.01095543 -0.01408037
v -0.01495142 -0.00150773 0.01809634
v -0.01495142 -0.00299814 0.01791056
v -0.01495142 -0.00446810 0.01760233
v -0.01495142 -0.00590761 0.01717377
v -0.01495142 -0.00730681 0.01662780
v -0.01495142 -0.00865614 0.01596816
v -0.01495142 -0.00994638 0.01519933
v -0.01495142 -0.01116874 0.01432659
v -0.01495142 -0.01231485 0.01335589
v -0.01495142 -0.01337688 0.01229386
v -0.01495142 -0.01434758 0.01114774
v -0.01495142 -0.01522032 0.00992540
v -0.01495142 -0.01598915 0.00863515
v -0.01495142 -0.01664879 0.00728581
v -0.01495142 -0.01719476 0.00588662
v -0.01495142 -0.01762332 0.00444712
v -0.01495142 -0.01793155 0.00297714
v -0.01495142 -0.01811732 0.00148674
v -0.01495142 -0.01817939 -0.00001392
v -0.01495142 -0.01811732 -0.00151458
v -0.01495142 -0.01793155 -0.00300499
v -0.01495142 -0.01762332 -0.00447496
v -0.01495142 -0.01719476 -0.00591446
v -0.01495142 -0.01664879 -0.00731366
v -0.01495142 -0.01598915 -0.00866299
v -0.01495142 -0.01522032 -0.00995324
v -0.01495142 -0.01434758 -0.01117559
v -0.01495142 -0.01337688 -0.01232170
v -0.01495142 -0.01231485 -0.01338373
v -0.01495142 -0.01116874 -0.01435443
v -0.01495142 -0.00994638 -0.01522718
v -0.01495142 -0.00865614 -0.01599600
v -0.01495142 -0.00730681 -0.01665565
v -0.01495142 -0.00590761 -0.01720161
v -0.01495142 -0.00446810 -0.01763017
v -0.01495142 -0.00299814 -0.01793839
v -0.01495142 -0.00150773 -0.01812417
v -0.01333362 -0.00318190 -0.02717630
v -0.01333362 -0.00450045 -0.02694381
v -0.01333362 -0.00631378 -0.02662407
v -0.01333362 -0.00887966 -0.02585590
v -0.01333362 -0.00936040 -0.02571197
v -0.01333362 -0.01228051 -0.02445236
v -0.01333362 -0.01300501 -0.02403408
v -0.01333362 -0.01503465 -0.02286226
v -0.01333362 -0.01678025 -0.02156271
v -0.01333362 -0.01758557 -0.02096317
v -0.01333362 -0.01989877 -0.01878078
v -0.01333362 -0.02011378 -0.01852454
v -0.01333362 -0.02194297 -0.01634460
v -0.01333362 -0.02286276 -0.01494612
v -0.01333362 -0.02369052 -0.01368757
v -0.01333362 -0.02504275 -0.01099506
v -0.01333362 -0.02511780 -0.01084563
v -0.01333362 -0.02620549 -0.00785721
v -0.01333362 -0.02647565 -0.00671735
v -0.01333362 -0.02693890 -0.00476273
v -0.01333362 -0.02723041 -0.00226867
v -0.01333362 -0.02730810 -0.00160402
v -0.01333362 -0.02730810 0.00157618
v -0.01333362 -0.02723041 0.00224083
v -0.01333362 -0.02693890 0.00473489
v -0.01333362 -0.02647565 0.00668951
v -0.01333362 -0.02620549 0.00782937
v -0.01333362 -0.02511780 0.01081779
v -0.01333362 -0.02504275 0.01096722
v -0.01333362 -0.02369052 0.01365972
v -0.01333362 -0.02286276 0.01491828
v -0.01333362 -0.02194297 0.01631675
v -0.01333362 -0.02011378 0.01849670
v -0.01333362 -0.01989877 0.01875293
v -0.01333362 -0.01758557 0.02093532
v -0.01333362 -0.01678025 0.02153486
v -0.01333362 -0.01503465 0.02283441
v -0.01333362 -0.01300501 0.02400624
v -0.01333362 -0.01228051 0.02442452
v -0.01333362 -0.00936040 0.02568413
v -0.01333362 -0.00887966 0.02582806
v -0.01333362 -0.00631378 0.02659623
v -0.01333362 -0.00450045 0.02691597
v -0.01333362 -0.00318190 0.02714846
v -0.01136401 -0.00477201 -0.02857129
v -0.01136401 -0.00669493 -0.02823222
v -0.01204805 -0.00666711 -0.02811486
v -0.01136401 -0.01379052 -0.02548571
v -0.01136401 -0.01594283 -0.02424307
v -0.01204805 -0.01587655 -0.02414230
v -0.01136401 -0.02132890 -0.01964321
v -0.01136401 -0.02326864 -0.01733152
v -0.01204805 -0.02317190 -0.01725949
v -0.01136401 -0.02887563 0.00237709
v -0.01136401 -0.02856650 0.00502188
v -0.01204805 -0.02844771 0.00500093
v -0.01136401 -0.02655576 0.01163086
v -0.01136401 -0.02512181 0.01448608
v -0.01204805 -0.02501735 0.01442578
v -0.01136401 -0.02424402 0.01582069
v -0.01136401 -0.02326864 0.01730368
v -0.01204805 -0.02317190 0.01723166
v -0.01136401 -0.00941588 0.02738978
v -0.01136401 -0.00669493 0.02820438
v -0.01204805 -0.00666711 0.02808702
v -0.01309606 -0.00325767 -0.02782460
v -0.01309606 -0.01257345 -0.02503564
v -0.01309606 -0.02037353 -0.01922869
v -0.01309606 -0.02246652 -0.01673436
v -0.01309606 -0.02425578 -0.01401392
v -0.01309606 -0.02683078 -0.00804441
v -0.01309606 -0.02795970 0.00161413
v -0.01309606 -0.02571712 0.01107631
v -0.01309606 -0.02425578 0.01398608
v -0.01309606 -0.01800512 0.02143533
v -0.01309606 -0.00958363 0.02629747
v -0.01309606 -0.00325767 0.02779676
v -0.01309606 -0.00646431 0.02723134
v -0.01264958 -0.00331944 0.02832524
v -0.01264958 -0.00658702 0.02774908
v -0.01204805 -0.00335976 0.02867019
v -0.01309606 -0.01257345 0.02500779
v -0.01309606 -0.01539332 0.02337974
v -0.01264958 -0.01281225 0.02548329
v -0.01264958 -0.01568571 0.02382429
v -0.01204805 -0.01296812 0.02579364
v -0.01204805 -0.01587655 0.02411445
v -0.01264958 -0.01834715 0.02184293
v -0.01204805 -0.01857038 0.02210897
v -0.01309606 -0.02037353 0.01920085
v -0.01264958 -0.02076056 0.01956599
v -0.01204805 -0.02101317 0.01980431
v -0.01309606 -0.02683078 0.00801657
v -0.01309606 -0.02758169 0.00484823
v -0.01264958 -0.02734051 0.00816917
v -0.01264958 -0.02810569 0.00494063
v -0.01204805 -0.02767322 0.00826878
v -0.01309606 -0.02795970 -0.00164198
v -0.01309606 -0.02758169 -0.00487607
v -0.01264958 -0.02849089 -0.00167291
v -0.01264958 -0.02810569 -0.00496846
v -0.01204805 -0.02883759 -0.00169310
v -0.01204805 -0.02844771 -0.00502877
v -0.01264958 -0.02734051 -0.00819702
v -0.01204805 -0.02767322 -0.00829662
v -0.01309606 -0.02571712 -0.01110416
v -0.01264958 -0.02620569 -0.01131491
v -0.01204805 -0.02652459 -0.01145246
v -0.01264958 -0.02471658 -0.01427997
v -0.01264958 -0.02289332 -0.01705210
v -0.01204805 -0.02501735 -0.01445362
v -0.01309606 -0.01800512 -0.02146317
v -0.01309606 -0.01539332 -0.02340758
v -0.01264958 -0.01834715 -0.02187077
v -0.01264958 -0.01568571 -0.02385214
v -0.01204805 -0.01857038 -0.02213681
v -0.01309606 -0.00958363 -0.02632532
v -0.01309606 -0.00646431 -0.02725918
v -0.01264958 -0.00976562 -0.02682531
v -0.01264958 -0.00658702 -0.02777692
v -0.01204805 -0.00988440 -0.02715167
v -0.01136401 -0.00337376 0.02878999
v -0.01136401 -0.00477201 0.02854344
v -0.01136401 -0.00992566 0.02723717
v -0.01204805 -0.00988440 0.02712383
v -0.01264958 -0.00976562 0.02679747
v -0.01136401 -0.01302224 0.02590142
v -0.01136401 -0.02132890 0.01961537
v -0.01136401 -0.02110090 0.01988709
v -0.01136401 -0.01864791 0.02220137
v -0.01136401 -0.01779392 0.02283715
v -0.01136401 -0.01594283 0.02421523
v -0.01136401 -0.01379052 0.02545787
v -0.01264958 -0.02289332 0.01702426
v -0.01309606 -0.02246652 0.01670653
v -0.01264958 -0.02471658 0.01425213
v -0.01136401 -0.02663533 0.01147239
v -0.01204805 -0.02652459 0.01142462
v -0.01264958 -0.02620569 0.01128706
v -0.01136401 -0.02778877 0.00830337
v -0.01136401 -0.02807524 0.00709463
v -0.01136401 -0.02895801 0.00167228
v -0.01204805 -0.02883759 0.00166527
v -0.01264958 -0.02849089 0.00164508
v -0.01136401 -0.02895801 -0.00170012
v -0.01136401 -0.02655576 -0.01165870
v -0.01136401 -0.02663533 -0.01150024
v -0.01136401 -0.02778877 -0.00833121
v -0.01136401 -0.02807524 -0.00712247
v -0.01136401 -0.02856650 -0.00504972
v -0.01136401 -0.02887563 -0.00240494
v -0.01136401 -0.02512181 -0.01451392
v -0.01136401 -0.02424402 -0.01584853
v -0.01136401 -0.02110090 -0.01991493
v -0.01204805 -0.02101317 -0.01983216
v -0.01264958 -0.02076056 -0.01959383
v -0.01136401 -0.01864791 -0.02222921
v -0.01136401 -0.01779392 -0.02286499
v -0.01136401 -0.01302224 -0.02592927
v -0.01204805 -0.01296812 -0.02582148
v -0.01264958 -0.01281225 -0.02551113
v -0.01136401 -0.00992566 -0.02726501
v -0.01136401 -0.00941588 -0.02741763
v -0.01136401 -0.00337376 -0.02881783
v -0.01204805 -0.00335976 -0.02869803
v -0.01264958 -0.00331944 -0.02835309
v 0.01140040 -0.00337376 0.02878999
v 0.01140040 -0.00477201 0.02854344
v 0.01140040 -0.00669493 0.02820438
v 0.01140040 -0.00941588 0.02738978
v 0.01140040 -0.00992566 0.02723717
v 0.01140040 -0.01302224 0.02590142
v 0.01140040 -0.01379052 0.02545787
v 0.01140040 -0.01594283 0.02421523
v 0.01140040 -0.01779392 0.02283715
v 0.01140040 -0.01864791 0.02220137
v 0.01140040 -0.02110090 0.01988709
v 0.01140040 -0.02132890 0.01961537
v 0.01140040 -0.02326864 0.01730368
v 0.01140040 -0.02424402 0.01582069
v 0.01140040 -0.02512181 0.01448608
v 0.01140040 -0.02655576 0.01163086
v 0.01140040 -0.02663533 0.01147239
v 0.01140040 -0.02778877 0.00830337
v 0.01140040 -0.02807524 0.00709463
v 0.01140040 -0.02856650 0.00502188
v 0.01140040 -0.02887563 0.00237709
v 0.01140040 -0.02895801 0.00167228
v 0.01140040 -0.02895801 -0.00170012
v 0.01140040 -0.02887563 -0.00240494
v 0.01140040 -0.02856650 -0.00504972
v 0.01140040 -0.02807524 -0.00712247
v 0.01140040 -0.02778877 -0.00833121
v 0.01140040 -0.02663533 -0.01150024
v 0.01140040 -0.02655576 -0.01165870
v 0.01140040 -0.02512181 -0.01451392
v 0.01140040 -0.02424402 -0.01584853
v 0.01140040 -0.02326864 -0.01733152
v 0.01140040 -0.02132890 -0.01964321
v 0.01140040 -0.02110090 -0.01991493
v 0.01140040 -0.01864791 -0.02222921
v 0.01140040 -0.01779392 -0.02286499
v 0.01140040 -0.01594283 -0.02424307
v 0.01140040 -0.01379052 -0.02548571
v 0.01140040 -0.01302224 -0.02592927
v 0.01140040 -0.00992566 -0.02726501
v 0.01140040 -0.00941588 -0.02741763
v 0.01140040 -0.00669493 -0.02823222
v 0.01140040 -0.00477201 -0.02857129
v 0.01140040 -0.00337376 -0.02881783
v 0.01337002 -0.00450045 -0.02694381
v 0.01337002 -0.00631378 -0.02662407
v 0.01313245 -0.00646431 -0.02725918
v 0.01337002 -0.01300501 -0.02403408
v 0.01337002 -0.01503465 -0.02286226
v 0.01313245 -0.01539332 -0.02340758
v 0.01337002 -0.02011378 -0.01852454
v 0.01337002 -0.02194297 -0.01634460
v 0.01313245 -0.02246652 -0.01673436
v 0.01337002 -0.02723041 0.00224083
v 0.01337002 -0.02693890 0.00473489
v 0.01313245 -0.02758169 0.00484823
v 0.01337002 -0.02504275 0.01096722
v 0.01337002 -0.02369052 0.01365972
v 0.01313245 -0.02425578 0.01398608
v 0.01337002 -0.02286276 0.01491828
v 0.01337002 -0.02194297 0.01631675
v 0.01313245 -0.02246652 0.01670653
v 0.01337002 -0.00887966 0.02582806
v 0.01337002 -0.00631378 0.02659623
v 0.01313245 -0.00646431 0.02723134
v 0.01208444 -0.00335976 -0.02869803
v 0.01208444 -0.01296812 -0.02582148
v 0.01208444 -0.02101317 -0.01983216
v 0.01208444 -0.02317190 -0.01725949
v 0.01208444 -0.02501735 -0.01445362
v 0.01208444 -0.02767322 -0.00829662
v 0.01208444 -0.02883759 0.00166527
v 0.01208444 -0.02652459 0.01142462
v 0.01208444 -0.02501735 0.01442578
v 0.01208444 -0.01857038 0.02210897
v 0.01208444 -0.00988440 0.02712383
v 0.01208444 -0.00335976 0.02867019
v 0.01208444 -0.00666711 0.02808702
v 0.01268597 -0.00331944 0.02832524
v 0.01268597 -0.00658702 0.02774908
v 0.01313245 -0.00325767 0.02779676
v 0.01208444 -0.01296812 0.02579364
v 0.01208444 -0.01587655 0.02411445
v 0.01268597 -0.01281225 0.02548329
v 0.01268597 -0.01568571 0.02382429
v 0.01313245 -0.01257345 0.02500779
v 0.01313245 -0.01539332 0.02337974
v 0.01268597 -0.01834715 0.02184293
v 0.01313245 -0.01800512 0.02143533
v 0.01208444 -0.02101317 0.01980431
v 0.01268597 -0.02076056 0.01956599
v 0.01313245 -0.02037353 0.01920085
v 0.01208444 -0.02767322 0.00826878
v 0.01208444 -0.02844771 0.00500093
v 0.01268597 -0.02734051 0.00816917
v 0.01268597 -0.02810569 0.00494063
v 0.01313245 -0.02683078 0.00801657
v 0.01208444 -0.02883759 -0.00169310
v 0.01208444 -0.02844771 -0.00502877
v 0.01268597 -0.02849089 -0.00167291
v 0.01268597 -0.02810569 -0.00496846
v 0.01313245 -0.02795970 -0.00164198
v 0.01313245 -0.02758169 -0.00487607
v 0.01268597 -0.02734051 -0.00819702
v 0.01313245 -0.02683078 -0.00804441
v 0.01208444 -0.02652459 -0.01145246
v 0.01268597 -0.02620569 -0.01131491
v 0.01313245 -0.02571712 -0.01110416
v 0.01268597 -0.02471658 -0.01427997
v 0.01268597 -0.02289332 -0.01705210
v 0.01313245 -0.02425578 -0.01401392
v 0.01208444 -0.01857038 -0.02213681
v 0.01208444 -0.01587655 -0.02414230
v 0.01268597 -0.01834715 -0.02187077
v 0.01268597 -0.01568571 -0.02385214
v 0.01313245 -0.01800512 -0.02146317
v 0.01208444 -0.00988440 -0.02715167
v 0.01208444 -0.00666711 -0.02811486
v 0.01268597 -0.00976562 -0.02682531
v 0.01268597 -0.00658702 -0.02777692
v 0.01313245 -0.00958363 -0.02632532
v 0.01337002 -0.00318190 0.02714846
v 0.01337002 -0.00450045 0.02691597
v 0.01337002 -0.00936040 0.02568413
v 0.01313245 -0.00958363 0.02629747
v 0.01268597 -0.00976562 0.02679747
v 0.01337002 -0.01228051 0.02442452
v 0.01337002 -0.02011378 0.01849670
v 0.01337002 -0.01989877 0.01875293
v 0.01337002 -0.01758557 0.02093532
v 0.01337002 -0.01678025 0.02153486
v 0.01337002 -0.01503465 0.02283441
v 0.01337002 -0.01300501 0.02400624
v 0.01268597 -0.02289332 0.01702426
v 0.01208444 -0.02317190 0.01723166
v 0.01268597 -0.02471658 0.01425213
v 0.01337002 -0.02511780 0.01081779
v 0.01313245 -0.02571712 0.01107631
v 0.01268597 -0.02620569 0.01128706
v 0.01337002 -0.02620549 0.00782937
v 0.01337002 -0.02647565 0.00668951
v 0.01337002 -0.02730810 0.00157618
v 0.01313245 -0.02795970 0.00161413
v 0.01268597 -0.02849089 0.00164508
v 0.01337002 -0.02730810 -0.00160402
v 0.01337002 -0.02504275 -0.01099506
v 0.01337002 -0.02511780 -0.01084563
v 0.01337002 -0.02620549 -0.00785721
v 0.01337002 -0.02647565 -0.00671735
v 0.01337002 -0.02693890 -0.00476273
v 0.01337002 -0.02723041 -0.00226867
v 0.01337002 -0.02369052 -0.01368757
v 0.01337002 -0.02286276 -0.01494612
v 0.01337002 -0.01989877 -0.01878078
v 0.01313245 -0.02037353 -0.01922869
v 0.01268597 -0.02076056 -0.01959383
v 0.01337002 -0.01758557 -0.02096317
v 0.01337002 -0.01678025 -0.02156271
v 0.01337002 -0.01228051 -0.02445236
v 0.01313245 -0.01257345 -0.02503564
v 0.01268597 -0.01281225 -0.02551113
v 0.01337002 -0.00936040 -0.02571197
v 0.01337002 -0.00887966 -0.02585590
v 0.01337002 -0.00318190 -0.02717630
v 0.01313245 -0.00325767 -0.02782460
v 0.01268597 -0.00331944 -0.02835309
v 0.01498781 -0.00150773 0.01809634
v 0.01498781 -0.00299814 0.01791056
v 0.01498781 -0.00446810 0.01760233
v 0.01498781 -0.00590761 0.01717377
v 0.01498781 -0.00730681 0.01662780
v 0.01498781 -0.00865614 0.01596816
v 0.01498781 -0.00994638 0.01519933
v 0.01498781 -0.01116874 0.01432659
v 0.01498781 -0.01231485 0.01335589
v 0.01498781 -0.01337688 0.01229386
v 0.01498781 -0.01434758 0.01114774
v 0.01498781 -0.01522032 0.00992540
v 0.01498781 -0.01598915 0.00863515
v 0.01498781 -0.01664879 0.00728581
v 0.01498781 -0.01719476 0.00588662
v 0.01498781 -0.01762332 0.00444712
v 0.01498781 -0.01793155 0.00297714
v 0.01498781 -0.01811732 0.00148674
v 0.01498781 -0.01817939 -0.00001392
v 0.01498781 -0.01811732 -0.00151458
v 0.01498781 -0.01793155 -0.00300499
v 0.01498781 -0.01762332 -0.00447496
v 0.01498781 -0.01719476 -0.00591446
v 0.01498781 -0.01664879 -0.00731366
v 0.01498781 -0.01598915 -0.00866299
v 0.01498781 -0.01522032 -0.00995324
v 0.01498781 -0.01434758 -0.01117559
v 0.01498781 -0.01337688 -0.01232170
v 0.01498781 -0.01231485 -0.01338373
v 0.01498781 -0.01116874 -0.01435443
v 0.01498781 -0.00994638 -0.01522718
v 0.01498781 -0.00865614 -0.01599600
v 0.01498781 -0.00730681 -0.01665565
v 0.01498781 -0.00590761 -0.01720161
v 0.01498781 -0.00446810 -0.01763017
v 0.01498781 -0.00299814 -0.01793839
v 0.01498781 -0.00150773 -0.01812417
v 0.01501820 -0.00147904 0.01775022
v 0.01501820 -0.00294097 0.01756800
v 0.01501820 -0.00438286 0.01726566
v 0.01501820 -0.00579484 0.01684529
v 0.01501820 -0.00716730 0.01630976
v 0.01501820 -0.00849084 0.01566272
v 0.01501820 -0.00975643 0.01490859
v 0.01501820 -0.01095543 0.01405253
v 0.01501820 -0.01207963 0.01310038
v 0.01501820 -0.01312137 0.01205865
v 0.01501820 -0.01407351 0.01093443
v 0.01501820 -0.01492958 0.00973544
v 0.01501820 -0.01568371 0.00846986
v 0.01501820 -0.01633075 0.00714631
v 0.01501820 -0.01686628 0.00577386
v 0.01501820 -0.01728665 0.00436186
v 0.01501820 -0.01758898 0.00291998
v 0.01501820 -0.01777120 0.00145806
v 0.01501820 -0.01783209 -0.00001392
v 0.01501820 -0.01777120 -0.00148590
v 0.01501820 -0.01758898 -0.00294783
v 0.01501820 -0.01728665 -0.00438970
v 0.01501820 -0.01686628 -0.00580170
v 0.01501820 -0.01633075 -0.00717415
v 0.01501820 -0.01568371 -0.00849769
v 0.01501820 -0.01492958 -0.00976329
v 0.01501820 -0.01407351 -0.01096228
v 0.01501820 -0.01312137 -0.01208648
v 0.01501820 -0.01207963 -0.01312822
v 0.01501820 -0.01095543 -0.01408037
v 0.01501820 -0.00975643 -0.01493643
v 0.01501820 -0.00849084 -0.01569056
v 0.01501820 -0.00716730 -0.01633760
v 0.01501820 -0.00579484 -0.01687313
v 0.01501820 -0.00438286 -0.01729351
v 0.01501820 -0.00294097 -0.01759584
v 0.01501820 -0.00147904 -0.01777806
v 0.01501820 0.00619293 -0.00001392
v 0.01471820 0.00649294 -0.00001392
v 0.01471820 0.00630406 0.00154163
v 0.01501820 0.00601277 0.00146984
v 0.01471820 0.00574840 0.00300678
v 0.01501820 0.00548275 0.00286737
v 0.01471820 0.00485825 0.00429638
v 0.01501820 0.00463370 0.00409744
v 0.01471820 0.00368535 0.00533548
v 0.01501820 0.00351493 0.00508858
v 0.01471820 0.00229786 0.00606368
v 0.01501820 0.00219149 0.00578318
v 0.01471820 0.00077642 0.00643869
v 0.01501820 0.00074026 0.00614088
v 0.01471820 -0.00079056 0.00643869
v 0.01501820 -0.00075439 0.00614088
v 0.01471820 -0.00231200 0.00606368
v 0.01501820 -0.00220562 0.00578318
v 0.01471820 -0.00369949 0.00533548
v 0.01501820 -0.00352907 0.00508858
v 0.01471820 -0.00487239 0.00429638
v 0.01501820 -0.00464784 0.00409744
v 0.01471820 -0.00576253 0.00300678
v 0.01501820 -0.00549690 0.00286737
v 0.01471820 -0.00631819 0.00154163
v 0.01501820 -0.00602691 0.00146984
v 0.01471820 -0.00650707 -0.00001392
v 0.01501820 -0.00620707 -0.00001392
v 0.01501820 0.00355940 -0.00117274
v 0.01501820 0.00374293 -0.00001392
v 0.01431820 0.00304293 -0.00001392
v 0.01431820 0.00289365 -0.00095642
v 0.01431820 0.00284580 -0.00105036
v 0.01501820 0.00302675 -0.00221812
v 0.01431820 0.00246044 -0.00180667
v 0.01431820 0.00231102 -0.00195608
v 0.01501820 0.00219713 -0.00304773
v 0.01431820 0.00178567 -0.00248142
v 0.01431820 0.00150278 -0.00262557
v 0.01501820 0.00115175 -0.00358038
v 0.01431820 0.00093543 -0.00291465
v 0.01431820 0.00051676 -0.00298096
v 0.01501820 -0.00000707 -0.00376392
v 0.01431820 -0.00000707 -0.00306392
v 0.01431820 -0.00053089 -0.00298096
v 0.01501820 -0.00116588 -0.00358038
v 0.01431820 -0.00094957 -0.00291465
v 0.01431820 -0.00151692 -0.00262557
v 0.01501820 -0.00221126 -0.00304773
v 0.01431820 -0.00179982 -0.00248142
v 0.01431820 -0.00232516 -0.00195608
v 0.01501820 -0.00304088 -0.00221812
v 0.01431820 -0.00305707 -0.00001392
v 0.01501820 -0.00375707 -0.00001392
v 0.01431820 -0.00290779 -0.00095642
v 0.01501820 -0.00357353 -0.00117274
v 0.01431820 -0.00285993 -0.00105036
v 0.01431820 -0.00247457 -0.00180667
v -0.01428180 0.00304293 -0.00001392
v -0.01428180 0.00289365 -0.00095642
v -0.01428180 0.00284580 -0.00105036
v -0.01428180 0.00246044 -0.00180667
v -0.01428180 0.00231102 -0.00195608
v -0.01428180 0.00178567 -0.00248142
v -0.01428180 0.00150278 -0.00262557
v -0.01428180 0.00093543 -0.00291465
v -0.01428180 0.00051676 -0.00298096
v -0.01428180 -0.00000707 -0.00306392
v -0.01428180 -0.00053089 -0.00298096
v -0.01428180 -0.00094957 -0.00291465
v -0.01428180 -0.00151692 -0.00262557
v -0.01428180 -0.00179982 -0.00248142
v -0.01428180 -0.00232516 -0.00195608
v -0.01428180 -0.00247457 -0.00180667
v -0.01428180 -0.00285993 -0.00105036
v -0.01428180 -0.00290779 -0.00095642
v -0.01428180 -0.00305707 -0.00001392
v -0.01498180 -0.00357353 -0.00117274
v -0.01498180 -0.00375707 -0.00001392
v -0.01498180 -0.00304088 -0.00221812
v -0.01498180 -0.00221126 -0.00304773
v -0.01498180 -0.00116588 -0.00358038
v -0.01498180 -0.00000707 -0.00376392
v -0.01498180 0.00115175 -0.00358038
v -0.01498180 0.00219713 -0.00304773
v -0.01498180 0.00302675 -0.00221812
v -0.01498180 0.00374293 -0.00001392
v -0.01498180 0.00355940 -0.00117274
v -0.01498180 -0.00620707 -0.00001392
v -0.01468180 -0.00650707 -0.00001392
v -0.01468180 -0.00631819 0.00154163
v -0.01498180 -0.00602691 0.00146984
v -0.01468180 -0.00576253 0.00300678
v -0.01498180 -0.00549690 0.00286737
v -0.01468180 -0.00487239 0.00429638
v -0.01498180 -0.00464784 0.00409744
v -0.01468180 -0.00369949 0.00533548
v -0.01498180 -0.00352907 0.00508858
v -0.01468180 -0.00231200 0.00606368
v -0.01498180 -0.00220562 0.00578318
v -0.01468180 -0.00079056 0.00643869
v -0.01498180 -0.00075439 0.00614088
v -0.01468180 0.00077642 0.00643869
v -0.01498180 0.00074026 0.00614088
v -0.01468180 0.00229786 0.00606368
v -0.01498180 0.00219149 0.00578318
v -0.01468180 0.00368535 0.00533548
v -0.01498180 0.00351493 0.00508858
v -0.01468180 0.00485825 0.00429638
v -0.01498180 0.00463370 0.00409744
v -0.01468180 0.00574840 0.00300678
v -0.01498180 0.00548275 0.00286737
v -0.01468180 0.00630406 0.00154163
v -0.01498180 0.00601277 0.00146984
v -0.01468180 0.00649294 -0.00001392
v -0.01498180 0.00619293 -0.00001392
v -0.01398180 0.00649294 -0.00001392
v -0.01398180 0.00630406 0.00154163
v -0.01398180 0.00574840 0.00300678
v -0.01398180 0.00485825 0.00429638
v -0.01398180 0.00368535 0.00533548
v -0.01398180 0.00229786 0.00606368
v -0.01398180 0.00077642 0.00643869
v -0.01398180 -0.00079056 0.00643869
v -0.01398180 -0.00231200 0.00606368
v -0.01398180 -0.00369949 0.00533548
v -0.01398180 -0.00487239 0.00429638
v -0.01398180 -0.00576253 0.00300678
v -0.01398180 -0.00631819 0.00154163
v -0.01398180 -0.00650707 -0.00001392
v -0.01348180 0.01099293 -0.00001392
v -0.01373180 0.01092595 -0.00001392
v -0.01373180 0.01087931 0.00099485
v -0.01391482 0.01074293 -0.00001392
v -0.01391482 0.01069708 0.00097796
v -0.01398180 0.01049293 -0.00001392
v -0.01398180 0.01044814 0.00095490
v -0.01398180 0.01031415 0.00191545
v -0.01391482 0.01055990 0.00196139
v -0.01398180 0.01009210 0.00285954
v -0.01391482 0.01033256 0.00292796
v -0.01398180 0.00978389 0.00377912
v -0.01391482 0.01001701 0.00386943
v -0.01398180 0.00939214 0.00466634
v -0.01391482 0.00961593 0.00477777
v -0.01398180 0.00892021 0.00551362
v -0.01391482 0.00913276 0.00564522
v -0.01398180 0.00837211 0.00631374
v -0.01391482 0.00857162 0.00646440
v -0.01398180 0.00775252 0.00705989
v -0.01391482 0.00793728 0.00722831
v -0.01398180 0.00706674 0.00774567
v -0.01391482 0.00723516 0.00793043
v -0.01398180 0.00632060 0.00836526
v -0.01391482 0.00647126 0.00856476
v -0.01398180 0.00552047 0.00891336
v -0.01391482 0.00565208 0.00912592
v -0.01398180 0.00467318 0.00938529
v -0.01391482 0.00478462 0.00960909
v -0.01398180 0.00378597 0.00977703
v -0.01391482 0.00387627 0.01001016
v -0.01398180 0.00286640 0.01008525
v -0.01391482 0.00293481 0.01032570
v -0.01398180 0.00192230 0.01030730
v -0.01391482 0.00196824 0.01055304
v -0.01398180 0.00096175 0.01044129
v -0.01391482 0.00098482 0.01069022
v -0.01398180 -0.00000707 0.01048608
v -0.01391482 -0.00000707 0.01073608
v -0.01398180 -0.00097589 0.01044129
v -0.01391482 -0.00099895 0.01069022
v -0.01398180 -0.00193643 0.01030730
v -0.01391482 -0.00198237 0.01055304
v -0.01398180 -0.00288053 0.01008525
v -0.01391482 -0.00294895 0.01032570
v -0.01398180 -0.00380011 0.00977703
v -0.01391482 -0.00389042 0.01001016
v -0.01398180 -0.00468732 0.00938529
v -0.01391482 -0.00479875 0.00960909
v -0.01398180 -0.00553461 0.00891336
v -0.01391482 -0.00566621 0.00912592
v -0.01398180 -0.00633473 0.00836526
v -0.01391482 -0.00648539 0.00856476
v -0.01398180 -0.00708087 0.00774567
v -0.01391482 -0.00724930 0.00793043
v -0.01398180 -0.00776667 0.00705989
v -0.01391482 -0.00795142 0.00722831
v -0.01398180 -0.00838625 0.00631374
v -0.01391482 -0.00858575 0.00646440
v -0.01398180 -0.00893435 0.00551362
v -0.01391482 -0.00914690 0.00564522
v -0.01398180 -0.00940628 0.00466634
v -0.01391482 -0.00963008 0.00477777
v -0.01398180 -0.00979803 0.00377912
v -0.01391482 -0.01003114 0.00386943
v -0.01398180 -0.01010623 0.00285954
v -0.01391482 -0.01034669 0.00292796
v -0.01398180 -0.01032828 0.00191545
v -0.01391482 -0.01057403 0.00196139
v -0.01398180 -0.01046228 0.00095490
v -0.01391482 -0.01071121 0.00097796
v -0.01398180 -0.01050707 -0.00001392
v -0.01391482 -0.01075707 -0.00001392
v -0.01373180 0.01073979 0.00199502
v -0.01373180 0.01050858 0.00297804
v -0.01373180 0.01018766 0.00393554
v -0.01373180 0.00977976 0.00485934
v -0.01373180 0.00928836 0.00574157
v -0.01373180 0.00871766 0.00657469
v -0.01373180 0.00807253 0.00735160
v -0.01373180 0.00735845 0.00806568
v -0.01373180 0.00658154 0.00871082
v -0.01373180 0.00574842 0.00928151
v -0.01373180 0.00486620 0.00977291
v -0.01373180 0.00394239 0.01018081
v -0.01373180 0.00298489 0.01050173
v -0.01373180 0.00200187 0.01073293
v -0.01373180 0.00100170 0.01087245
v -0.01373180 -0.00000707 0.01091909
v -0.01373180 -0.00101584 0.01087245
v -0.01373180 -0.00201600 0.01073293
v -0.01373180 -0.00299903 0.01050173
v -0.01373180 -0.00395653 0.01018081
v -0.01373180 -0.00488033 0.00977291
v -0.01373180 -0.00576255 0.00928151
v -0.01373180 -0.00659568 0.00871082
v -0.01373180 -0.00737259 0.00806568
v -0.01373180 -0.00808666 0.00735160
v -0.01373180 -0.00873180 0.00657469
v -0.01373180 -0.00930251 0.00574157
v -0.01373180 -0.00979390 0.00485934
v -0.01373180 -0.01020180 0.00393554
v -0.01373180 -0.01052272 0.00297804
v -0.01373180 -0.01075392 0.00199502
v -0.01373180 -0.01089344 0.00099485
v -0.01373180 -0.01094008 -0.00001392
v -0.01348180 0.01094601 0.00100103
v -0.01348180 0.01080564 0.00200733
v -0.01348180 0.01057302 0.00299637
v -0.01348180 0.01025013 0.00395974
v -0.01348180 0.00983973 0.00488920
v -0.01348180 0.00934532 0.00577683
v -0.01348180 0.00877112 0.00661506
v -0.01348180 0.00812202 0.00739673
v -0.01348180 0.00740358 0.00811518
v -0.01348180 0.00662191 0.00876427
v -0.01348180 0.00578369 0.00933847
v -0.01348180 0.00489605 0.00983287
v -0.01348180 0.00396659 0.01024327
v -0.01348180 0.00300323 0.01056617
v -0.01348180 0.00201418 0.01079878
v -0.01348180 0.00100789 0.01093916
v -0.01348180 -0.00000707 0.01098608
v -0.01348180 -0.00102202 0.01093916
v -0.01348180 -0.00202831 0.01079878
v -0.01348180 -0.00301736 0.01056617
v -0.01348180 -0.00398073 0.01024327
v -0.01348180 -0.00491019 0.00983287
v -0.01348180 -0.00579782 0.00933847
v -0.01348180 -0.00663605 0.00876427
v -0.01348180 -0.00741772 0.00811518
v -0.01348180 -0.00813617 0.00739673
v -0.01348180 -0.00878525 0.00661506
v -0.01348180 -0.00935946 0.00577683
v -0.01348180 -0.00985386 0.00488920
v -0.01348180 -0.01026426 0.00395974
v -0.01348180 -0.01058715 0.00299637
v -0.01348180 -0.01081977 0.00200733
v -0.01348180 -0.01096015 0.00100103
v -0.01348180 -0.01100707 -0.00001392
v 0.01351820 0.01099293 -0.00001392
v 0.01351820 0.01094601 0.00100103
v 0.01351820 0.01080564 0.00200733
v 0.01351820 0.01057302 0.00299637
v 0.01351820 0.01025013 0.00395974
v 0.01351820 0.00983973 0.00488920
v 0.01351820 0.00934532 0.00577683
v 0.01351820 0.00877112 0.00661506
v 0.01351820 0.00812202 0.00739673
v 0.01351820 0.00740358 0.00811518
v 0.01351820 0.00662191 0.00876427
v 0.01351820 0.00578369 0.00933847
v 0.01351820 0.00489605 0.00983287
v 0.01351820 0.00396659 0.01024327
v 0.01351820 0.00300323 0.01056617
v 0.01351820 0.00201418 0.01079878
v 0.01351820 0.00100789 0.01093916
v 0.01351820 -0.00000707 0.01098608
v 0.01351820 -0.00102202 0.01093916
v 0.01351820 -0.00202831 0.01079878
v 0.01351820 -0.00301736 0.01056617
v 0.01351820 -0.00398073 0.01024327
v 0.01351820 -0.00491019 0.00983287
v 0.01351820 -0.00579782 0.00933847
v 0.01351820 -0.00663605 0.00876427
v 0.01351820 -0.00741772 0.00811518
v 0.01351820 -0.00813617 0.00739673
v 0.01351820 -0.00878525 0.00661506
v 0.01351820 -0.00935946 0.00577683
v 0.01351820 -0.00985386 0.00488920
v 0.01351820 -0.01026426 0.00395974
v 0.01351820 -0.01058715 0.00299637
v 0.01351820 -0.01081977 0.00200733
v 0.01351820 -0.01096015 0.00100103
v 0.01351820 -0.01100707 -0.00001392
v 0.01401820 0.01049293 -0.00001392
v 0.01395121 0.01074293 -0.00001392
v 0.01395121 0.01069708 0.00097796
v 0.01376820 0.01092595 -0.00001392
v 0.01376820 0.01087931 0.00099485
v 0.01376820 0.01073979 0.00199502
v 0.01376820 0.01050858 0.00297804
v 0.01376820 0.01018766 0.00393554
v 0.01376820 0.00977976 0.00485934
v 0.01376820 0.00928836 0.00574157
v 0.01376820 0.00871766 0.00657469
v 0.01376820 0.00807253 0.00735160
v 0.01376820 0.00735845 0.00806568
v 0.01376820 0.00658154 0.00871082
v 0.01376820 0.00574842 0.00928151
v 0.01376820 0.00486620 0.00977291
v 0.01376820 0.00394239 0.01018081
v 0.01376820 0.00298489 0.01050173
v 0.01376820 0.00200187 0.01073293
v 0.01376820 0.00100170 0.01087245
v 0.01376820 -0.00000707 0.01091909
v 0.01376820 -0.00101584 0.01087245
v 0.01376820 -0.00201600 0.01073293
v 0.01376820 -0.00299903 0.01050173
v 0.01376820 -0.00395653 0.01018081
v 0.01376820 -0.00488033 0.00977291
v 0.01376820 -0.00576255 0.00928151
v 0.01376820 -0.00659568 0.00871082
v 0.01376820 -0.00737259 0.00806568
v 0.01376820 -0.00808666 0.00735160
v 0.01376820 -0.00873180 0.00657469
v 0.01376820 -0.00930251 0.00574157
v 0.01376820 -0.00979390 0.00485934
v 0.01376820 -0.01020180 0.00393554
v 0.01376820 -0.01052272 0.00297804
v 0.01376820 -0.01075392 0.00199502
v 0.01376820 -0.01089344 0.00099485
v 0.01376820 -0.01094008 -0.00001392
v 0.01395121 0.01055990 0.00196139
v 0.01395121 0.01033256 0.00292796
v 0.01395121 0.01001701 0.00386943
v 0.01395121 0.00961593 0.00477777
v 0.01395121 0.00913276 0.00564522
v 0.01395121 0.00857162 0.00646440
v 0.01395121 0.00793728 0.00722831
v 0.01395121 0.00723516 0.00793043
v 0.01395121 0.00647126 0.00856476
v 0.01395121 0.00565208 0.00912592
v 0.01395121 0.00478462 0.00960909
v 0.01395121 0.00387627 0.01001016
v 0.01395121 0.00293481 0.01032570
v 0.01395121 0.00196824 0.01055304
v 0.01395121 0.00098482 0.01069022
v 0.01395121 -0.00000707 0.01073608
v 0.01395121 -0.00099895 0.01069022
v 0.01395121 -0.00198237 0.01055304
v 0.01395121 -0.00294895 0.01032570
v 0.01395121 -0.00389042 0.01001016
v 0.01395121 -0.00479875 0.00960909
v 0.01395121 -0.00566621 0.00912592
v 0.01395121 -0.00648539 0.00856476
v 0.01395121 -0.00724930 0.00793043
v 0.01395121 -0.00795142 0.00722831
v 0.01395121 -0.00858575 0.00646440
v 0.01395121 -0.00914690 0.00564522
v 0.01395121 -0.00963008 0.00477777
v 0.01395121 -0.01003114 0.00386943
v 0.01395121 -0.01034669 0.00292796
v 0.01395121 -0.01057403 0.00196139
v 0.01395121 -0.01071121 0.00097796
v 0.01395121 -0.01075707 -0.00001392
v 0.01401820 0.01044814 0.00095490
v 0.01401820 0.01031415 0.00191545
v 0.01401820 0.01009210 0.00285954
v 0.01401820 0.00978389 0.00377912
v 0.01401820 0.00939214 0.00466634
v 0.01401820 0.00892021 0.00551362
v 0.01401820 0.00837211 0.00631374
v 0.01401820 0.00775252 0.00705989
v 0.01401820 0.00706674 0.00774567
v 0.01401820 0.00632060 0.00836526
v 0.01401820 0.00552047 0.00891336
v 0.01401820 0.00467318 0.00938529
v 0.01401820 0.00378597 0.00977703
v 0.01401820 0.00286640 0.01008525
v 0.01401820 0.00192230 0.01030730
v 0.01401820 0.00096175 0.01044129
v 0.01401820 -0.00000707 0.01048608
v 0.01401820 -0.00097589 0.01044129
v 0.01401820 -0.00193643 0.01030730
v 0.01401820 -0.00288053 0.01008525
v 0.01401820 -0.00380011 0.00977703
v 0.01401820 -0.00468732 0.00938529
v 0.01401820 -0.00553461 0.00891336
v 0.01401820 -0.00633473 0.00836526
v 0.01401820 -0.00708087 0.00774567
v 0.01401820 -0.00776667 0.00705989
v 0.01401820 -0.00838625 0.00631374
v 0.01401820 -0.00893435 0.00551362
v 0.01401820 -0.00940628 0.00466634
v 0.01401820 -0.00979803 0.00377912
v 0.01401820 -0.01010623 0.00285954
v 0.01401820 -0.01032828 0.00191545
v 0.01401820 -0.01046228 0.00095490
v 0.01401820 -0.01050707 -0.00001392
v 0.01401820 0.00649294 -0.00001392
v 0.01401820 0.00630406 0.00154163
v 0.01401820 0.00574840 0.00300678
v 0.01401820 0.00485825 0.00429638
v 0.01401820 0.00368535 0.00533548
v 0.01401820 0.00229786 0.00606368
v 0.01401820 0.00077642 0.00643869
v 0.01401820 -0.00079056 0.00643869
v 0.01401820 -0.00231200 0.00606368
v 0.01401820 -0.00369949 0.00533548
v 0.01401820 -0.00487239 0.00429638
v 0.01401820 -0.00576253 0.00300678
v 0.01401820 -0.00631819 0.00154163
v 0.01401820 -0.00650707 -0.00001392
v 0.01401820 -0.00631819 -0.00156947
v 0.01471820 -0.00631819 -0.00156947
v 0.01401820 -0.00576253 -0.00303462
v 0.01471820 -0.00576253 -0.00303462
v 0.01401820 -0.00487239 -0.00432422
v 0.01471820 -0.00487239 -0.00432422
v 0.01401820 -0.00369949 -0.00536332
v 0.01471820 -0.00369949 -0.00536332
v 0.01401820 -0.00231200 -0.00609153
v 0.01471820 -0.00231200 -0.00609153
v 0.01401820 -0.00079056 -0.00646653
v 0.01471820 -0.00079056 -0.00646653
v 0.01401820 0.00077642 -0.00646653
v 0.01471820 0.00077642 -0.00646653
v 0.01401820 0.00229786 -0.00609153
v 0.01471820 0.00229786 -0.00609153
v 0.01401820 0.00368535 -0.00536332
v 0.01471820 0.00368535 -0.00536332
v 0.01401820 0.00485825 -0.00432422
v 0.01471820 0.00485825 -0.00432422
v 0.01401820 0.00574840 -0.00303462
v 0.01471820 0.00574840 -0.00303462
v 0.01401820 0.00630406 -0.00156947
v 0.01471820 0.00630406 -0.00156947
v 0.01401820 -0.01032828 -0.00194329
v 0.01401820 -0.01010623 -0.00288738
v 0.01401820 -0.00979803 -0.00380696
v 0.01401820 -0.00776667 -0.00708773
v 0.01401820 -0.00708087 -0.00777351
v 0.01401820 0.01044814 -0.00098274
v 0.01401820 0.01031415 -0.00194329
v 0.01401820 0.00978389 -0.00380696
v 0.01401820 0.01009210 -0.00288738
v 0.01401820 0.00192230 -0.01033514
v 0.01401820 0.00286640 -0.01011309
v 0.01401820 -0.00000707 -0.01051392
v 0.01401820 0.00096175 -0.01046913
v 0.01401820 -0.01046228 -0.00098274
v 0.01401820 0.00775252 -0.00708773
v 0.01401820 0.00837211 -0.00634158
v 0.01401820 0.00892021 -0.00554146
v 0.01401820 0.00939214 -0.00469417
v 0.01401820 0.00706674 -0.00777351
v 0.01401820 0.00632060 -0.00839310
v 0.01401820 -0.00380011 -0.00980488
v 0.01401820 -0.00288053 -0.01011309
v 0.01401820 -0.00193643 -0.01033514
v 0.01401820 -0.00097589 -0.01046913
v 0.01401820 -0.00940628 -0.00469417
v 0.01401820 -0.00893435 -0.00554146
v 0.01401820 -0.00838625 -0.00634158
v 0.01401820 -0.00633473 -0.00839310
v 0.01401820 -0.00553461 -0.00894120
v 0.01401820 -0.00468732 -0.00941314
v 0.01401820 0.00378597 -0.00980488
v 0.01401820 0.00467318 -0.00941314
v 0.01401820 0.00552047 -0.00894120
v 0.01395121 -0.01071121 -0.00100580
v 0.01376820 -0.01089344 -0.00102269
v 0.01351820 -0.01096015 -0.00102887
v 0.01351820 -0.01081977 -0.00203517
v 0.01376820 -0.01075392 -0.00202286
v 0.01351820 -0.01058715 -0.00302421
v 0.01376820 -0.01052272 -0.00300588
v 0.01351820 -0.01026426 -0.00398758
v 0.01376820 -0.01020180 -0.00396338
v 0.01351820 -0.00985386 -0.00491704
v 0.01376820 -0.00979390 -0.00488718
v 0.01351820 -0.00935946 -0.00580467
v 0.01376820 -0.00930251 -0.00576941
v 0.01351820 -0.00878525 -0.00664290
v 0.01376820 -0.00873180 -0.00660253
v 0.01351820 -0.00813617 -0.00742457
v 0.01376820 -0.00808666 -0.00737944
v 0.01351820 -0.00741772 -0.00814302
v 0.01376820 -0.00737259 -0.00809351
v 0.01351820 -0.00663605 -0.00879211
v 0.01376820 -0.00659568 -0.00873865
v 0.01351820 -0.00579782 -0.00936631
v 0.01376820 -0.00576255 -0.00930936
v 0.01351820 -0.00491019 -0.00986072
v 0.01376820 -0.00488033 -0.00980075
v 0.01351820 -0.00398073 -0.01027112
v 0.01376820 -0.00395653 -0.01020865
v 0.01351820 -0.00301736 -0.01059400
v 0.01376820 -0.00299903 -0.01052957
v 0.01351820 -0.00202831 -0.01082662
v 0.01376820 -0.00201600 -0.01076078
v 0.01351820 -0.00102202 -0.01096700
v 0.01376820 -0.00101584 -0.01090030
v 0.01351820 -0.00000707 -0.01101392
v 0.01376820 -0.00000707 -0.01094693
v 0.01351820 0.00100789 -0.01096700
v 0.01376820 0.00100170 -0.01090030
v 0.01351820 0.00201418 -0.01082662
v 0.01376820 0.00200187 -0.01076078
v 0.01351820 0.00300323 -0.01059400
v 0.01376820 0.00298489 -0.01052957
v 0.01351820 0.00396659 -0.01027112
v 0.01376820 0.00394239 -0.01020865
v 0.01351820 0.00489605 -0.00986072
v 0.01376820 0.00486620 -0.00980075
v 0.01351820 0.00578369 -0.00936631
v 0.01376820 0.00574842 -0.00930936
v 0.01351820 0.00662191 -0.00879211
v 0.01376820 0.00658154 -0.00873865
v 0.01351820 0.00740358 -0.00814302
v 0.01376820 0.00735845 -0.00809351
v 0.01351820 0.00812202 -0.00742457
v 0.01376820 0.00807253 -0.00737944
v 0.01351820 0.00877112 -0.00664290
v 0.01376820 0.00871766 -0.00660253
v 0.01351820 0.00934532 -0.00580467
v 0.01376820 0.00928836 -0.00576941
v 0.01351820 0.00983973 -0.00491704
v 0.01376820 0.00977976 -0.00488718
v 0.01351820 0.01025013 -0.00398758
v 0.01376820 0.01018766 -0.00396338
v 0.01351820 0.01057302 -0.00302421
v 0.01376820 0.01050858 -0.00300588
v 0.01351820 0.01080564 -0.00203517
v 0.01376820 0.01073979 -0.00202286
v 0.01351820 0.01094601 -0.00102887
v 0.01376820 0.01087931 -0.00102269
v 0.01395121 -0.01057403 -0.00198923
v 0.01395121 -0.01034669 -0.00295580
v 0.01395121 -0.01003114 -0.00389727
v 0.01395121 -0.00963008 -0.00480561
v 0.01395121 -0.00914690 -0.00567307
v 0.01395121 -0.00858575 -0.00649224
v 0.01395121 -0.00795142 -0.00725615
v 0.01395121 -0.00724930 -0.00795827
v 0.01395121 -0.00648539 -0.00859260
v 0.01395121 -0.00566621 -0.00915375
v 0.01395121 -0.00479875 -0.00963693
v 0.01395121 -0.00389042 -0.01003800
v 0.01395121 -0.00294895 -0.01035355
v 0.01395121 -0.00198237 -0.01058088
v 0.01395121 -0.00099895 -0.01071807
v 0.01395121 -0.00000707 -0.01076392
v 0.01395121 0.00098482 -0.01071807
v 0.01395121 0.00196824 -0.01058088
v 0.01395121 0.00293481 -0.01035355
v 0.01395121 0.00387627 -0.01003800
v 0.01395121 0.00478462 -0.00963693
v 0.01395121 0.00565208 -0.00915375
v 0.01395121 0.00647126 -0.00859260
v 0.01395121 0.00723516 -0.00795827
v 0.01395121 0.00793728 -0.00725615
v 0.01395121 0.00857162 -0.00649224
v 0.01395121 0.00913276 -0.00567307
v 0.01395121 0.00961593 -0.00480561
v 0.01395121 0.01001701 -0.00389727
v 0.01395121 0.01033256 -0.00295580
v 0.01395121 0.01055990 -0.00198923
v 0.01395121 0.01069708 -0.00100580
v -0.01348180 -0.01096015 -0.00102887
v -0.01348180 -0.01081977 -0.00203517
v -0.01348180 -0.01058715 -0.00302421
v -0.01348180 -0.01026426 -0.00398758
v -0.01348180 -0.00985386 -0.00491704
v -0.01348180 -0.00935946 -0.00580467
v -0.01348180 -0.00878525 -0.00664290
v -0.01348180 -0.00813617 -0.00742457
v -0.01348180 -0.00741772 -0.00814302
v -0.01348180 -0.00663605 -0.00879211
v -0.01348180 -0.00579782 -0.00936631
v -0.01348180 -0.00491019 -0.00986072
v -0.01348180 -0.00398073 -0.01027112
v -0.01348180 -0.00301736 -0.01059400
v -0.01348180 -0.00202831 -0.01082662
v -0.01348180 -0.00102202 -0.01096700
v -0.01348180 -0.00000707 -0.01101392
v -0.01348180 0.00100789 -0.01096700
v -0.01348180 0.00201418 -0.01082662
v -0.01348180 0.00300323 -0.01059400
v -0.01348180 0.00396659 -0.01027112
v -0.01348180 0.00489605 -0.00986072
v -0.01348180 0.00578369 -0.00936631
v -0.01348180 0.00662191 -0.00879211
v -0.01348180 0.00740358 -0.00814302
v -0.01348180 0.00812202 -0.00742457
v -0.01348180 0.00877112 -0.00664290
v -0.01348180 0.00934532 -0.00580467
v -0.01348180 0.00983973 -0.00491704
v -0.01348180 0.01025013 -0.00398758
v -0.01348180 0.01057302 -0.00302421
v -0.01348180 0.01080564 -0.00203517
v -0.01348180 0.01094601 -0.00102887
v -0.01373180 -0.01089344 -0.00102269
v -0.01391482 -0.01071121 -0.00100580
v -0.01398180 -0.01046228 -0.00098274
v -0.01398180 -0.01032828 -0.00194329
v -0.01391482 -0.01057403 -0.00198923
v -0.01398180 -0.01010623 -0.00288738
v -0.01391482 -0.01034669 -0.00295580
v -0.01398180 -0.00979803 -0.00380696
v -0.01391482 -0.01003114 -0.00389727
v -0.01398180 -0.00940628 -0.00469417
v -0.01391482 -0.00963008 -0.00480561
v -0.01398180 -0.00893435 -0.00554146
v -0.01391482 -0.00914690 -0.00567307
v -0.01398180 -0.00838625 -0.00634158
v -0.01391482 -0.00858575 -0.00649224
v -0.01398180 -0.00776667 -0.00708773
v -0.01391482 -0.00795142 -0.00725615
v -0.01398180 -0.00708087 -0.00777351
v -0.01391482 -0.00724930 -0.00795827
v -0.01398180 -0.00633473 -0.00839310
v -0.01391482 -0.00648539 -0.00859260
v -0.01398180 -0.00553461 -0.00894120
v -0.01391482 -0.00566621 -0.00915375
v -0.01398180 -0.00468732 -0.00941314
v -0.01391482 -0.00479875 -0.00963693
v -0.01398180 -0.00380011 -0.00980488
v -0.01391482 -0.00389042 -0.01003800
v -0.01398180 -0.00288053 -0.01011309
v -0.01391482 -0.00294895 -0.01035355
v -0.01398180 -0.00193643 -0.01033514
v -0.01391482 -0.00198237 -0.01058088
v -0.01398180 -0.00097589 -0.01046913
v -0.01391482 -0.00099895 -0.01071807
v -0.01398180 -0.00000707 -0.01051392
v -0.01391482 -0.00000707 -0.01076392
v -0.01398180 0.00096175 -0.01046913
v -0.01391482 0.00098482 -0.01071807
v -0.01398180 0.00192230 -0.01033514
v -0.01391482 0.00196824 -0.01058088
v -0.01398180 0.00286640 -0.01011309
v -0.01391482 0.00293481 -0.01035355
v -0.01398180 0.00378597 -0.00980488
v -0.01391482 0.00387627 -0.01003800
v -0.01398180 0.00467318 -0.00941314
v -0.01391482 0.00478462 -0.00963693
v -0.01398180 0.00552047 -0.00894120
v -0.01391482 0.00565208 -0.00915375
v -0.01398180 0.00632060 -0.00839310
v -0.01391482 0.00647126 -0.00859260
v -0.01398180 0.00706674 -0.00777351
v -0.01391482 0.00723516 -0.00795827
v -0.01398180 0.00775252 -0.00708773
v -0.01391482 0.00793728 -0.00725615
v -0.01398180 0.00837211 -0.00634158
v -0.01391482 0.00857162 -0.00649224
v -0.01398180 0.00892021 -0.00554146
v -0.01391482 0.00913276 -0.00567307
v -0.01398180 0.00939214 -0.00469417
v -0.01391482 0.00961593 -0.00480561
v -0.01398180 0.00978389 -0.00380696
v -0.01391482 0.01001701 -0.00389727
v -0.01398180 0.01009210 -0.00288738
v -0.01391482 0.01033256 -0.00295580
v -0.01398180 0.01031415 -0.00194329
v -0.01391482 0.01055990 -0.00198923
v -0.01398180 0.01044814 -0.00098274
v -0.01391482 0.01069708 -0.00100580
v -0.01373180 -0.01075392 -0.00202286
v -0.01373180 -0.01052272 -0.00300588
v -0.01373180 -0.01020180 -0.00396338
v -0.01373180 -0.00979390 -0.00488718
v -0.01373180 -0.00930251 -0.00576941
v -0.01373180 -0.00873180 -0.00660253
v -0.01373180 -0.00808666 -0.00737944
v -0.01373180 -0.00737259 -0.00809351
v -0.01373180 -0.00659568 -0.00873865
v -0.01373180 -0.00576255 -0.00930936
v -0.01373180 -0.00488033 -0.00980075
v -0.01373180 -0.00395653 -0.01020865
v -0.01373180 -0.00299903 -0.01052957
v -0.01373180 -0.00201600 -0.01076078
v -0.01373180 -0.00101584 -0.01090030
v -0.01373180 -0.00000707 -0.01094693
v -0.01373180 0.00100170 -0.01090030
v -0.01373180 0.00200187 -0.01076078
v -0.01373180 0.00298489 -0.01052957
v -0.01373180 0.00394239 -0.01020865
v -0.01373180 0.00486620 -0.00980075
v -0.01373180 0.00574842 -0.00930936
v -0.01373180 0.00658154 -0.00873865
v -0.01373180 0.00735845 -0.00809351
v -0.01373180 0.00807253 -0.00737944
v -0.01373180 0.00871766 -0.00660253
v -0.01373180 0.00928836 -0.00576941
v -0.01373180 0.00977976 -0.00488718
v -0.01373180 0.01018766 -0.00396338
v -0.01373180 0.01050858 -0.00300588
v -0.01373180 0.01073979 -0.00202286
v -0.01373180 0.01087931 -0.00102269
v -0.01398180 -0.00631819 -0.00156947
v -0.01398180 -0.00576253 -0.00303462
v -0.01398180 -0.00487239 -0.00432422
v -0.01398180 -0.00369949 -0.00536332
v -0.01398180 0.00630406 -0.00156947
v -0.01398180 0.00574840 -0.00303462
v -0.01398180 0.00077642 -0.00646653
v -0.01398180 -0.00079056 -0.00646653
v -0.01398180 -0.00231200 -0.00609153
v -0.01398180 0.00368535 -0.00536332
v -0.01398180 0.00229786 -0.00609153
v -0.01398180 0.00485825 -0.00432422
v -0.01468180 -0.00631819 -0.00156947
v -0.01468180 -0.00576253 -0.00303462
v -0.01468180 -0.00487239 -0.00432422
v -0.01468180 -0.00369949 -0.00536332
v -0.01468180 -0.00231200 -0.00609153
v -0.01468180 -0.00079056 -0.00646653
v -0.01468180 0.00077642 -0.00646653
v -0.01468180 0.00229786 -0.00609153
v -0.01468180 0.00368535 -0.00536332
v -0.01468180 0.00485825 -0.00432422
v -0.01468180 0.00574840 -0.00303462
v -0.01468180 0.00630406 -0.00156947
v -0.01498180 0.00601277 -0.00149768
v -0.01498180 0.00548275 -0.00289520
v -0.01498180 0.00463370 -0.00412528
v -0.01498180 0.00351493 -0.00511642
v -0.01498180 0.00219149 -0.00581102
v -0.01498180 0.00074026 -0.00616872
v -0.01498180 -0.00075439 -0.00616872
v -0.01498180 -0.00220562 -0.00581102
v -0.01498180 -0.00352907 -0.00511642
v -0.01498180 -0.00464784 -0.00412528
v -0.01498180 -0.00549690 -0.00289520
v -0.01498180 -0.00602691 -0.00149768
v -0.01498180 -0.00116588 0.00355254
v -0.01498180 -0.00000707 0.00373608
v -0.01498180 0.00115175 0.00355254
v -0.01498180 0.00219713 0.00301989
v -0.01498180 0.00302675 0.00219028
v -0.01498180 -0.00357353 0.00114490
v -0.01498180 -0.00304088 0.00219028
v -0.01498180 -0.00221126 0.00301989
v -0.01498180 0.00355940 0.00114490
v -0.01428180 0.00289365 0.00092858
v -0.01428180 0.00284580 0.00102251
v -0.01428180 0.00246044 0.00177882
v -0.01428180 0.00231102 0.00192824
v -0.01428180 0.00178567 0.00245358
v -0.01428180 0.00150278 0.00259772
v -0.01428180 0.00093543 0.00288680
v -0.01428180 0.00051676 0.00295311
v -0.01428180 -0.00000707 0.00303608
v -0.01428180 -0.00053089 0.00295311
v -0.01428180 -0.00094957 0.00288680
v -0.01428180 -0.00151692 0.00259772
v -0.01428180 -0.00179982 0.00245358
v -0.01428180 -0.00232516 0.00192824
v -0.01428180 -0.00290779 0.00092858
v -0.01428180 -0.00285993 0.00102251
v -0.01428180 -0.00247457 0.00177882
v 0.01431820 -0.00290779 0.00092858
v 0.01431820 -0.00285993 0.00102251
v 0.01431820 -0.00247457 0.00177882
v 0.01431820 -0.00232516 0.00192824
v 0.01431820 -0.00179982 0.00245358
v 0.01431820 -0.00151692 0.00259772
v 0.01431820 -0.00094957 0.00288680
v 0.01431820 -0.00053089 0.00295311
v 0.01431820 -0.00000707 0.00303608
v 0.01431820 0.00051676 0.00295311
v 0.01431820 0.00093543 0.00288680
v 0.01431820 0.00150278 0.00259772
v 0.01431820 0.00178567 0.00245358
v 0.01431820 0.00231102 0.00192824
v 0.01431820 0.00246044 0.00177882
v 0.01431820 0.00284580 0.00102251
v 0.01431820 0.00289365 0.00092858
v 0.01501820 -0.00357353 0.00114490
v 0.01501820 -0.00304088 0.00219028
v 0.01501820 -0.00221126 0.00301989
v 0.01501820 -0.00116588 0.00355254
v 0.01501820 -0.00000707 0.00373608
v 0.01501820 0.00115175 0.00355254
v 0.01501820 0.00219713 0.00301989
v 0.01501820 0.00302675 0.00219028
v 0.01501820 0.00355940 0.00114490
v 0.01501820 -0.00549690 -0.00289520
v 0.01501820 -0.00464784 -0.00412528
v 0.01501820 -0.00352907 -0.00511642
v 0.01501820 -0.00220562 -0.00581102
v 0.01501820 0.00548275 -0.00289520
v 0.01501820 0.00601277 -0.00149768
v 0.01501820 -0.00075439 -0.00616872
v 0.01501820 0.00074026 -0.00616872
v 0.01501820 0.00219149 -0.00581102
v 0.01501820 0.00351493 -0.00511642
v 0.01501820 0.00463370 -0.00412528
v 0.01501820 -0.00602691 -0.00149768
v 0.00514320 0.04924293 -0.00001392
v 0.00314320 0.04924293 -0.00001392
v 0.00314320 0.04857123 0.00809237
v 0.00514320 0.04857123 0.00809237
v 0.00314320 0.04657443 0.01597752
v 0.00514320 0.04657443 0.01597752
v 0.00314320 0.04330701 0.02342649
v 0.00514320 0.04330701 0.02342649
v 0.00314320 0.03885810 0.03023606
v 0.00514320 0.03885810 0.03023606
v 0.00314320 0.03334905 0.03622048
v 0.00514320 0.03334905 0.03622048
v 0.00314320 0.02693013 0.04121653
v 0.00514320 0.02693013 0.04121653
v 0.00314320 0.01977643 0.04508792
v 0.00514320 0.01977643 0.04508792
v 0.00314320 0.01208309 0.04772905
v 0.00514320 0.01208309 0.04772905
v 0.00314320 0.00405996 0.04906787
v 0.00514320 0.00405996 0.04906787
v 0.00314320 -0.00407410 0.04906787
v 0.00514320 -0.00407410 0.04906787
v 0.00314320 -0.01209723 0.04772905
v 0.00514320 -0.01209723 0.04772905
v 0.00314320 -0.01979057 0.04508792
v 0.00514320 -0.01979057 0.04508792
v 0.00314320 -0.02694426 0.04121653
v 0.00514320 -0.02694426 0.04121653
v 0.00314320 -0.03336319 0.03622048
v 0.00514320 -0.03336319 0.03622048
v 0.00314320 -0.03887225 0.03023606
v 0.00514320 -0.03887225 0.03023606
v 0.00314320 -0.04332115 0.02342649
v 0.00514320 -0.04332115 0.02342649
v 0.00314320 -0.04658857 0.01597752
v 0.00514320 -0.04658857 0.01597752
v 0.00314320 -0.04858537 0.00809237
v 0.00514320 -0.04858537 0.00809237
v 0.00314320 -0.04925707 -0.00001392
v 0.00514320 -0.04925707 -0.00001392
v 0.00314320 0.04994409 -0.00001392
v -0.00310680 0.04994409 -0.00001392
v -0.00310680 0.04960634 0.00578506
v 0.00314320 0.04960634 0.00578506
v -0.00310680 0.04859765 0.01150561
v 0.00314320 0.04859765 0.01150561
v -0.00310680 0.04693167 0.01707038
v 0.00314320 0.04693167 0.01707038
v -0.00310680 0.04463092 0.02240413
v 0.00314320 0.04463092 0.02240413
v -0.00310680 0.04172651 0.02743469
v 0.00314320 0.04172651 0.02743469
v -0.00310680 0.03825774 0.03209407
v 0.00314320 0.03825774 0.03209407
v -0.00310680 0.03427150 0.03631924
v 0.00314320 0.03427150 0.03631924
v -0.00310680 0.02982170 0.04005307
v 0.00314320 0.02982170 0.04005307
v -0.00310680 0.02496851 0.04324505
v 0.00314320 0.02496851 0.04324505
v -0.00310680 0.01977757 0.04585204
v 0.00314320 0.01977757 0.04585204
v -0.00310680 0.01431908 0.04783877
v 0.00314320 0.01431908 0.04783877
v -0.00310680 0.00866686 0.04917837
v 0.00314320 0.00866686 0.04917837
v -0.00310680 0.00289733 0.04985274
v 0.00314320 0.00289733 0.04985274
v -0.00310680 -0.00291147 0.04985274
v 0.00314320 -0.00291147 0.04985274
v -0.00310680 -0.00868100 0.04917837
v 0.00314320 -0.00868100 0.04917837
v -0.00310680 -0.01433322 0.04783877
v 0.00314320 -0.01433322 0.04783877
v -0.00310680 -0.01979171 0.04585204
v 0.00314320 -0.01979171 0.04585204
v -0.00310680 -0.02498265 0.04324505
v 0.00314320 -0.02498265 0.04324505
v -0.00310680 -0.02983584 0.04005307
v 0.00314320 -0.02983584 0.04005307
v -0.00310680 -0.03428564 0.03631924
v 0.00314320 -0.03428564 0.03631924
v -0.00310680 -0.03827188 0.03209407
v 0.00314320 -0.03827188 0.03209407
v -0.00310680 -0.04174066 0.02743469
v 0.00314320 -0.04174066 0.02743469
v -0.00310680 -0.04464506 0.02240413
v 0.00314320 -0.04464506 0.02240413
v -0.00310680 -0.04694581 0.01707038
v 0.00314320 -0.04694581 0.01707038
v -0.00310680 -0.04861179 0.01150561
v 0.00314320 -0.04861179 0.01150561
v -0.00310680 -0.04962048 0.00578506
v 0.00314320 -0.04962048 0.00578506
v -0.00310680 -0.04995823 -0.00001392
v 0.00314320 -0.04995823 -0.00001392
v 0.00783070 0.04968729 -0.00001392
v 0.00514320 0.04986152 -0.00001392
v 0.00514320 0.04952433 0.00577547
v 0.00783070 0.04935127 0.00575525
v 0.00514320 0.04851730 0.01148657
v 0.00783070 0.04834777 0.01144639
v 0.00514320 0.04685407 0.01704214
v 0.00783070 0.04669035 0.01698256
v 0.00514320 0.04455713 0.02236706
v 0.00783070 0.04440143 0.02228887
v 0.00514320 0.04165753 0.02738932
v 0.00783070 0.04151196 0.02729358
v 0.00514320 0.03819449 0.03204099
v 0.00783070 0.03806102 0.03192899
v 0.00514320 0.03421484 0.03625917
v 0.00783070 0.03409527 0.03613244
v 0.00514320 0.02977239 0.03998683
v 0.00783070 0.02966834 0.03984708
v 0.00514320 0.02492723 0.04317354
v 0.00783070 0.02484011 0.04302265
v 0.00514320 0.01974487 0.04577622
v 0.00783070 0.01967586 0.04561624
v 0.00514320 0.01429540 0.04775967
v 0.00783070 0.01424543 0.04759275
v 0.00514320 0.00865252 0.04909705
v 0.00783070 0.00862227 0.04892547
v 0.00514320 0.00289253 0.04977029
v 0.00783070 0.00288240 0.04959636
v 0.00514320 -0.00290666 0.04977029
v 0.00783070 -0.00289654 0.04959636
v 0.00514320 -0.00866666 0.04909705
v 0.00783070 -0.00863640 0.04892547
v 0.00514320 -0.01430954 0.04775967
v 0.00783070 -0.01425957 0.04759275
v 0.00514320 -0.01975901 0.04577622
v 0.00783070 -0.01969000 0.04561624
v 0.00514320 -0.02494136 0.04317354
v 0.00783070 -0.02485425 0.04302265
v 0.00514320 -0.02978652 0.03998683
v 0.00783070 -0.02968248 0.03984708
v 0.00514320 -0.03422897 0.03625917
v 0.00783070 -0.03410941 0.03613244
v 0.00514320 -0.03820862 0.03204099
v 0.00783070 -0.03807516 0.03192899
v 0.00514320 -0.04167167 0.02738932
v 0.00783070 -0.04152611 0.02729358
v 0.00514320 -0.04457127 0.02236706
v 0.00783070 -0.04441557 0.02228887
v 0.00514320 -0.04686822 0.01704214
v 0.00783070 -0.04670449 0.01698256
v 0.00514320 -0.04853145 0.01148657
v 0.00783070 -0.04836191 0.01144639
v 0.00514320 -0.04953847 0.00577547
v 0.00783070 -0.04936541 0.00575525
v 0.00514320 -0.04987566 -0.00001392
v 0.00783070 -0.04970143 -0.00001392
v -0.00310680 0.04924293 -0.00001392
v -0.00510680 0.04924293 -0.00001392
v -0.00510680 0.04857123 0.00809237
v -0.00310680 0.04857123 0.00809237
v -0.00510680 0.04657443 0.01597752
v -0.00310680 0.04657443 0.01597752
v -0.00510680 0.04330701 0.02342649
v -0.00310680 0.04330701 0.02342649
v -0.00510680 0.03885810 0.03023606
v -0.00310680 0.03885810 0.03023606
v -0.00510680 0.03334905 0.03622048
v -0.00310680 0.03334905 0.03622048
v -0.00510680 0.02693013 0.04121653
v -0.00310680 0.02693013 0.04121653
v -0.00510680 0.01977643 0.04508792
v -0.00310680 0.01977643 0.04508792
v -0.00510680 0.01208309 0.04772905
v -0.00310680 0.01208309 0.04772905
v -0.00510680 0.00405996 0.04906787
v -0.00310680 0.00405996 0.04906787
v -0.00510680 -0.00407410 0.04906787
v -0.00310680 -0.00407410 0.04906787
v -0.00510680 -0.01209723 0.04772905
v -0.00310680 -0.01209723 0.04772905
v -0.00510680 -0.01979057 0.04508792
v -0.00310680 -0.01979057 0.04508792
v -0.00510680 -0.02694426 0.04121653
v -0.00310680 -0.02694426 0.04121653
v -0.00510680 -0.03336319 0.03622048
v -0.00310680 -0.03336319 0.03622048
v -0.00510680 -0.03887225 0.03023606
v -0.00310680 -0.03887225 0.03023606
v -0.00510680 -0.04332115 0.02342649
v -0.00310680 -0.04332115 0.02342649
v -0.00510680 -0.04658857 0.01597752
v -0.00310680 -0.04658857 0.01597752
v -0.00510680 -0.04858537 0.00809237
v -0.00310680 -0.04858537 0.00809237
v -0.00510680 -0.04925707 -0.00001392
v -0.00310680 -0.04925707 -0.00001392
v 0.00983070 0.04924293 -0.00001392
v 0.00783070 0.04924293 -0.00001392
v 0.00783070 0.04857123 0.00809237
v 0.00983070 0.04857123 0.00809237
v 0.00783070 0.04657443 0.01597752
v 0.00983070 0.04657443 0.01597752
v 0.00783070 0.04330701 0.02342649
v 0.00983070 0.04330701 0.02342649
v 0.00783070 0.03885810 0.03023606
v 0.00983070 0.03885810 0.03023606
v 0.00783070 0.03334905 0.03622048
v 0.00983070 0.03334905 0.03622048
v 0.00783070 0.02693013 0.04121653
v 0.00983070 0.02693013 0.04121653
v 0.00783070 0.01977643 0.04508792
v 0.00983070 0.01977643 0.04508792
v 0.00783070 0.01208309 0.04772905
v 0.00983070 0.01208309 0.04772905
v 0.00783070 0.00405996 0.04906787
v 0.00983070 0.00405996 0.04906787
v 0.00783070 -0.00407410 0.04906787
v 0.00983070 -0.00407410 0.04906787
v 0.00783070 -0.01209723 0.04772905
v 0.00983070 -0.01209723 0.04772905
v 0.00783070 -0.01979057 0.04508792
v 0.00983070 -0.01979057 0.04508792
v 0.00783070 -0.02694426 0.04121653
v 0.00983070 -0.02694426 0.04121653
v 0.00783070 -0.03336319 0.03622048
v 0.00983070 -0.03336319 0.03622048
v 0.00783070 -0.03887225 0.03023606
v 0.00983070 -0.03887225 0.03023606
v 0.00783070 -0.04332115 0.02342649
v 0.00983070 -0.04332115 0.02342649
v 0.00783070 -0.04658857 0.01597752
v 0.00983070 -0.04658857 0.01597752
v 0.00783070 -0.04858537 0.00809237
v 0.00983070 -0.04858537 0.00809237
v 0.00783070 -0.04925707 -0.00001392
v 0.00983070 -0.04925707 -0.00001392
v -0.00510680 0.04986152 -0.00001392
v -0.00779430 0.04968729 -0.00001392
v -0.00779430 0.04935127 0.00575525
v -0.00510680 0.04952433 0.00577547
v -0.00779430 0.04834777 0.01144639
v -0.00510680 0.04851730 0.01148657
v -0.00779430 0.04669035 0.01698256
v -0.00510680 0.04685407 0.01704214
v -0.00779430 0.04440143 0.02228887
v -0.00510680 0.04455713 0.02236706
v -0.00779430 0.04151196 0.02729358
v -0.00510680 0.04165753 0.02738932
v -0.00779430 0.03806102 0.03192899
v -0.00510680 0.03819449 0.03204099
v -0.00779430 0.03409527 0.03613244
v -0.00510680 0.03421484 0.03625917
v -0.00779430 0.02966834 0.03984708
v -0.00510680 0.02977239 0.03998683
v -0.00779430 0.02484011 0.04302265
v -0.00510680 0.02492723 0.04317354
v -0.00779430 0.01967586 0.04561624
v -0.00510680 0.01974487 0.04577622
v -0.00779430 0.01424543 0.04759275
v -0.00510680 0.01429540 0.04775967
v -0.00779430 0.00862227 0.04892547
v -0.00510680 0.00865252 0.04909705
v -0.00779430 0.00288240 0.04959636
v -0.00510680 0.00289253 0.04977029
v -0.00779430 -0.00289654 0.04959636
v -0.00510680 -0.00290666 0.04977029
v -0.00779430 -0.00863640 0.04892547
v -0.00510680 -0.00866666 0.04909705
v -0.00779430 -0.01425957 0.04759275
v -0.00510680 -0.01430954 0.04775967
v -0.00779430 -0.01969000 0.04561624
v -0.00510680 -0.01975901 0.04577622
v -0.00779430 -0.02485425 0.04302265
v -0.00510680 -0.02494136 0.04317354
v -0.00779430 -0.02968248 0.03984708
v -0.00510680 -0.02978652 0.03998683
v -0.00779430 -0.03410941 0.03613244
v -0.00510680 -0.03422897 0.03625917
v -0.00779430 -0.03807516 0.03192899
v -0.00510680 -0.03820862 0.03204099
v -0.00779430 -0.04152611 0.02729358
v -0.00510680 -0.04167167 0.02738932
v -0.00779430 -0.04441557 0.02228887
v -0.00510680 -0.04457127 0.02236706
v -0.00779430 -0.04670449 0.01698256
v -0.00510680 -0.04686822 0.01704214
v -0.00779430 -0.04836191 0.01144639
v -0.00510680 -0.04853145 0.01148657
v -0.00779430 -0.04936541 0.00575525
v -0.00510680 -0.04953847 0.00577547
v -0.00779430 -0.04970143 -0.00001392
v -0.00510680 -0.04987566 -0.00001392
v -0.00779430 0.04924293 -0.00001392
v -0.00979430 0.04924293 -0.00001392
v -0.00979430 0.04857123 0.00809237
v -0.00779430 0.04857123 0.00809237
v -0.00979430 0.04657443 0.01597752
v -0.00779430 0.04657443 0.01597752
v -0.00979430 0.04330701 0.02342649
v -0.00779430 0.04330701 0.02342649
v -0.00979430 0.03885810 0.03023606
v -0.00779430 0.03885810 0.03023606
v -0.00979430 0.03334905 0.03622048
v -0.00779430 0.03334905 0.03622048
v -0.00979430 0.02693013 0.04121653
v -0.00779430 0.02693013 0.04121653
v -0.00979430 0.01977643 0.04508792
v -0.00779430 0.01977643 0.04508792
v -0.00979430 0.01208309 0.04772905
v -0.00779430 0.01208309 0.04772905
v -0.00979430 0.00405996 0.04906787
v -0.00779430 0.00405996 0.04906787
v -0.00979430 -0.00407410 0.04906787
v -0.00779430 -0.00407410 0.04906787
v -0.00979430 -0.01209723 0.04772905
v -0.00779430 -0.01209723 0.04772905
v -0.00979430 -0.01979057 0.04508792
v -0.00779430 -0.01979057 0.04508792
v -0.00979430 -0.02694426 0.04121653
v -0.00779430 -0.02694426 0.04121653
v -0.00979430 -0.03336319 0.03622048
v -0.00779430 -0.03336319 0.03622048
v -0.00979430 -0.03887225 0.03023606
v -0.00779430 -0.03887225 0.03023606
v -0.00979430 -0.04332115 0.02342649
v -0.00779430 -0.04332115 0.02342649
v -0.00979430 -0.04658857 0.01597752
v -0.00779430 -0.04658857 0.01597752
v -0.00979430 -0.04858537 0.00809237
v -0.00779430 -0.04858537 0.00809237
v -0.00979430 -0.04925707 -0.00001392
v -0.00779430 -0.04925707 -0.00001392
v 0.01001820 0.04049293 -0.00001392
v 0.01126820 0.04082787 -0.00001392
v 0.01126820 0.04050587 0.00510406
v 0.01218326 0.04174293 -0.00001392
v 0.01218326 0.04141373 0.00521874
v 0.01251820 0.04299293 -0.00001392
v 0.01251820 0.04265387 0.00537541
v 0.01251820 0.04164201 0.01067974
v 0.01218326 0.04043128 0.01036888
v 0.01251820 0.03997331 0.01581543
v 0.01218326 0.03881110 0.01535528
v 0.01251820 0.03767412 0.02070149
v 0.01218326 0.03657874 0.02009929
v 0.01251820 0.03478066 0.02526084
v 0.01218326 0.03376939 0.02452611
v 0.01251820 0.03133858 0.02942161
v 0.01218326 0.03042737 0.02856592
v 0.01251820 0.02740217 0.03311815
v 0.01218326 0.02660538 0.03215500
v 0.01251820 0.02303348 0.03629218
v 0.01218326 0.02236370 0.03523678
v 0.01251820 0.01830144 0.03889364
v 0.01218326 0.01776922 0.03776260
v 0.01251820 0.01328066 0.04088151
v 0.01218326 0.01289439 0.03969269
v 0.01251820 0.00805033 0.04222444
v 0.01218326 0.00781610 0.04099657
v 0.01251820 0.00269292 0.04290123
v 0.01218326 0.00261444 0.04165370
v 0.01251820 -0.00270707 0.04290123
v 0.01218326 -0.00262857 0.04165370
v 0.01251820 -0.00806446 0.04222444
v 0.01218326 -0.00783024 0.04099657
v 0.01251820 -0.01329480 0.04088151
v 0.01218326 -0.01290853 0.03969269
v 0.01251820 -0.01831557 0.03889364
v 0.01218326 -0.01778335 0.03776260
v 0.01251820 -0.02304762 0.03629218
v 0.01218326 -0.02237783 0.03523678
v 0.01251820 -0.02741630 0.03311815
v 0.01218326 -0.02661952 0.03215500
v 0.01251820 -0.03135272 0.02942161
v 0.01218326 -0.03044151 0.02856592
v 0.01251820 -0.03479480 0.02526084
v 0.01218326 -0.03378353 0.02452611
v 0.01251820 -0.03768826 0.02070149
v 0.01218326 -0.03659287 0.02009929
v 0.01251820 -0.03998746 0.01581543
v 0.01218326 -0.03882524 0.01535528
v 0.01251820 -0.04165615 0.01067974
v 0.01218326 -0.04044542 0.01036888
v 0.01251820 -0.04266800 0.00537541
v 0.01218326 -0.04142786 0.00521874
v 0.01251820 -0.04300707 -0.00001392
v 0.01218326 -0.04175707 -0.00001392
v 0.01126820 0.03954497 0.01014131
v 0.01126820 0.03796029 0.01501842
v 0.01126820 0.03577686 0.01965847
v 0.01126820 0.03302909 0.02398825
v 0.01126820 0.02976032 0.02793952
v 0.01126820 0.02602210 0.03144994
v 0.01126820 0.02187339 0.03446415
v 0.01126820 0.01737960 0.03693464
v 0.01126820 0.01261162 0.03882241
v 0.01126820 0.00764464 0.04009772
v 0.01126820 0.00255698 0.04074044
v 0.01126820 -0.00257111 0.04074044
v 0.01126820 -0.00765877 0.04009772
v 0.01126820 -0.01262576 0.03882241
v 0.01126820 -0.01739374 0.03693464
v 0.01126820 -0.02188752 0.03446415
v 0.01126820 -0.02603623 0.03144994
v 0.01126820 -0.02977446 0.02793952
v 0.01126820 -0.03304323 0.02398825
v 0.01126820 -0.03579100 0.01965847
v 0.01126820 -0.03797444 0.01501842
v 0.01126820 -0.03955911 0.01014131
v 0.01126820 -0.04052002 0.00510406
v 0.01126820 -0.04084201 -0.00001392
v 0.01001820 0.04017357 0.00506208
v 0.01001820 0.03922055 0.01005802
v 0.01001820 0.03764888 0.01489512
v 0.01001820 0.03548335 0.01949710
v 0.01001820 0.03275812 0.02379139
v 0.01001820 0.02951617 0.02771024
v 0.01001820 0.02580861 0.03119187
v 0.01001820 0.02169391 0.03418136
v 0.01001820 0.01723699 0.03663158
v 0.01001820 0.01250812 0.03850387
v 0.01001820 0.00758188 0.03976872
v 0.01001820 0.00253595 0.04040616
v 0.01001820 -0.00255009 0.04040616
v 0.01001820 -0.00759601 0.03976872
v 0.01001820 -0.01252226 0.03850387
v 0.01001820 -0.01725113 0.03663158
v 0.01001820 -0.02170806 0.03418136
v 0.01001820 -0.02582274 0.03119187
v 0.01001820 -0.02953029 0.02771024
v 0.01001820 -0.03277226 0.02379139
v 0.01001820 -0.03549749 0.01949710
v 0.01001820 -0.03766302 0.01489512
v 0.01001820 -0.03923469 0.01005802
v 0.01001820 -0.04018772 0.00506208
v 0.01001820 -0.04050707 -0.00001392
v -0.01248180 0.04299293 -0.00001392
v -0.01214687 0.04174293 -0.00001392
v -0.01214687 0.04141373 0.00521874
v -0.01123180 0.04082787 -0.00001392
v -0.01123180 0.04050587 0.00510406
v -0.00998180 0.04049293 -0.00001392
v -0.00998180 0.04017357 0.00506208
v -0.00998180 0.03922055 0.01005802
v -0.01123180 0.03954497 0.01014131
v -0.00998180 0.03764888 0.01489512
v -0.01123180 0.03796029 0.01501842
v -0.00998180 0.03548335 0.01949710
v -0.01123180 0.03577686 0.01965847
v -0.00998180 0.03275812 0.02379139
v -0.01123180 0.03302909 0.02398825
v -0.00998180 0.02951617 0.02771024
v -0.01123180 0.02976032 0.02793952
v -0.00998180 0.02580861 0.03119187
v -0.01123180 0.02602210 0.03144994
v -0.00998180 0.02169391 0.03418136
v -0.01123180 0.02187339 0.03446415
v -0.00998180 0.01723699 0.03663158
v -0.01123180 0.01737960 0.03693464
v -0.00998180 0.01250812 0.03850387
v -0.01123180 0.01261162 0.03882241
v -0.00998180 0.00758188 0.03976872
v -0.01123180 0.00764464 0.04009772
v -0.00998180 0.00253595 0.04040616
v -0.01123180 0.00255698 0.04074044
v -0.00998180 -0.00255009 0.04040616
v -0.01123180 -0.00257111 0.04074044
v -0.00998180 -0.00759601 0.03976872
v -0.01123180 -0.00765877 0.04009772
v -0.00998180 -0.01252226 0.03850387
v -0.01123180 -0.01262576 0.03882241
v -0.00998180 -0.01725113 0.03663158
v -0.01123180 -0.01739374 0.03693464
v -0.00998180 -0.02170806 0.03418136
v -0.01123180 -0.02188752 0.03446415
v -0.00998180 -0.02582274 0.03119187
v -0.01123180 -0.02603623 0.03144994
v -0.00998180 -0.02953029 0.02771024
v -0.01123180 -0.02977446 0.02793952
v -0.00998180 -0.03277226 0.02379139
v -0.01123180 -0.03304323 0.02398825
v -0.00998180 -0.03549749 0.01949710
v -0.01123180 -0.03579100 0.01965847
v -0.00998180 -0.03766302 0.01489512
v -0.01123180 -0.03797444 0.01501842
v -0.00998180 -0.03923469 0.01005802
v -0.01123180 -0.03955911 0.01014131
v -0.00998180 -0.04018772 0.00506208
v -0.01123180 -0.04052002 0.00510406
v -0.00998180 -0.04050707 -0.00001392
v -0.01123180 -0.04084201 -0.00001392
v -0.01214687 0.04043128 0.01036888
v -0.01214687 0.03881110 0.01535528
v -0.01214687 0.03657874 0.02009929
v -0.01214687 0.03376939 0.02452611
v -0.01214687 0.03042737 0.02856592
v -0.01214687 0.02660538 0.03215500
v -0.01214687 0.02236370 0.03523678
v -0.01214687 0.01776922 0.03776260
v -0.01214687 0.01289439 0.03969269
v -0.01214687 0.00781610 0.04099657
v -0.01214687 0.00261444 0.04165370
v -0.01214687 -0.00262857 0.04165370
v -0.01214687 -0.00783024 0.04099657
v -0.01214687 -0.01290853 0.03969269
v -0.01214687 -0.01778335 0.03776260
v -0.01214687 -0.02237783 0.03523678
v -0.01214687 -0.02661952 0.03215500
v -0.01214687 -0.03044151 0.02856592
v -0.01214687 -0.03378353 0.02452611
v -0.01214687 -0.03659287 0.02009929
v -0.01214687 -0.03882524 0.01535528
v -0.01214687 -0.04044542 0.01036888
v -0.01214687 -0.04142786 0.00521874
v -0.01214687 -0.04175707 -0.00001392
v -0.01248180 0.04265387 0.00537541
v -0.01248180 0.04164201 0.01067974
v -0.01248180 0.03997331 0.01581543
v -0.01248180 0.03767412 0.02070149
v -0.01248180 0.03478066 0.02526084
v -0.01248180 0.03133858 0.02942161
v -0.01248180 0.02740217 0.03311815
v -0.01248180 0.02303348 0.03629218
v -0.01248180 0.01830144 0.03889364
v -0.01248180 0.01328066 0.04088151
v -0.01248180 0.00805033 0.04222444
v -0.01248180 0.00269292 0.04290123
v -0.01248180 -0.00270707 0.04290123
v -0.01248180 -0.00806446 0.04222444
v -0.01248180 -0.01329480 0.04088151
v -0.01248180 -0.01831557 0.03889364
v -0.01248180 -0.02304762 0.03629218
v -0.01248180 -0.02741630 0.03311815
v -0.01248180 -0.03135272 0.02942161
v -0.01248180 -0.03479480 0.02526084
v -0.01248180 -0.03768826 0.02070149
v -0.01248180 -0.03998746 0.01581543
v -0.01248180 -0.04165615 0.01067974
v -0.01248180 -0.04266800 0.00537541
v -0.01248180 -0.04300707 -0.00001392
v -0.01148180 0.03999293 -0.00001392
v -0.01223180 0.03979197 -0.00001392
v -0.01223180 0.03962220 0.00365828
v -0.01278084 0.03924293 -0.00001392
v -0.01278084 0.03907550 0.00360761
v -0.01298180 0.03849293 -0.00001392
v -0.01298180 0.03832870 0.00353841
v -0.01298180 0.03783740 0.00706043
v -0.01278084 0.03857462 0.00719825
v -0.01298180 0.03702322 0.01052210
v -0.01278084 0.03774459 0.01072735
v -0.01298180 0.03589311 0.01389389
v -0.01278084 0.03659246 0.01416481
v -0.01298180 0.03445672 0.01714700
v -0.01278084 0.03512809 0.01748131
v -0.01298180 0.03272629 0.02025372
v -0.01278084 0.03336395 0.02064855
v -0.01298180 0.03071660 0.02318751
v -0.01278084 0.03131511 0.02363949
v -0.01298180 0.02844478 0.02592336
v -0.01278084 0.02899903 0.02642863
v -0.01298180 0.02593022 0.02843792
v -0.01278084 0.02643549 0.02899218
v -0.01298180 0.02319436 0.03070974
v -0.01278084 0.02364634 0.03130826
v -0.01298180 0.02026057 0.03271944
v -0.01278084 0.02065539 0.03335711
v -0.01298180 0.01715386 0.03444986
v -0.01278084 0.01748816 0.03512123
v -0.01298180 0.01390073 0.03588627
v -0.01278084 0.01417166 0.03658561
v -0.01298180 0.01052895 0.03701637
v -0.01278084 0.01073421 0.03773774
v -0.01298180 0.00706729 0.03783055
v -0.01278084 0.00720510 0.03856777
v -0.01298180 0.00354526 0.03832185
v -0.01278084 0.00361446 0.03906865
v -0.01298180 -0.00000707 0.03848609
v -0.01278084 -0.00000707 0.03923608
v -0.01298180 -0.00355940 0.03832185
v -0.01278084 -0.00362860 0.03906865
v -0.01298180 -0.00708143 0.03783055
v -0.01278084 -0.00721924 0.03856777
v -0.01298180 -0.01054310 0.03701637
v -0.01278084 -0.01074834 0.03773774
v -0.01298180 -0.01391487 0.03588627
v -0.01278084 -0.01418580 0.03658561
v -0.01298180 -0.01716799 0.03444986
v -0.01278084 -0.01750230 0.03512123
v -0.01298180 -0.02027471 0.03271944
v -0.01278084 -0.02066953 0.03335711
v -0.01298180 -0.02320850 0.03070974
v -0.01278084 -0.02366048 0.03130826
v -0.01298180 -0.02594435 0.02843792
v -0.01278084 -0.02644962 0.02899218
v -0.01298180 -0.02845891 0.02592336
v -0.01278084 -0.02901317 0.02642863
v -0.01298180 -0.03073073 0.02318751
v -0.01278084 -0.03132925 0.02363949
v -0.01298180 -0.03274043 0.02025372
v -0.01278084 -0.03337810 0.02064855
v -0.01298180 -0.03447086 0.01714700
v -0.01278084 -0.03514223 0.01748131
v -0.01298180 -0.03590725 0.01389389
v -0.01278084 -0.03660661 0.01416481
v -0.01298180 -0.03703736 0.01052210
v -0.01278084 -0.03775873 0.01072735
v -0.01298180 -0.03785154 0.00706043
v -0.01278084 -0.03858877 0.00719825
v -0.01298180 -0.03834284 0.00353841
v -0.01278084 -0.03908964 0.00360761
v -0.01298180 -0.03850707 -0.00001392
v -0.01278084 -0.03925708 -0.00001392
v -0.01223180 0.03911432 0.00729913
v -0.01223180 0.03827267 0.01087760
v -0.01223180 0.03710443 0.01436315
v -0.01223180 0.03561957 0.01772604
v -0.01223180 0.03383076 0.02093757
v -0.01223180 0.03175325 0.02397037
v -0.01223180 0.02940478 0.02679852
v -0.01223180 0.02680538 0.02939792
v -0.01223180 0.02397721 0.03174640
v -0.01223180 0.02094443 0.03382390
v -0.01223180 0.01773289 0.03561271
v -0.01223180 0.01437000 0.03709757
v -0.01223180 0.01088446 0.03826581
v -0.01223180 0.00730598 0.03910746
v -0.01223180 0.00366513 0.03961535
v -0.01223180 -0.00000707 0.03978512
v -0.01223180 -0.00367926 0.03961535
v -0.01223180 -0.00732012 0.03910746
v -0.01223180 -0.01089859 0.03826581
v -0.01223180 -0.01438413 0.03709757
v -0.01223180 -0.01774703 0.03561271
v -0.01223180 -0.02095857 0.03382390
v -0.01223180 -0.02399135 0.03174640
v -0.01223180 -0.02681950 0.02939792
v -0.01223180 -0.02941892 0.02679852
v -0.01223180 -0.03176739 0.02397037
v -0.01223180 -0.03384490 0.02093757
v -0.01223180 -0.03563371 0.01772604
v -0.01223180 -0.03711857 0.01436315
v -0.01223180 -0.03828681 0.01087760
v -0.01223180 -0.03912846 0.00729913
v -0.01223180 -0.03963633 0.00365828
v -0.01223180 -0.03980611 -0.00001392
v -0.01148180 0.03982230 0.00367681
v -0.01148180 0.03931186 0.00733606
v -0.01148180 0.03846596 0.01093259
v -0.01148180 0.03729182 0.01443575
v -0.01148180 0.03579946 0.01781562
v -0.01148180 0.03400162 0.02104337
v -0.01148180 0.03191362 0.02409147
v -0.01148180 0.02955329 0.02693391
v -0.01148180 0.02694076 0.02954644
v -0.01148180 0.02409832 0.03190677
v -0.01148180 0.02105022 0.03399477
v -0.01148180 0.01782247 0.03579260
v -0.01148180 0.01444260 0.03728497
v -0.01148180 0.01093945 0.03845910
v -0.01148180 0.00734291 0.03930500
v -0.01148180 0.00368367 0.03981545
v -0.01148180 -0.00000707 0.03998608
v -0.01148180 -0.00369781 0.03981545
v -0.01148180 -0.00735705 0.03930500
v -0.01148180 -0.01095359 0.03845910
v -0.01148180 -0.01445673 0.03728497
v -0.01148180 -0.01783660 0.03579260
v -0.01148180 -0.02106436 0.03399477
v -0.01148180 -0.02411246 0.03190677
v -0.01148180 -0.02695490 0.02954644
v -0.01148180 -0.02956743 0.02693391
v -0.01148180 -0.03192776 0.02409147
v -0.01148180 -0.03401576 0.02104337
v -0.01148180 -0.03581360 0.01781562
v -0.01148180 -0.03730596 0.01443575
v -0.01148180 -0.03848010 0.01093259
v -0.01148180 -0.03932599 0.00733606
v -0.01148180 -0.03983644 0.00367681
v -0.01148180 -0.04000707 -0.00001392
v -0.01298180 0.03233982 -0.00001392
v -0.01276823 0.03122815 -0.00001392
v -0.01276823 0.03091022 0.00443131
v -0.01215793 0.03027476 -0.00001392
v -0.01215793 0.02996654 0.00429563
v -0.01123778 0.02961539 -0.00001392
v -0.01123778 0.02931388 0.00420180
v -0.01013881 0.02934394 -0.00001392
v -0.01013881 0.02904519 0.00416316
v -0.01013881 0.02862980 0.00607267
v -0.01123778 0.02841548 0.00833169
v -0.01013881 0.02815501 0.00825521
v -0.01013881 0.02678898 0.01191770
v -0.01123778 0.02693847 0.01229170
v -0.01013881 0.02669155 0.01217893
v -0.01013881 0.02468457 0.01585443
v -0.01123778 0.02491294 0.01600119
v -0.01013881 0.02368092 0.01719515
v -0.01123778 0.02238010 0.01938467
v -0.01013881 0.02217494 0.01920690
v -0.01013881 0.01960815 0.02177370
v -0.01123778 0.01939153 0.02237325
v -0.01013881 0.01921375 0.02216809
v -0.01013881 0.01586129 0.02467772
v -0.01123778 0.01600805 0.02490608
v -0.01013881 0.01463658 0.02534646
v -0.01123778 0.01229855 0.02693162
v -0.01013881 0.01218578 0.02668469
v -0.01123778 0.00833854 0.02840862
v -0.01013881 0.00904617 0.02785571
v -0.01013881 0.00826207 0.02814817
v -0.01013881 0.00417001 0.02903833
v -0.01123778 0.00420864 0.02930703
v -0.01013881 0.00305677 0.02911796
v -0.01123778 -0.00000707 0.02960855
v -0.01013881 -0.00000707 0.02933709
v -0.01123778 -0.00422279 0.02930703
v -0.01013881 -0.00307092 0.02911796
v -0.01013881 -0.00418415 0.02903833
v -0.01013881 -0.00827620 0.02814817
v -0.01123778 -0.00835268 0.02840862
v -0.01013881 -0.00906030 0.02785571
v -0.01123778 -0.01231269 0.02693162
v -0.01013881 -0.01219992 0.02668469
v -0.01123778 -0.01602218 0.02490608
v -0.01013881 -0.01465072 0.02534646
v -0.01013881 -0.01587542 0.02467772
v -0.01013881 -0.01922789 0.02216809
v -0.01123778 -0.01940566 0.02237325
v -0.01013881 -0.01962229 0.02177370
v -0.01123778 -0.02239423 0.01938467
v -0.01013881 -0.02218908 0.01920690
v -0.01123778 -0.02492707 0.01600119
v -0.01013881 -0.02369506 0.01719515
v -0.01013881 -0.02469870 0.01585443
v -0.01013881 -0.02670568 0.01217893
v -0.01123778 -0.02695261 0.01229170
v -0.01013881 -0.02680311 0.01191770
v -0.01123778 -0.02842961 0.00833169
v -0.01013881 -0.02816916 0.00825521
v -0.01123778 -0.02932802 0.00420180
v -0.01013881 -0.02864394 0.00607267
v -0.01013881 -0.02905932 0.00416316
v -0.01013881 -0.02935807 -0.00001392
v -0.01123778 -0.02962954 -0.00001392
v -0.01215793 0.02904814 0.00851745
v -0.01215793 0.02753826 0.01256561
v -0.01215793 0.02546762 0.01635767
v -0.01215793 0.02287841 0.01981647
v -0.01215793 0.01982332 0.02287156
v -0.01215793 0.01636453 0.02546078
v -0.01215793 0.01257246 0.02753140
v -0.01215793 0.00852431 0.02904128
v -0.01215793 0.00430249 0.02995969
v -0.01215793 -0.00000707 0.03026791
v -0.01215793 -0.00431662 0.02995969
v -0.01215793 -0.00853845 0.02904128
v -0.01215793 -0.01258659 0.02753140
v -0.01215793 -0.01637867 0.02546078
v -0.01215793 -0.01983745 0.02287156
v -0.01215793 -0.02289255 0.01981647
v -0.01215793 -0.02548177 0.01635767
v -0.01215793 -0.02755239 0.01256561
v -0.01215793 -0.02906227 0.00851745
v -0.01215793 -0.02998067 0.00429563
v -0.01215793 -0.03028890 -0.00001392
v -0.01276823 0.02996291 0.00878605
v -0.01276823 0.02840549 0.01296166
v -0.01276823 0.02626967 0.01687312
v -0.01276823 0.02359894 0.02044080
v -0.01276823 0.02044765 0.02359208
v -0.01276823 0.01687997 0.02626282
v -0.01276823 0.01296851 0.02839864
v -0.01276823 0.00879291 0.02995606
v -0.01276823 0.00443817 0.03090338
v -0.01276823 -0.00000707 0.03122130
v -0.01276823 -0.00445231 0.03090338
v -0.01276823 -0.00880705 0.02995606
v -0.01276823 -0.01298265 0.02839864
v -0.01276823 -0.01689410 0.02626282
v -0.01276823 -0.02046179 0.02359208
v -0.01276823 -0.02361307 0.02044080
v -0.01276823 -0.02628381 0.01687312
v -0.01276823 -0.02841963 0.01296166
v -0.01276823 -0.02997705 0.00878605
v -0.01276823 -0.03092436 0.00443131
v -0.01276823 -0.03124229 -0.00001392
v -0.01298180 0.03201058 0.00458952
v -0.01298180 0.03102955 0.00909925
v -0.01298180 0.02941670 0.01342347
v -0.01298180 0.02720487 0.01747413
v -0.01298180 0.02443909 0.02116880
v -0.01298180 0.02117564 0.02443223
v -0.01298180 0.01748098 0.02719802
v -0.01298180 0.01343032 0.02940985
v -0.01298180 0.00910610 0.03102269
v -0.01298180 0.00459638 0.03200373
v -0.01298180 -0.00000707 0.03233298
v -0.01298180 -0.00461051 0.03200373
v -0.01298180 -0.00912024 0.03102269
v -0.01298180 -0.01344445 0.02940985
v -0.01298180 -0.01749512 0.02719802
v -0.01298180 -0.02118978 0.02443223
v -0.01298180 -0.02445322 0.02116880
v -0.01298180 -0.02721900 0.01747413
v -0.01298180 -0.02943084 0.01342347
v -0.01298180 -0.03104369 0.00909925
v -0.01298180 -0.03202472 0.00458952
v -0.01298180 -0.03235396 -0.00001392
v -0.00627246 -0.02915545 -0.00001392
v -0.01013881 -0.02905932 -0.00419100
v -0.00627246 -0.02882988 -0.00435826
v -0.01013881 -0.02864394 -0.00610051
v -0.00627246 -0.02844221 -0.00605680
v -0.01013881 -0.02816916 -0.00828305
v -0.00627246 -0.02786046 -0.00860555
v -0.01013881 -0.02680311 -0.01194555
v -0.00627246 -0.02658689 -0.01185058
v -0.01013881 -0.02670568 -0.01220677
v -0.00627246 -0.02626885 -0.01266093
v -0.01013881 -0.02469870 -0.01588227
v -0.00627246 -0.02409059 -0.01643379
v -0.01013881 -0.02369506 -0.01722299
v -0.00627246 -0.02354783 -0.01711439
v -0.01013881 -0.02218908 -0.01923474
v -0.00627246 -0.02137434 -0.01983985
v -0.01013881 -0.01962229 -0.02180153
v -0.00627246 -0.01945792 -0.02161803
v -0.01013881 -0.01922789 -0.02219593
v -0.00627246 -0.01818079 -0.02280304
v -0.01013881 -0.01587542 -0.02470556
v -0.00627246 -0.01458126 -0.02525716
v -0.00627246 0.00647906 -0.02843149
v -0.01013881 0.00417001 -0.02906618
v -0.00627246 0.00303199 -0.02895105
v -0.01013881 0.00305677 -0.02914580
v -0.00627246 0.00217120 -0.02908080
v -0.01013881 -0.00000707 -0.02936493
v -0.00627246 -0.00218533 -0.02908080
v -0.01013881 -0.00307092 -0.02914580
v -0.00627246 -0.00304613 -0.02895105
v -0.01013881 -0.00418415 -0.02906618
v -0.00627246 -0.00649320 -0.02843149
v -0.01013881 -0.00827620 -0.02817601
v -0.00627246 -0.00899136 -0.02766091
v -0.01013881 -0.00906030 -0.02788355
v -0.00627246 -0.01065616 -0.02714738
v -0.01013881 -0.01219992 -0.02671253
v -0.01013881 -0.01465072 -0.02537430
v -0.00627246 0.01816665 -0.02280304
v -0.01013881 0.01586129 -0.02470556
v -0.00627246 0.01456712 -0.02525716
v -0.01013881 0.01463658 -0.02537430
v -0.00627246 0.01064203 -0.02714738
v -0.01013881 0.01218578 -0.02671253
v -0.00627246 0.00897721 -0.02766091
v -0.01013881 0.00904617 -0.02788355
v -0.01013881 0.00826207 -0.02817601
v -0.00627246 0.02914131 -0.00001392
v -0.00627246 0.02881575 -0.00435826
v -0.01013881 0.02904519 -0.00419100
v -0.00627246 0.02842807 -0.00605680
v -0.01013881 0.02862980 -0.00610051
v -0.00627246 0.02784633 -0.00860555
v -0.01013881 0.02815501 -0.00828305
v -0.00627246 0.02657275 -0.01185058
v -0.01013881 0.02678898 -0.01194555
v -0.00627246 0.02625471 -0.01266093
v -0.01013881 0.02669155 -0.01220677
v -0.00627246 0.02407645 -0.01643379
v -0.01013881 0.02468457 -0.01588227
v -0.00627246 0.02353369 -0.01711439
v -0.01013881 0.02368092 -0.01722299
v -0.00627246 0.02136020 -0.01983985
v -0.01013881 0.02217494 -0.01923474
v -0.00627246 0.01944379 -0.02161803
v -0.01013881 0.01960815 -0.02180153
v -0.01013881 0.01921375 -0.02219593
v -0.00276657 0.02200070 -0.01501856
v -0.00276657 0.02399123 -0.01157089
v -0.00358031 0.02513652 -0.01212243
v -0.00276657 -0.00199758 -0.02657553
v -0.00276657 0.00198345 -0.02657553
v -0.00358031 0.00207844 -0.02784317
v -0.00276657 -0.02400535 -0.01157089
v -0.00276657 -0.02201484 -0.01501856
v -0.00358031 -0.02306514 -0.01573465
v -0.00248180 0.02486584 -0.00376291
v -0.00248180 0.02514680 -0.00001392
v -0.00276657 0.02662903 -0.00001392
v -0.00248180 0.02402928 -0.00742815
v -0.00276657 0.02633152 -0.00398382
v -0.00248180 0.00918267 -0.02342899
v -0.00248180 0.01256986 -0.02179781
v -0.00276657 0.01331097 -0.02308145
v -0.00248180 0.00559019 -0.02453712
v -0.00276657 0.00972419 -0.02480876
v -0.00248180 -0.01569025 -0.01968000
v -0.00248180 -0.01258400 -0.02179781
v -0.00276657 -0.01332511 -0.02308145
v -0.00248180 -0.01844616 -0.01712289
v -0.00276657 -0.01661440 -0.02083885
v -0.00248180 -0.02079016 -0.01418360
v -0.00248180 -0.02266991 -0.01092777
v -0.00248180 -0.02404341 -0.00742815
v -0.00248180 0.00187268 -0.02509744
v -0.00248180 -0.00188682 -0.02509744
v -0.00248180 -0.00560433 -0.02453712
v -0.00248180 0.02265578 -0.01092777
v -0.00248180 0.02077603 -0.01418360
v -0.00248180 0.01843202 -0.01712289
v -0.00358031 -0.02667450 -0.00823973
v -0.00358031 -0.02760264 -0.00417328
v -0.00276657 -0.02634566 -0.00398382
v -0.00480716 -0.02110902 -0.01959367
v -0.00358031 -0.02046455 -0.01899569
v -0.00276657 -0.01953270 -0.01813106
v -0.00358031 -0.00621702 -0.02722151
v -0.00358031 -0.01020274 -0.02599207
v -0.00276657 -0.00973833 -0.02480876
v -0.00480716 0.00639852 -0.02807862
v -0.00358031 0.00620289 -0.02722151
v -0.00276657 0.00592002 -0.02598219
v -0.00358031 0.02045042 -0.01899569
v -0.00358031 0.01739283 -0.02183271
v -0.00276657 0.01660026 -0.02083885
v -0.00480716 0.02750046 -0.00849887
v -0.00358031 0.02666037 -0.00823973
v -0.00276657 0.02544565 -0.00786505
v -0.00480716 -0.02847198 -0.00430432
v -0.00480716 -0.02751460 -0.00849887
v -0.00480716 -0.02594275 -0.01250388
v -0.00248180 -0.02516093 -0.00001392
v -0.00248180 -0.02487998 -0.00376291
v -0.00276657 -0.02545979 -0.00786505
v -0.00358031 -0.02515066 -0.01212243
v -0.00480716 -0.02379154 -0.01622989
v -0.00480716 -0.01052393 -0.02681046
v -0.00480716 -0.00641265 -0.02807862
v -0.00480716 -0.00215829 -0.02871986
v -0.00248180 -0.00919680 -0.02342899
v -0.00276657 -0.00593416 -0.02598219
v -0.00358031 -0.00209259 -0.02784317
v -0.00480716 0.00214414 -0.02871986
v -0.00480716 0.01794097 -0.02252006
v -0.00480716 0.02109489 -0.01959367
v -0.00480716 0.02377740 -0.01622989
v -0.00248180 0.01567611 -0.01968000
v -0.00276657 0.01951857 -0.01813106
v -0.00358031 0.02305101 -0.01573465
v -0.00480716 0.02592861 -0.01250388
v -0.00276657 -0.02664316 -0.00001392
v -0.00358031 -0.02791435 -0.00001392
v -0.00480716 -0.02879350 -0.00001392
v -0.00480716 -0.01795512 -0.02252006
v -0.00358031 -0.01740697 -0.02183271
v -0.00358031 -0.01396070 -0.02418233
v -0.00480716 -0.01440028 -0.02494370
v -0.00480716 0.01050980 -0.02681046
v -0.00358031 0.01018861 -0.02599207
v -0.00358031 0.01394657 -0.02418233
v -0.00480716 0.01438614 -0.02494370
v -0.00480716 0.02845785 -0.00430432
v -0.00358031 0.02758851 -0.00417328
v -0.00358031 0.02790022 -0.00001392
v -0.00480716 0.02877936 -0.00001392
v -0.00471265 -0.01609102 -0.00001392
v -0.00613318 -0.01569373 -0.00001392
v -0.00471265 -0.01581716 -0.00296934
v -0.00613318 -0.01542663 -0.00289634
v -0.00471265 -0.01500491 -0.00582412
v -0.00613318 -0.01499449 -0.00441520
v -0.00613318 -0.01463444 -0.00568060
v -0.00471265 -0.01368192 -0.00848103
v -0.00613318 -0.01334414 -0.00827189
v -0.00613318 -0.01318589 -0.00848145
v -0.00471265 -0.01189325 -0.01084961
v -0.00613318 -0.01159966 -0.01058196
v -0.00471265 -0.00969981 -0.01284919
v -0.00613318 -0.01023793 -0.01182334
v -0.00613318 -0.00946040 -0.01253215
v -0.00471265 -0.00717630 -0.01441168
v -0.00613318 -0.00699922 -0.01405605
v -0.00613318 -0.00650916 -0.01424590
v -0.00471265 -0.00440865 -0.01548388
v -0.00613318 -0.00429993 -0.01510176
v -0.00613318 -0.00222976 -0.01548874
v -0.00471265 -0.00149111 -0.01602926
v -0.00613318 -0.00145445 -0.01563367
v -0.00471265 0.00147697 -0.01602926
v -0.00613318 0.00144032 -0.01563367
v -0.00613318 0.00221562 -0.01548874
v -0.00471265 0.00439452 -0.01548388
v -0.00613318 0.00428579 -0.01510176
v -0.00613318 0.00649503 -0.01424590
v -0.00471265 0.00716217 -0.01441168
v -0.00613318 0.00698508 -0.01405605
v -0.00471265 0.00968568 -0.01284919
v -0.00613318 0.00944626 -0.01253215
v -0.00613318 0.01022379 -0.01182334
v -0.00471265 0.01187912 -0.01084961
v -0.00613318 0.01158552 -0.01058196
v -0.00613318 0.01317175 -0.00848145
v -0.00471265 0.01366778 -0.00848103
v -0.00613318 0.01333001 -0.00827189
v -0.00471265 0.01499077 -0.00582412
v -0.00613318 0.01567960 -0.00001392
v -0.00471265 0.01607689 -0.00001392
v -0.00613318 0.01541251 -0.00289634
v -0.00471265 0.01580302 -0.00296934
v -0.00613318 0.01498034 -0.00441520
v -0.00613318 0.01462032 -0.00568060
v -0.00353270 0.01696201 -0.00001392
v -0.00353270 0.01667309 -0.00313198
v -0.00353270 0.01581613 -0.00614386
v -0.00353270 0.01442034 -0.00894699
v -0.00353270 0.01253324 -0.01144592
v -0.00353270 0.01021909 -0.01355554
v -0.00353270 0.00755671 -0.01520402
v -0.00353270 0.00463674 -0.01633522
v -0.00353270 0.00155864 -0.01691062
v -0.00353270 -0.00157278 -0.01691062
v -0.00353270 -0.00465087 -0.01633522
v -0.00353270 -0.00757084 -0.01520402
v -0.00353270 -0.01023322 -0.01355554
v -0.00353270 -0.01254738 -0.01144592
v -0.00353270 -0.01443447 -0.00894699
v -0.00353270 -0.01583027 -0.00614386
v -0.00353270 -0.01668722 -0.00313198
v -0.00353270 -0.01697616 -0.00001392
v -0.00275377 0.01821463 -0.00001392
v -0.00275377 0.01790436 -0.00336215
v -0.00275377 0.01698416 -0.00659635
v -0.00275377 0.01548533 -0.00960641
v -0.00275377 0.01345893 -0.01228980
v -0.00275377 0.01097395 -0.01455515
v -0.00275377 0.00811504 -0.01632531
v -0.00275377 0.00497953 -0.01754001
v -0.00275377 0.00167422 -0.01815788
v -0.00275377 -0.00168835 -0.01815788
v -0.00275377 -0.00499367 -0.01754001
v -0.00275377 -0.00812917 -0.01632531
v -0.00275377 -0.01098809 -0.01455515
v -0.00275377 -0.01347306 -0.01228980
v -0.00275377 -0.01549946 -0.00960641
v -0.00275377 -0.01699829 -0.00659635
v -0.00275377 -0.01791851 -0.00336215
v -0.00275377 -0.01822876 -0.00001392
v -0.00248180 0.01966438 -0.00001392
v -0.00248180 0.01932943 -0.00362854
v -0.00248180 0.01833600 -0.00712007
v -0.00248180 0.01671793 -0.01036960
v -0.00248180 0.01453030 -0.01326649
v -0.00248180 0.01184763 -0.01571207
v -0.00248180 0.00876125 -0.01762307
v -0.00248180 0.00537628 -0.01893442
v -0.00248180 0.00180798 -0.01960145
v -0.00248180 -0.00182212 -0.01960145
v -0.00248180 -0.00539042 -0.01893442
v -0.00248180 -0.00877538 -0.01762307
v -0.00248180 -0.01186177 -0.01571207
v -0.00248180 -0.01454445 -0.01326649
v -0.00248180 -0.01673207 -0.01036960
v -0.00248180 -0.01835014 -0.00712007
v -0.00248180 -0.01934357 -0.00362854
v -0.00248180 -0.01967851 -0.00001392
v -0.01215611 -0.01516680 -0.00001392
v -0.01215611 -0.01501249 0.00214354
v -0.00613318 -0.01542663 0.00286850
v -0.01215611 -0.01455272 0.00425707
v -0.00613318 -0.01499449 0.00438737
v -0.01215611 -0.01379685 0.00628366
v -0.00613318 -0.01463444 0.00565276
v -0.00613318 -0.01334414 0.00824405
v -0.01215611 -0.01276025 0.00818205
v -0.00613318 -0.01318589 0.00845361
v -0.01215611 -0.01146402 0.00991359
v -0.00613318 -0.01159966 0.01055412
v -0.01215611 -0.00993458 0.01144304
v -0.00613318 -0.01023793 0.01179550
v -0.01215611 -0.00820304 0.01273926
v -0.00613318 -0.00946040 0.01250432
v -0.00613318 -0.00699922 0.01402821
v -0.01215611 -0.00630465 0.01377585
v -0.00613318 -0.00650916 0.01421806
v -0.01215611 -0.00427805 0.01453173
v -0.00613318 -0.00429993 0.01507392
v -0.01215611 -0.00216452 0.01499151
v -0.00613318 -0.00222976 0.01546090
v -0.01215611 -0.00000707 0.01514581
v -0.00613318 -0.00145445 0.01560583
v -0.00613318 0.00144032 0.01560583
v -0.01215611 0.00215039 0.01499151
v -0.00613318 0.00221562 0.01546090
v -0.01215611 0.00426392 0.01453173
v -0.00613318 0.00428579 0.01507392
v -0.01215611 0.00629051 0.01377585
v -0.00613318 0.00649503 0.01421806
v -0.00613318 0.00698508 0.01402821
v -0.01215611 0.00818890 0.01273926
v -0.00613318 0.00944626 0.01250432
v -0.01215611 0.00992044 0.01144304
v -0.00613318 0.01022379 0.01179550
v -0.01215611 0.01144989 0.00991359
v -0.00613318 0.01158552 0.01055412
v -0.01215611 0.01274611 0.00818205
v -0.00613318 0.01317175 0.00845361
v -0.00613318 0.01333001 0.00824405
v -0.01215611 0.01378271 0.00628366
v -0.00613318 0.01462032 0.00565276
v -0.01215611 0.01453858 0.00425707
v -0.00613318 0.01498034 0.00438737
v -0.01215611 0.01499836 0.00214354
v -0.00613318 0.01541251 0.00286850
v -0.01215611 0.01515266 -0.00001392
v -0.01308082 0.01483124 -0.00001392
v -0.01308082 0.01468021 0.00209779
v -0.01374221 0.01410947 -0.00001392
v -0.01374221 0.01396579 0.00199508
v -0.01398180 0.01316027 -0.00001392
v -0.01398180 0.01302625 0.00185999
v -0.01398180 0.01262690 0.00369574
v -0.01374221 0.01353765 0.00396317
v -0.01398180 0.01197036 0.00545599
v -0.01374221 0.01283379 0.00585030
v -0.01398180 0.01107000 0.00710488
v -0.01374221 0.01186852 0.00761805
v -0.01398180 0.00994414 0.00860885
v -0.01374221 0.01066150 0.00923045
v -0.01398180 0.00861570 0.00993729
v -0.01374221 0.00923730 0.01065465
v -0.01398180 0.00711173 0.01106315
v -0.01374221 0.00762491 0.01186167
v -0.01398180 0.00546284 0.01196351
v -0.01374221 0.00585716 0.01282693
v -0.01398180 0.00370260 0.01262005
v -0.01374221 0.00397002 0.01353081
v -0.01398180 0.00186684 0.01301939
v -0.01374221 0.00200193 0.01395893
v -0.01398180 -0.00000707 0.01315341
v -0.01374221 -0.00000707 0.01410262
v -0.01398180 -0.00188097 0.01301939
v -0.01374221 -0.00201606 0.01395893
v -0.01398180 -0.00371674 0.01262005
v -0.01374221 -0.00398415 0.01353081
v -0.01398180 -0.00547698 0.01196351
v -0.01374221 -0.00587129 0.01282693
v -0.01398180 -0.00712587 0.01106315
v -0.01374221 -0.00763905 0.01186167
v -0.01398180 -0.00862984 0.00993729
v -0.01374221 -0.00925144 0.01065465
v -0.01398180 -0.00995827 0.00860885
v -0.01374221 -0.01067564 0.00923045
v -0.01398180 -0.01108414 0.00710488
v -0.01374221 -0.01188265 0.00761805
v -0.01398180 -0.01198450 0.00545599
v -0.01374221 -0.01284792 0.00585030
v -0.01398180 -0.01264104 0.00369574
v -0.01374221 -0.01355179 0.00396317
v -0.01398180 -0.01304038 0.00185999
v -0.01374221 -0.01397992 0.00199508
v -0.01398180 -0.01317441 -0.00001392
v -0.01374221 -0.01412360 -0.00001392
v -0.01308082 0.01423019 0.00416651
v -0.01308082 0.01349034 0.00615014
v -0.01308082 0.01247571 0.00800828
v -0.01308082 0.01120698 0.00970311
v -0.01308082 0.00970996 0.01120013
v -0.01308082 0.00801513 0.01246887
v -0.01308082 0.00615699 0.01348349
v -0.01308082 0.00417337 0.01422334
v -0.01308082 0.00210465 0.01467336
v -0.01308082 -0.00000707 0.01482439
v -0.01308082 -0.00211878 0.01467336
v -0.01308082 -0.00418750 0.01422334
v -0.01308082 -0.00617113 0.01348349
v -0.01308082 -0.00802927 0.01246887
v -0.01308082 -0.00972410 0.01120013
v -0.01308082 -0.01122112 0.00970311
v -0.01308082 -0.01248986 0.00800828
v -0.01308082 -0.01350447 0.00615014
v -0.01308082 -0.01424433 0.00416651
v -0.01308082 -0.01469435 0.00209779
v -0.01308082 -0.01484538 -0.00001392
v -0.01398180 -0.01075401 -0.00350581
v -0.01398180 -0.01130707 -0.00001392
v -0.01368180 -0.01100707 -0.00001392
v -0.01368180 -0.01046869 -0.00341311
v -0.01368180 -0.01029608 -0.00375188
v -0.01398180 -0.00914897 -0.00665589
v -0.01368180 -0.00890626 -0.00647956
v -0.01368180 -0.00836740 -0.00701842
v -0.01398180 -0.00664904 -0.00915581
v -0.01368180 -0.00647271 -0.00891311
v -0.01368180 -0.00545243 -0.00943297
v -0.01398180 -0.00349897 -0.01076086
v -0.01368180 -0.00340626 -0.01047554
v -0.01368180 -0.00189628 -0.01071470
v -0.01398180 -0.00000707 -0.01131392
v -0.01368180 -0.00000707 -0.01101392
v -0.01368180 0.00188213 -0.01071470
v -0.01398180 0.00348482 -0.01076086
v -0.01368180 0.00339211 -0.01047554
v -0.01398180 0.00663491 -0.00915581
v -0.01368180 0.00543829 -0.00943297
v -0.01368180 0.00645857 -0.00891311
v -0.01398180 0.00913482 -0.00665589
v -0.01368180 0.00835326 -0.00701842
v -0.01368180 0.00889212 -0.00647956
v -0.01398180 0.01073987 -0.00350581
v -0.01368180 0.01099293 -0.00001392
v -0.01398180 0.01129293 -0.00001392
v -0.01368180 0.01045455 -0.00341311
v -0.01368180 0.01028194 -0.00375188
v 0.01371820 0.01099293 -0.00001392
v 0.01371820 0.01045455 -0.00341311
v 0.01371820 0.01028194 -0.00375188
v 0.01371820 0.00889212 -0.00647956
v 0.01371820 0.00835326 -0.00701842
v 0.01371820 0.00645857 -0.00891311
v 0.01371820 0.00543829 -0.00943297
v 0.01371820 0.00339211 -0.01047554
v 0.01371820 0.00188213 -0.01071470
v 0.01371820 -0.00000707 -0.01101392
v 0.01371820 -0.00189628 -0.01071470
v 0.01371820 -0.00340626 -0.01047554
v 0.01371820 -0.00545243 -0.00943297
v 0.01371820 -0.00647271 -0.00891311
v 0.01371820 -0.00836740 -0.00701842
v 0.01371820 -0.00890626 -0.00647956
v 0.01371820 -0.01029608 -0.00375188
v 0.01371820 -0.01046869 -0.00341311
v 0.01371820 -0.01100707 -0.00001392
v 0.01401820 0.01073987 -0.00350581
v 0.01401820 0.01129293 -0.00001392
v 0.01401820 0.00913482 -0.00665589
v 0.01401820 0.00663491 -0.00915581
v 0.01401820 0.00348482 -0.01076086
v 0.01401820 -0.00000707 -0.01131392
v 0.01401820 -0.00349897 -0.01076086
v 0.01401820 -0.00664904 -0.00915581
v 0.01401820 -0.00914897 -0.00665589
v 0.01401820 -0.01075401 -0.00350581
v 0.01401820 -0.01130707 -0.00001392
v 0.01401820 0.01316027 -0.00001392
v 0.01377860 0.01410947 -0.00001392
v 0.01377860 0.01396579 0.00199508
v 0.01311722 0.01483124 -0.00001392
v 0.01311722 0.01468021 0.00209779
v 0.01219251 0.01515266 -0.00001392
v 0.01219251 0.01499836 0.00214354
v 0.01219251 0.01453858 0.00425707
v 0.01311722 0.01423019 0.00416651
v 0.01219251 0.01378271 0.00628366
v 0.01311722 0.01349034 0.00615014
v 0.01219251 0.01274611 0.00818205
v 0.01311722 0.01247571 0.00800828
v 0.01219251 0.01144989 0.00991359
v 0.01311722 0.01120698 0.00970311
v 0.01219251 0.00992044 0.01144304
v 0.01311722 0.00970996 0.01120013
v 0.01219251 0.00818890 0.01273926
v 0.01311722 0.00801513 0.01246887
v 0.01219251 0.00629051 0.01377585
v 0.01311722 0.00615699 0.01348349
v 0.01219251 0.00426392 0.01453173
v 0.01311722 0.00417337 0.01422334
v 0.01219251 0.00215039 0.01499151
v 0.01311722 0.00210465 0.01467336
v 0.01219251 -0.00000707 0.01514581
v 0.01311722 -0.00000707 0.01482439
v 0.01219251 -0.00216452 0.01499151
v 0.01311722 -0.00211878 0.01467336
v 0.01219251 -0.00427805 0.01453173
v 0.01311722 -0.00418750 0.01422334
v 0.01219251 -0.00630465 0.01377585
v 0.01311722 -0.00617113 0.01348349
v 0.01219251 -0.00820304 0.01273926
v 0.01311722 -0.00802927 0.01246887
v 0.01219251 -0.00993458 0.01144304
v 0.01311722 -0.00972410 0.01120013
v 0.01219251 -0.01146402 0.00991359
v 0.01311722 -0.01122112 0.00970311
v 0.01219251 -0.01276025 0.00818205
v 0.01311722 -0.01248986 0.00800828
v 0.01219251 -0.01379685 0.00628366
v 0.01311722 -0.01350447 0.00615014
v 0.01219251 -0.01455272 0.00425707
v 0.01311722 -0.01424433 0.00416651
v 0.01219251 -0.01501249 0.00214354
v 0.01311722 -0.01469435 0.00209779
v 0.01219251 -0.01516680 -0.00001392
v 0.01311722 -0.01484538 -0.00001392
v 0.01377860 0.01353765 0.00396317
v 0.01377860 0.01283379 0.00585030
v 0.01377860 0.01186852 0.00761805
v 0.01377860 0.01066150 0.00923045
v 0.01377860 0.00923730 0.01065465
v 0.01377860 0.00762491 0.01186167
v 0.01377860 0.00585716 0.01282693
v 0.01377860 0.00397002 0.01353081
v 0.01377860 0.00200193 0.01395893
v 0.01377860 -0.00000707 0.01410262
v 0.01377860 -0.00201606 0.01395893
v 0.01377860 -0.00398415 0.01353081
v 0.01377860 -0.00587129 0.01282693
v 0.01377860 -0.00763905 0.01186167
v 0.01377860 -0.00925144 0.01065465
v 0.01377860 -0.01067564 0.00923045
v 0.01377860 -0.01188265 0.00761805
v 0.01377860 -0.01284792 0.00585030
v 0.01377860 -0.01355179 0.00396317
v 0.01377860 -0.01397992 0.00199508
v 0.01377860 -0.01412360 -0.00001392
v 0.01401820 0.01302625 0.00185999
v 0.01401820 0.01262690 0.00369574
v 0.01401820 0.01197036 0.00545599
v 0.01401820 0.01107000 0.00710488
v 0.01401820 0.00994414 0.00860885
v 0.01401820 0.00861570 0.00993729
v 0.01401820 0.00711173 0.01106315
v 0.01401820 0.00546284 0.01196351
v 0.01401820 0.00370260 0.01262005
v 0.01401820 0.00186684 0.01301939
v 0.01401820 -0.00000707 0.01315341
v 0.01401820 -0.00188097 0.01301939
v 0.01401820 -0.00371674 0.01262005
v 0.01401820 -0.00547698 0.01196351
v 0.01401820 -0.00712587 0.01106315
v 0.01401820 -0.00862984 0.00993729
v 0.01401820 -0.00995827 0.00860885
v 0.01401820 -0.01108414 0.00710488
v 0.01401820 -0.01198450 0.00545599
v 0.01401820 -0.01264104 0.00369574
v 0.01401820 -0.01304038 0.00185999
v 0.01401820 -0.01317441 -0.00001392
v 0.00616957 0.01498329 0.00438685
v 0.00616957 0.01534574 0.00320522
v 0.00616957 0.01567478 0.00037510
v 0.00616957 0.01567960 -0.00001392
v 0.00616957 0.01451021 0.00592915
v 0.00616957 0.01319577 0.00845701
v 0.00616957 0.01318855 0.00846627
v 0.00616957 0.01144576 0.01070542
v 0.00616957 0.01022336 0.01179393
v 0.00616957 0.00931792 0.01260020
v 0.00616957 0.00688246 0.01407884
v 0.00616957 0.00649800 0.01422521
v 0.00616957 0.00421971 0.01509257
v 0.00616957 0.00221582 0.01546111
v 0.00616957 0.00141752 0.01560792
v 0.00616957 -0.00143166 0.01560792
v 0.00616957 -0.00222996 0.01546111
v 0.00616957 -0.00423385 0.01509257
v 0.00616957 -0.00651213 0.01422521
v 0.00616957 -0.00689660 0.01407884
v 0.00616957 -0.00933206 0.01260020
v 0.00616957 -0.01023750 0.01179393
v 0.00616957 -0.01145990 0.01070542
v 0.00616957 -0.01569373 -0.00001392
v 0.00616957 -0.01568891 0.00037510
v 0.00616957 -0.01320269 0.00846627
v 0.00616957 -0.01320990 0.00845701
v 0.00616957 -0.01452435 0.00592915
v 0.00616957 -0.01499743 0.00438685
v 0.00616957 -0.01535987 0.00320522
v 0.00616957 0.00649503 -0.01424590
v 0.00616957 0.00428579 -0.01510176
v 0.00474904 0.00439452 -0.01548388
v 0.00488992 -0.01605162 -0.00001392
v 0.00474904 -0.01609102 -0.00001392
v 0.00474904 -0.01581716 -0.00296934
v 0.00279017 0.01790436 -0.00336215
v 0.00281366 0.01822863 -0.00001392
v 0.00356909 0.01696201 -0.00001392
v 0.00273897 0.01835386 -0.00001392
v 0.00251820 0.01858631 -0.00624037
v 0.00251820 0.01932943 -0.00362854
v 0.00251820 0.01773737 -0.00832230
v 0.00251820 0.01833600 -0.00712007
v 0.00279017 0.01698416 -0.00659635
v 0.00251820 0.00919872 -0.01735220
v 0.00251820 0.01184763 -0.01571207
v 0.00279017 0.01097395 -0.01455515
v 0.00251820 0.00799920 -0.01791830
v 0.00251820 0.00876125 -0.01762307
v 0.00279017 0.00811504 -0.01632531
v 0.00251820 0.00496256 -0.01901176
v 0.00251820 0.00537628 -0.01893442
v 0.00279017 0.00497953 -0.01754001
v 0.00251820 0.00136073 -0.01960145
v 0.00251820 0.00180798 -0.01960145
v 0.00279017 0.00167422 -0.01815788
v 0.00251820 -0.01934357 -0.00362854
v 0.00251820 -0.01835014 -0.00712007
v 0.00279017 -0.01699829 -0.00659635
v 0.00276319 -0.01837254 -0.00001392
v 0.00251820 -0.01967851 -0.00001392
v 0.00251820 -0.00539042 -0.01893442
v 0.00251820 -0.00317467 -0.01934862
v 0.00279017 -0.00168835 -0.01815788
v 0.00251820 -0.00182212 -0.01960145
v 0.00251820 -0.00176021 -0.01960145
v 0.00251820 0.00269595 -0.01943546
v 0.00251820 0.00660435 -0.01845866
v 0.00251820 0.01268737 -0.01494654
v 0.00251820 0.01409686 -0.01366162
v 0.00279017 0.01345893 -0.01228980
v 0.00251820 0.01671793 -0.01036960
v 0.00251820 0.01956862 -0.00104729
v 0.00251820 0.01966438 -0.00001392
v 0.00356909 -0.01668722 -0.00313198
v 0.00356909 -0.01697616 -0.00001392
v 0.00279017 -0.01822876 -0.00001392
v 0.00356909 0.01667309 -0.00313198
v 0.00476505 0.01609906 -0.00001392
v 0.00474904 -0.01500491 -0.00582412
v 0.00616957 -0.01318589 -0.00848145
v 0.00616957 -0.01334414 -0.00827189
v 0.00474904 -0.01368192 -0.00848103
v 0.00356909 -0.01583027 -0.00614386
v 0.00279017 -0.01791851 -0.00336215
v 0.00251820 -0.01775151 -0.00832230
v 0.00279017 -0.01549946 -0.00960641
v 0.00356909 -0.01443447 -0.00894699
v 0.00356909 -0.01254738 -0.01144592
v 0.00474904 -0.01189325 -0.01084961
v 0.00474904 -0.00969981 -0.01284919
v 0.00251820 -0.01673207 -0.01036960
v 0.00279017 -0.01347306 -0.01228980
v 0.00356909 -0.01023322 -0.01355554
v 0.00474904 -0.00717630 -0.01441168
v 0.00616957 -0.00699922 -0.01405605
v 0.00616957 -0.00650916 -0.01424590
v 0.00251820 -0.01454445 -0.01326649
v 0.00251820 -0.01186177 -0.01571207
v 0.00279017 -0.01098809 -0.01455515
v 0.00279017 -0.00812917 -0.01632531
v 0.00356909 -0.00757084 -0.01520402
v 0.00356909 -0.00465087 -0.01633522
v 0.00474904 -0.00440865 -0.01548388
v 0.00474904 -0.00149111 -0.01602926
v 0.00251820 -0.00877538 -0.01762307
v 0.00279017 -0.00499367 -0.01754001
v 0.00356909 -0.00157278 -0.01691062
v 0.00474904 0.00147697 -0.01602926
v 0.00616957 0.00144032 -0.01563367
v 0.00616957 0.00221562 -0.01548874
v 0.00356909 0.00463674 -0.01633522
v 0.00356909 0.00755671 -0.01520402
v 0.00474904 0.00716217 -0.01441168
v 0.00474904 0.00968568 -0.01284919
v 0.00356909 0.01253324 -0.01144592
v 0.00356909 0.01442034 -0.00894699
v 0.00474904 0.01366778 -0.00848103
v 0.00474904 0.01499077 -0.00582412
v 0.00616957 -0.01542663 -0.00289634
v 0.00616957 -0.01499449 -0.00441520
v 0.00616957 -0.01463444 -0.00568060
v 0.00616957 -0.00946040 -0.01253215
v 0.00616957 -0.01023793 -0.01182334
v 0.00616957 -0.01159966 -0.01058196
v 0.00616957 -0.00145445 -0.01563367
v 0.00616957 -0.00222976 -0.01548874
v 0.00616957 -0.00429993 -0.01510176
v 0.00356909 0.00155864 -0.01691062
v 0.00616957 0.01317175 -0.00848145
v 0.00616957 0.01158552 -0.01058196
v 0.00474904 0.01187912 -0.01084961
v 0.00356909 0.01021909 -0.01355554
v 0.00616957 0.01022379 -0.01182334
v 0.00616957 0.00944626 -0.01253215
v 0.00616957 0.00698508 -0.01405605
v 0.00616957 0.01541251 -0.00289634
v 0.00616957 0.01498034 -0.00441520
v 0.00616957 0.01462032 -0.00568060
v 0.00616957 0.01333001 -0.00827189
v 0.00251820 0.01453030 -0.01326649
v 0.00279017 0.01548533 -0.00960641
v 0.00356909 0.01581613 -0.00614386
v 0.00474904 0.01580302 -0.00296934
v 0.00488328 0.01601375 -0.00001392
v 0.00251820 0.02285454 -0.01042132
v 0.00251820 0.02265578 -0.01092777
v 0.00280296 0.02399123 -0.01157089
v 0.00251820 0.02143305 -0.01304561
v 0.00251820 0.02077603 -0.01418360
v 0.00280296 0.02200070 -0.01501856
v 0.00251820 0.01268737 -0.02171769
v 0.00251820 0.01256986 -0.02179781
v 0.00280296 0.01331097 -0.02308145
v 0.00251820 0.00919872 -0.02342126
v 0.00251820 0.00918267 -0.02342899
v 0.00280296 0.00972419 -0.02480876
v 0.00484356 0.00639852 -0.02807862
v 0.00484356 0.01050980 -0.02681046
v 0.00361670 0.01018861 -0.02599207
v 0.00630885 0.02881575 -0.00435826
v 0.00630885 0.02914131 -0.00001392
v 0.00484356 0.02877936 -0.00001392
v 0.00630885 0.02842807 -0.00605680
v 0.00484356 0.02845785 -0.00430432
v 0.00630885 0.02657275 -0.01185058
v 0.00630885 0.02784633 -0.00860555
v 0.00484356 0.02750046 -0.00849887
v 0.00630885 0.02353369 -0.01711439
v 0.00630885 0.02407645 -0.01643379
v 0.00484356 0.02377740 -0.01622989
v 0.00630885 0.00303199 -0.02895105
v 0.00630885 0.00647906 -0.02843149
v 0.00630885 -0.00218533 -0.02908080
v 0.00630885 0.00217120 -0.02908080
v 0.00484356 0.00214414 -0.02871986
v 0.00630885 -0.00899136 -0.02766091
v 0.00630885 -0.00649320 -0.02843149
v 0.00484356 -0.00641265 -0.02807862
v 0.00630885 -0.02915545 -0.00001392
v 0.00630885 -0.02882988 -0.00435826
v 0.00484356 -0.02847198 -0.00430432
v 0.00630885 -0.02844221 -0.00605680
v 0.00630885 -0.02786046 -0.00860555
v 0.00484356 -0.02751460 -0.00849887
v 0.00630885 -0.02658689 -0.01185058
v 0.00484356 -0.02594275 -0.01250388
v 0.00630885 -0.02626885 -0.01266093
v 0.00484356 -0.02379154 -0.01622989
v 0.00630885 -0.02409059 -0.01643379
v 0.00630885 -0.02354783 -0.01711439
v 0.00484356 -0.02110902 -0.01959367
v 0.00630885 -0.02137434 -0.01983985
v 0.00484356 -0.01795512 -0.02252006
v 0.00630885 -0.01065616 -0.02714738
v 0.00484356 -0.01052393 -0.02681046
v 0.00630885 -0.01458126 -0.02525716
v 0.00484356 -0.01440028 -0.02494370
v 0.00630885 -0.01818079 -0.02280304
v 0.00630885 -0.01945792 -0.02161803
v 0.00630885 0.00897721 -0.02766091
v 0.00630885 0.01064203 -0.02714738
v 0.00630885 0.01456712 -0.02525716
v 0.00630885 0.01816665 -0.02280304
v 0.00484356 0.01794097 -0.02252006
v 0.00630885 0.01944379 -0.02161803
v 0.00630885 0.02136020 -0.01983985
v 0.00484356 0.02109489 -0.01959367
v 0.00630885 0.02625471 -0.01266093
v 0.00484356 0.02592861 -0.01250388
v 0.00361670 -0.02667450 -0.00823973
v 0.00361670 -0.02515066 -0.01212243
v 0.00361670 -0.02306514 -0.01573465
v 0.00361670 -0.02046455 -0.01899569
v 0.00361670 -0.01740697 -0.02183271
v 0.00361670 -0.01396070 -0.02418233
v 0.00361670 -0.01020274 -0.02599207
v 0.00361670 -0.00621702 -0.02722151
v 0.00361670 0.01394657 -0.02418233
v 0.00484356 0.01438614 -0.02494370
v 0.00280296 -0.02545979 -0.00786505
v 0.00280296 -0.02400535 -0.01157089
v 0.00280296 -0.02201484 -0.01501856
v 0.00280296 -0.01953270 -0.01813106
v 0.00280296 -0.01661440 -0.02083885
v 0.00280296 -0.01332511 -0.02308145
v 0.00280296 -0.00973833 -0.02480876
v 0.00280296 -0.00593416 -0.02598219
v 0.00280296 -0.00199758 -0.02657553
v 0.00630885 -0.00304613 -0.02895105
v 0.00484356 -0.00215829 -0.02871986
v 0.00361670 -0.00209259 -0.02784317
v 0.00361670 0.00207844 -0.02784317
v 0.00280296 0.00198345 -0.02657553
v 0.00280296 0.00592002 -0.02598219
v 0.00361670 0.01739283 -0.02183271
v 0.00280296 0.01660026 -0.02083885
v 0.00361670 0.02045042 -0.01899569
v 0.00280296 0.01951857 -0.01813106
v 0.00484356 -0.02879350 -0.00001392
v 0.00361670 -0.02760264 -0.00417328
v 0.00361670 -0.02791435 -0.00001392
v 0.00280296 -0.02634566 -0.00398382
v 0.00280296 -0.02664316 -0.00001392
v 0.00251820 -0.02487998 -0.00376291
v 0.00251820 -0.02516093 -0.00001392
v 0.00251820 -0.02404341 -0.00742815
v 0.00251820 -0.00317467 -0.02490333
v 0.00251820 -0.00560433 -0.02453712
v 0.00251820 -0.00919680 -0.02342899
v 0.00251820 -0.01258400 -0.02179781
v 0.00251820 -0.01569025 -0.01968000
v 0.00251820 -0.01844616 -0.01712289
v 0.00251820 -0.02079016 -0.01418360
v 0.00251820 -0.02266991 -0.01092777
v 0.00251820 -0.02369249 -0.00832230
v 0.00251820 0.00136073 -0.02509744
v 0.00251820 -0.00176021 -0.02509744
v 0.00251820 -0.00188682 -0.02509744
v 0.00251820 0.00187268 -0.02509744
v 0.00251820 0.00496256 -0.02463172
v 0.00251820 0.00269595 -0.02497336
v 0.00251820 0.00799920 -0.02379404
v 0.00251820 0.00660435 -0.02422430
v 0.00251820 0.00559019 -0.02453712
v 0.00361670 0.00620289 -0.02722151
v 0.00361670 0.02305101 -0.01573465
v 0.00251820 0.01956862 -0.01569764
v 0.00251820 0.01858631 -0.01692942
v 0.00251820 0.01843202 -0.01712289
v 0.00251820 0.01567611 -0.01968000
v 0.00251820 0.01409686 -0.02075671
v 0.00361670 0.02513652 -0.01212243
v 0.00280296 0.02544565 -0.00786505
v 0.00251820 0.02402928 -0.00742815
v 0.00251820 0.02367835 -0.00832230
v 0.00361670 0.02666037 -0.00823973
v 0.00361670 0.02758851 -0.00417328
v 0.00280296 0.02633152 -0.00398382
v 0.00251820 0.02486584 -0.00376291
v 0.00361670 0.02790022 -0.00001392
v 0.00280296 0.02662903 -0.00001392
v 0.00251820 0.02514680 -0.00001392
v 0.01017520 0.02934394 -0.00001392
v 0.01017520 0.02904519 -0.00419100
v 0.01017520 0.02862980 -0.00610051
v 0.01017520 0.02815501 -0.00828305
v 0.01017520 0.02678898 -0.01194555
v 0.01017520 0.02669155 -0.01220677
v 0.01017520 0.02468457 -0.01588227
v 0.01017520 0.02368092 -0.01722299
v 0.01017520 0.02217494 -0.01923474
v 0.01017520 0.01960815 -0.02180153
v 0.01017520 0.01921375 -0.02219593
v 0.01017520 0.01586129 -0.02470556
v 0.01017520 -0.00418415 -0.02906618
v 0.01017520 -0.00307092 -0.02914580
v 0.01017520 -0.00000707 -0.02936493
v 0.01017520 0.00305677 -0.02914580
v 0.01017520 0.00417001 -0.02906618
v 0.01017520 0.00826207 -0.02817601
v 0.01017520 0.00904617 -0.02788355
v 0.01017520 0.01218578 -0.02671253
v 0.01017520 0.01463658 -0.02537430
v 0.01017520 -0.01587542 -0.02470556
v 0.01017520 -0.01465072 -0.02537430
v 0.01017520 -0.01219992 -0.02671253
v 0.01017520 -0.00906030 -0.02788355
v 0.01017520 -0.00827620 -0.02817601
v 0.01017520 -0.02935807 -0.00001392
v 0.01017520 -0.02905932 -0.00419100
v 0.01017520 -0.02864394 -0.00610051
v 0.01017520 -0.02816916 -0.00828305
v 0.01017520 -0.02680311 -0.01194555
v 0.01017520 -0.02670568 -0.01220677
v 0.01017520 -0.02469870 -0.01588227
v 0.01017520 -0.02369506 -0.01722299
v 0.01017520 -0.02218908 -0.01923474
v 0.01017520 -0.01962229 -0.02180153
v 0.01017520 -0.01922789 -0.02219593
v 0.01017520 -0.02864394 0.00607267
v 0.01017520 -0.02816916 0.00825521
v 0.01127417 -0.02842961 0.00833169
v 0.01017520 -0.02680311 0.01191770
v 0.01017520 -0.02670568 0.01217893
v 0.01127417 -0.02695261 0.01229170
v 0.01017520 -0.02369506 0.01719515
v 0.01017520 -0.02218908 0.01920690
v 0.01127417 -0.02239423 0.01938467
v 0.01017520 -0.00307092 0.02911796
v 0.01017520 -0.00000707 0.02933709
v 0.01127417 -0.00000707 0.02960855
v 0.01017520 0.00904617 0.02785571
v 0.01017520 0.01218578 0.02668469
v 0.01127417 0.01229855 0.02693162
v 0.01017520 0.01960815 0.02177370
v 0.01017520 0.02217494 0.01920690
v 0.01127417 0.02238010 0.01938467
v 0.01017520 0.02678898 0.01191770
v 0.01017520 0.02815501 0.00825521
v 0.01127417 0.02841548 0.00833169
v 0.01301820 0.03201058 0.00458952
v 0.01301820 0.03102955 0.00909925
v 0.01280462 0.03091022 0.00443131
v 0.01280462 0.02996291 0.00878605
v 0.01219432 0.02996654 0.00429563
v 0.01219432 0.02904814 0.00851745
v 0.01127417 0.02931388 0.00420180
v 0.01301820 0.02720487 0.01747413
v 0.01301820 0.02443909 0.02116880
v 0.01280462 0.02626967 0.01687312
v 0.01280462 0.02359894 0.02044080
v 0.01219432 0.02546762 0.01635767
v 0.01219432 0.02287841 0.01981647
v 0.01127417 0.02491294 0.01600119
v 0.01301820 0.01748098 0.02719802
v 0.01301820 0.01343032 0.02940985
v 0.01280462 0.01687997 0.02626282
v 0.01280462 0.01296851 0.02839864
v 0.01219432 0.01636453 0.02546078
v 0.01219432 0.01257246 0.02753140
v 0.01127417 0.01600805 0.02490608
v 0.01301820 0.00459638 0.03200373
v 0.01301820 -0.00000707 0.03233298
v 0.01280462 0.00443817 0.03090338
v 0.01280462 -0.00000707 0.03122130
v 0.01219432 0.00430249 0.02995969
v 0.01219432 -0.00000707 0.03026791
v 0.01127417 0.00420864 0.02930703
v 0.01301820 -0.00912024 0.03102269
v 0.01301820 -0.01344445 0.02940985
v 0.01280462 -0.00880705 0.02995606
v 0.01280462 -0.01298265 0.02839864
v 0.01219432 -0.00853845 0.02904128
v 0.01219432 -0.01258659 0.02753140
v 0.01127417 -0.00835268 0.02840862
v 0.01127417 -0.01231269 0.02693162
v 0.01301820 -0.01749512 0.02719802
v 0.01280462 -0.01689410 0.02626282
v 0.01219432 -0.01637867 0.02546078
v 0.01127417 -0.01602218 0.02490608
v 0.01301820 -0.02118978 0.02443223
v 0.01280462 -0.02046179 0.02359208
v 0.01219432 -0.01983745 0.02287156
v 0.01127417 -0.01940566 0.02237325
v 0.01301820 0.03233982 -0.00001392
v 0.01280462 0.03122815 -0.00001392
v 0.01219432 0.03027476 -0.00001392
v 0.01127417 0.02961539 -0.00001392
v 0.01017520 0.02904519 0.00416316
v 0.01017520 0.02862980 0.00607267
v 0.01017520 0.02669155 0.01217893
v 0.01127417 0.02693847 0.01229170
v 0.01219432 0.02753826 0.01256561
v 0.01280462 0.02840549 0.01296166
v 0.01301820 0.02941670 0.01342347
v 0.01017520 0.02468457 0.01585443
v 0.01017520 0.02368092 0.01719515
v 0.01017520 0.01921375 0.02216809
v 0.01127417 0.01939153 0.02237325
v 0.01219432 0.01982332 0.02287156
v 0.01280462 0.02044765 0.02359208
v 0.01301820 0.02117564 0.02443223
v 0.01017520 0.01586129 0.02467772
v 0.01017520 0.01463658 0.02534646
v 0.01017520 0.00826207 0.02814817
v 0.01127417 0.00833854 0.02840862
v 0.01219432 0.00852431 0.02904128
v 0.01280462 0.00879291 0.02995606
v 0.01301820 0.00910610 0.03102269
v 0.01017520 0.00417001 0.02903833
v 0.01017520 0.00305677 0.02911796
v 0.01017520 -0.00418415 0.02903833
v 0.01127417 -0.00422279 0.02930703
v 0.01219432 -0.00431662 0.02995969
v 0.01280462 -0.00445231 0.03090338
v 0.01301820 -0.00461051 0.03200373
v 0.01017520 -0.00827620 0.02814817
v 0.01017520 -0.01962229 0.02177370
v 0.01017520 -0.01922789 0.02216809
v 0.01017520 -0.01587542 0.02467772
v 0.01017520 -0.01465072 0.02534646
v 0.01017520 -0.01219992 0.02668469
v 0.01017520 -0.00906030 0.02785571
v 0.01219432 -0.02289255 0.01981647
v 0.01280462 -0.02361307 0.02044080
v 0.01301820 -0.02445322 0.02116880
v 0.01017520 -0.02469870 0.01585443
v 0.01127417 -0.02492707 0.01600119
v 0.01219432 -0.02548177 0.01635767
v 0.01280462 -0.02628381 0.01687312
v 0.01301820 -0.02721900 0.01747413
v 0.01301820 -0.02943084 0.01342347
v 0.01280462 -0.02841963 0.01296166
v 0.01219432 -0.02755239 0.01256561
v 0.01219432 -0.02906227 0.00851745
v 0.01280462 -0.02997705 0.00878605
v 0.01301820 -0.03104369 0.00909925
v 0.01017520 -0.02905932 0.00416316
v 0.01127417 -0.02932802 0.00420180
v 0.01219432 -0.02998067 0.00429563
v 0.01280462 -0.03092436 0.00443131
v 0.01301820 -0.03202472 0.00458952
v 0.01301820 -0.03235396 -0.00001392
v 0.01280462 -0.03124229 -0.00001392
v 0.01219432 -0.03028890 -0.00001392
v 0.01127417 -0.02962954 -0.00001392
v 0.01301820 0.03849293 -0.00001392
v 0.01281723 0.03924293 -0.00001392
v 0.01281723 0.03907550 0.00360761
v 0.01226820 0.03979197 -0.00001392
v 0.01226820 0.03962220 0.00365828
v 0.01151820 0.03999293 -0.00001392
v 0.01151820 0.03982230 0.00367681
v 0.01151820 0.03931186 0.00733606
v 0.01226820 0.03911432 0.00729913
v 0.01151820 0.03846596 0.01093259
v 0.01226820 0.03827267 0.01087760
v 0.01151820 0.03729182 0.01443575
v 0.01226820 0.03710443 0.01436315
v 0.01151820 0.03579946 0.01781562
v 0.01226820 0.03561957 0.01772604
v 0.01151820 0.03400162 0.02104337
v 0.01226820 0.03383076 0.02093757
v 0.01151820 0.03191362 0.02409147
v 0.01226820 0.03175325 0.02397037
v 0.01151820 0.02955329 0.02693391
v 0.01226820 0.02940478 0.02679852
v 0.01151820 0.02694076 0.02954644
v 0.01226820 0.02680538 0.02939792
v 0.01151820 0.02409832 0.03190677
v 0.01226820 0.02397721 0.03174640
v 0.01151820 0.02105022 0.03399477
v 0.01226820 0.02094443 0.03382390
v 0.01151820 0.01782247 0.03579260
v 0.01226820 0.01773289 0.03561271
v 0.01151820 0.01444260 0.03728497
v 0.01226820 0.01437000 0.03709757
v 0.01151820 0.01093945 0.03845910
v 0.01226820 0.01088446 0.03826581
v 0.01151820 0.00734291 0.03930500
v 0.01226820 0.00730598 0.03910746
v 0.01151820 0.00368367 0.03981545
v 0.01226820 0.00366513 0.03961535
v 0.01151820 -0.00000707 0.03998608
v 0.01226820 -0.00000707 0.03978512
v 0.01151820 -0.00369781 0.03981545
v 0.01226820 -0.00367926 0.03961535
v 0.01151820 -0.00735705 0.03930500
v 0.01226820 -0.00732012 0.03910746
v 0.01151820 -0.01095359 0.03845910
v 0.01226820 -0.01089859 0.03826581
v 0.01151820 -0.01445673 0.03728497
v 0.01226820 -0.01438413 0.03709757
v 0.01151820 -0.01783660 0.03579260
v 0.01226820 -0.01774703 0.03561271
v 0.01151820 -0.02106436 0.03399477
v 0.01226820 -0.02095857 0.03382390
v 0.01151820 -0.02411246 0.03190677
v 0.01226820 -0.02399135 0.03174640
v 0.01151820 -0.02695490 0.02954644
v 0.01226820 -0.02681950 0.02939792
v 0.01151820 -0.02956743 0.02693391
v 0.01226820 -0.02941892 0.02679852
v 0.01151820 -0.03192776 0.02409147
v 0.01226820 -0.03176739 0.02397037
v 0.01151820 -0.03401576 0.02104337
v 0.01226820 -0.03384490 0.02093757
v 0.01151820 -0.03581360 0.01781562
v 0.01226820 -0.03563371 0.01772604
v 0.01151820 -0.03730596 0.01443575
v 0.01226820 -0.03711857 0.01436315
v 0.01151820 -0.03848010 0.01093259
v 0.01226820 -0.03828681 0.01087760
v 0.01151820 -0.03932599 0.00733606
v 0.01226820 -0.03912846 0.00729913
v 0.01151820 -0.03983644 0.00367681
v 0.01226820 -0.03963633 0.00365828
v 0.01151820 -0.04000707 -0.00001392
v 0.01226820 -0.03980611 -0.00001392
v 0.01281723 0.03857462 0.00719825
v 0.01281723 0.03774459 0.01072735
v 0.01281723 0.03659246 0.01416481
v 0.01281723 0.03512809 0.01748131
v 0.01281723 0.03336395 0.02064855
v 0.01281723 0.03131511 0.02363949
v 0.01281723 0.02899903 0.02642863
v 0.01281723 0.02643549 0.02899218
v 0.01281723 0.02364634 0.03130826
v 0.01281723 0.02065539 0.03335711
v 0.01281723 0.01748816 0.03512123
v 0.01281723 0.01417166 0.03658561
v 0.01281723 0.01073421 0.03773774
v 0.01281723 0.00720510 0.03856777
v 0.01281723 0.00361446 0.03906865
v 0.01281723 -0.00000707 0.03923608
v 0.01281723 -0.00362860 0.03906865
v 0.01281723 -0.00721924 0.03856777
v 0.01281723 -0.01074834 0.03773774
v 0.01281723 -0.01418580 0.03658561
v 0.01281723 -0.01750230 0.03512123
v 0.01281723 -0.02066953 0.03335711
v 0.01281723 -0.02366048 0.03130826
v 0.01281723 -0.02644962 0.02899218
v 0.01281723 -0.02901317 0.02642863
v 0.01281723 -0.03132925 0.02363949
v 0.01281723 -0.03337810 0.02064855
v 0.01281723 -0.03514223 0.01748131
v 0.01281723 -0.03660661 0.01416481
v 0.01281723 -0.03775873 0.01072735
v 0.01281723 -0.03858877 0.00719825
v 0.01281723 -0.03908964 0.00360761
v 0.01281723 -0.03925708 -0.00001392
v 0.01301820 0.03832870 0.00353841
v 0.01301820 0.03783740 0.00706043
v 0.01301820 0.03702322 0.01052210
v 0.01301820 0.03589311 0.01389389
v 0.01301820 0.03445672 0.01714700
v 0.01301820 0.03272629 0.02025372
v 0.01301820 0.03071660 0.02318751
v 0.01301820 0.02844478 0.02592336
v 0.01301820 0.02593022 0.02843792
v 0.01301820 0.02319436 0.03070974
v 0.01301820 0.02026057 0.03271944
v 0.01301820 0.01715386 0.03444986
v 0.01301820 0.01390073 0.03588627
v 0.01301820 0.01052895 0.03701637
v 0.01301820 0.00706729 0.03783055
v 0.01301820 0.00354526 0.03832185
v 0.01301820 -0.00000707 0.03848609
v 0.01301820 -0.00355940 0.03832185
v 0.01301820 -0.00708143 0.03783055
v 0.01301820 -0.01054310 0.03701637
v 0.01301820 -0.01391487 0.03588627
v 0.01301820 -0.01716799 0.03444986
v 0.01301820 -0.02027471 0.03271944
v 0.01301820 -0.02320850 0.03070974
v 0.01301820 -0.02594435 0.02843792
v 0.01301820 -0.02845891 0.02592336
v 0.01301820 -0.03073073 0.02318751
v 0.01301820 -0.03274043 0.02025372
v 0.01301820 -0.03447086 0.01714700
v 0.01301820 -0.03590725 0.01389389
v 0.01301820 -0.03703736 0.01052210
v 0.01301820 -0.03785154 0.00706043
v 0.01301820 -0.03834284 0.00353841
v 0.01301820 -0.03850707 -0.00001392
v 0.01001820 0.03729182 0.01443575
v 0.01001820 0.03931186 0.00733606
v 0.01001820 0.03999293 -0.00001392
v 0.01001820 0.03400162 0.02104337
v 0.01001820 0.02955329 0.02693391
v 0.01001820 0.02409832 0.03190677
v 0.01001820 0.01093945 0.03845910
v 0.01001820 0.01782247 0.03579260
v 0.01001820 0.00368367 0.03981545
v 0.01001820 -0.00369781 0.03981545
v 0.01001820 -0.01095359 0.03845910
v 0.01001820 -0.01783660 0.03579260
v 0.01001820 -0.02411246 0.03190677
v 0.01001820 -0.03401576 0.02104337
v 0.01001820 -0.02956743 0.02693391
v 0.01001820 -0.03730596 0.01443575
v 0.01001820 -0.03932599 0.00733606
v 0.01001820 -0.04000707 -0.00001392
v -0.00998180 0.03729182 0.01443575
v -0.00998180 0.03931186 0.00733606
v -0.00998180 0.03999293 -0.00001392
v -0.00998180 0.03400162 0.02104337
v -0.00998180 0.02955329 0.02693391
v -0.00998180 0.02409832 0.03190677
v -0.00998180 0.01782247 0.03579260
v -0.00998180 0.01093945 0.03845910
v -0.00998180 0.00368367 0.03981545
v -0.00998180 -0.00369781 0.03981545
v -0.00998180 -0.01095359 0.03845910
v -0.00998180 -0.01783660 0.03579260
v -0.00998180 -0.02411246 0.03190677
v -0.00998180 -0.02956743 0.02693391
v -0.00998180 -0.03401576 0.02104337
v -0.00998180 -0.03730596 0.01443575
v -0.00998180 -0.03932599 0.00733606
v -0.00998180 -0.04000707 -0.00001392
v -0.00979430 0.04951028 -0.00001392
v -0.01084305 0.04919999 -0.00001392
v -0.01084305 0.04886727 0.00569867
v -0.01171087 0.04853440 -0.00001392
v -0.01171087 0.04820618 0.00562140
v -0.01228245 0.04760196 -0.00001392
v -0.01228245 0.04728005 0.00551315
v -0.01248180 0.04652661 -0.00001392
v -0.01248180 0.04621195 0.00538831
v -0.01248180 0.04527229 0.01071748
v -0.01228245 0.04631865 0.01096548
v -0.01248180 0.04372028 0.01590153
v -0.01228245 0.04473079 0.01626933
v -0.01248180 0.04157694 0.02087036
v -0.01228245 0.04253792 0.02135298
v -0.01248180 0.03887125 0.02555675
v -0.01228245 0.03976970 0.02614767
v -0.01248180 0.03563979 0.02989735
v -0.01228245 0.03646357 0.03058857
v -0.01248180 0.03192628 0.03383344
v -0.01228245 0.03266424 0.03461564
v -0.01248180 0.02778091 0.03731181
v -0.01228245 0.02842308 0.03817439
v -0.01248180 0.02325976 0.04028542
v -0.01228245 0.02379745 0.04121672
v -0.01248180 0.01842398 0.04271405
v -0.01228245 0.01884991 0.04370145
v -0.01248180 0.01333894 0.04456484
v -0.01228245 0.01364735 0.04559503
v -0.01248180 0.00807342 0.04581281
v -0.01228245 0.00826015 0.04687183
v -0.01248180 0.00269862 0.04644102
v -0.01228245 0.00276115 0.04751456
v -0.01248180 -0.00271276 0.04644102
v -0.01228245 -0.00277529 0.04751456
v -0.01248180 -0.00808756 0.04581281
v -0.01228245 -0.00827429 0.04687183
v -0.01248180 -0.01335308 0.04456484
v -0.01228245 -0.01366149 0.04559503
v -0.01248180 -0.01843811 0.04271405
v -0.01228245 -0.01886404 0.04370145
v -0.01248180 -0.02327391 0.04028542
v -0.01228245 -0.02381159 0.04121672
v -0.01248180 -0.02779506 0.03731181
v -0.01228245 -0.02843721 0.03817439
v -0.01248180 -0.03194042 0.03383344
v -0.01228245 -0.03267837 0.03461564
v -0.01248180 -0.03565393 0.02989735
v -0.01228245 -0.03647770 0.03058857
v -0.01248180 -0.03888539 0.02555675
v -0.01228245 -0.03978384 0.02614767
v -0.01248180 -0.04159108 0.02087036
v -0.01228245 -0.04255206 0.02135298
v -0.01248180 -0.04373442 0.01590153
v -0.01228245 -0.04474493 0.01626933
v -0.01248180 -0.04528642 0.01071748
v -0.01228245 -0.04633280 0.01096548
v -0.01248180 -0.04622610 0.00538831
v -0.01228245 -0.04729419 0.00551315
v -0.01248180 -0.04654075 -0.00001392
v -0.01228245 -0.04761611 -0.00001392
v -0.01171087 0.04722596 0.01118051
v -0.01171087 0.04560699 0.01658825
v -0.01171087 0.04337117 0.02177145
v -0.01171087 0.04054875 0.02666005
v -0.01171087 0.03717786 0.03118794
v -0.01171087 0.03330411 0.03529386
v -0.01171087 0.02897989 0.03892232
v -0.01171087 0.02426366 0.04202422
v -0.01171087 0.01921923 0.04455765
v -0.01171087 0.01391478 0.04648830
v -0.01171087 0.00842207 0.04779010
v -0.01171087 0.00281537 0.04844543
v -0.01171087 -0.00282951 0.04844543
v -0.01171087 -0.00843620 0.04779010
v -0.01171087 -0.01392892 0.04648830
v -0.01171087 -0.01923336 0.04455765
v -0.01171087 -0.02427781 0.04202422
v -0.01171087 -0.02899402 0.03892232
v -0.01171087 -0.03331825 0.03529386
v -0.01171087 -0.03719200 0.03118794
v -0.01171087 -0.04056288 0.02666005
v -0.01171087 -0.04338532 0.02177145
v -0.01171087 -0.04562113 0.01658825
v -0.01171087 -0.04724010 0.01118051
v -0.01171087 -0.04822033 0.00562140
v -0.01171087 -0.04854855 -0.00001392
v -0.01084305 0.04787362 0.01133401
v -0.01084305 0.04623245 0.01681589
v -0.01084305 0.04396597 0.02207017
v -0.01084305 0.04110483 0.02702580
v -0.01084305 0.03768774 0.03161577
v -0.01084305 0.03376087 0.03577799
v -0.01084305 0.02937735 0.03945621
v -0.01084305 0.02459647 0.04260065
v -0.01084305 0.01948286 0.04516880
v -0.01084305 0.01410568 0.04712594
v -0.01084305 0.00853765 0.04844558
v -0.01084305 0.00285407 0.04910990
v -0.01084305 -0.00286820 0.04910990
v -0.01084305 -0.00855178 0.04844558
v -0.01084305 -0.01411981 0.04712594
v -0.01084305 -0.01949699 0.04516880
v -0.01084305 -0.02461060 0.04260065
v -0.01084305 -0.02939149 0.03945621
v -0.01084305 -0.03377501 0.03577799
v -0.01084305 -0.03770187 0.03161577
v -0.01084305 -0.04111898 0.02702580
v -0.01084305 -0.04398011 0.02207017
v -0.01084305 -0.04624658 0.01681589
v -0.01084305 -0.04788775 0.01133401
v -0.01084305 -0.04888142 0.00569867
v -0.01084305 -0.04921414 -0.00001392
v -0.00979430 0.04917547 0.00573469
v -0.00979430 0.04817553 0.01140556
v -0.00979430 0.04652402 0.01692201
v -0.00979430 0.04424325 0.02220942
v -0.00979430 0.04136407 0.02719631
v -0.00979430 0.03792543 0.03181522
v -0.00979430 0.03397381 0.03600369
v -0.00979430 0.02956264 0.03970510
v -0.00979430 0.02475161 0.04286937
v -0.00979430 0.01960575 0.04545371
v -0.00979430 0.01419467 0.04742318
v -0.00979430 0.00859153 0.04875115
v -0.00979430 0.00287211 0.04941965
v -0.00979430 -0.00288625 0.04941965
v -0.00979430 -0.00860567 0.04875115
v -0.00979430 -0.01420881 0.04742318
v -0.00979430 -0.01961989 0.04545371
v -0.00979430 -0.02476574 0.04286937
v -0.00979430 -0.02957678 0.03970510
v -0.00979430 -0.03398794 0.03600369
v -0.00979430 -0.03793957 0.03181522
v -0.00979430 -0.04137822 0.02719631
v -0.00979430 -0.04425739 0.02220942
v -0.00979430 -0.04653816 0.01692201
v -0.00979430 -0.04818968 0.01140556
v -0.00979430 -0.04918961 0.00573469
v -0.00979430 -0.04952442 -0.00001392
v 0.01251820 0.04652661 -0.00001392
v 0.01231884 0.04760196 -0.00001392
v 0.01231884 0.04728005 0.00551315
v 0.01174727 0.04853440 -0.00001392
v 0.01174727 0.04820618 0.00562140
v 0.01087944 0.04919999 -0.00001392
v 0.01087944 0.04886727 0.00569867
v 0.00983070 0.04951028 -0.00001392
v 0.00983070 0.04917547 0.00573469
v 0.00983070 0.04817553 0.01140556
v 0.01087944 0.04787362 0.01133401
v 0.00983070 0.04652402 0.01692201
v 0.01087944 0.04623245 0.01681589
v 0.00983070 0.04424325 0.02220942
v 0.01087944 0.04396597 0.02207017
v 0.00983070 0.04136407 0.02719631
v 0.01087944 0.04110483 0.02702580
v 0.00983070 0.03792543 0.03181522
v 0.01087944 0.03768774 0.03161577
v 0.00983070 0.03397381 0.03600369
v 0.01087944 0.03376087 0.03577799
v 0.00983070 0.02956264 0.03970510
v 0.01087944 0.02937735 0.03945621
v 0.00983070 0.02475161 0.04286937
v 0.01087944 0.02459647 0.04260065
v 0.00983070 0.01960575 0.04545371
v 0.01087944 0.01948286 0.04516880
v 0.00983070 0.01419467 0.04742318
v 0.01087944 0.01410568 0.04712594
v 0.00983070 0.00859153 0.04875115
v 0.01087944 0.00853765 0.04844558
v 0.00983070 0.00287211 0.04941965
v 0.01087944 0.00285407 0.04910990
v 0.00983070 -0.00288625 0.04941965
v 0.01087944 -0.00286820 0.04910990
v 0.00983070 -0.00860567 0.04875115
v 0.01087944 -0.00855178 0.04844558
v 0.00983070 -0.01420881 0.04742318
v 0.01087944 -0.01411981 0.04712594
v 0.00983070 -0.01961989 0.04545371
v 0.01087944 -0.01949699 0.04516880
v 0.00983070 -0.02476574 0.04286937
v 0.01087944 -0.02461060 0.04260065
v 0.00983070 -0.02957678 0.03970510
v 0.01087944 -0.02939149 0.03945621
v 0.00983070 -0.03398794 0.03600369
v 0.01087944 -0.03377501 0.03577799
v 0.00983070 -0.03793957 0.03181522
v 0.01087944 -0.03770187 0.03161577
v 0.00983070 -0.04137822 0.02719631
v 0.01087944 -0.04111898 0.02702580
v 0.00983070 -0.04425739 0.02220942
v 0.01087944 -0.04398011 0.02207017
v 0.00983070 -0.04653816 0.01692201
v 0.01087944 -0.04624658 0.01681589
v 0.00983070 -0.04818968 0.01140556
v 0.01087944 -0.04788775 0.01133401
v 0.00983070 -0.04918961 0.00573469
v 0.01087944 -0.04888142 0.00569867
v 0.00983070 -0.04952442 -0.00001392
v 0.01087944 -0.04921414 -0.00001392
v 0.01174727 0.04722596 0.01118051
v 0.01174727 0.04560699 0.01658825
v 0.01174727 0.04337117 0.02177145
v 0.01174727 0.04054875 0.02666005
v 0.01174727 0.03717786 0.03118794
v 0.01174727 0.03330411 0.03529386
v 0.01174727 0.02897989 0.03892232
v 0.01174727 0.02426366 0.04202422
v 0.01174727 0.01921923 0.04455765
v 0.01174727 0.01391478 0.04648830
v 0.01174727 0.00842207 0.04779010
v 0.01174727 0.00281537 0.04844543
v 0.01174727 -0.00282951 0.04844543
v 0.01174727 -0.00843620 0.04779010
v 0.01174727 -0.01392892 0.04648830
v 0.01174727 -0.01923336 0.04455765
v 0.01174727 -0.02427781 0.04202422
v 0.01174727 -0.02899402 0.03892232
v 0.01174727 -0.03331825 0.03529386
v 0.01174727 -0.03719200 0.03118794
v 0.01174727 -0.04056288 0.02666005
v 0.01174727 -0.04338532 0.02177145
v 0.01174727 -0.04562113 0.01658825
v 0.01174727 -0.04724010 0.01118051
v 0.01174727 -0.04822033 0.00562140
v 0.01174727 -0.04854855 -0.00001392
v 0.01231884 0.04631865 0.01096548
v 0.01231884 0.04473079 0.01626933
v 0.01231884 0.04253792 0.02135298
v 0.01231884 0.03976970 0.02614767
v 0.01231884 0.03646357 0.03058857
v 0.01231884 0.03266424 0.03461564
v 0.01231884 0.02842308 0.03817439
v 0.01231884 0.02379745 0.04121672
v 0.01231884 0.01884991 0.04370145
v 0.01231884 0.01364735 0.04559503
v 0.01231884 0.00826015 0.04687183
v 0.01231884 0.00276115 0.04751456
v 0.01231884 -0.00277529 0.04751456
v 0.01231884 -0.00827429 0.04687183
v 0.01231884 -0.01366149 0.04559503
v 0.01231884 -0.01886404 0.04370145
v 0.01231884 -0.02381159 0.04121672
v 0.01231884 -0.02843721 0.03817439
v 0.01231884 -0.03267837 0.03461564
v 0.01231884 -0.03647770 0.03058857
v 0.01231884 -0.03978384 0.02614767
v 0.01231884 -0.04255206 0.02135298
v 0.01231884 -0.04474493 0.01626933
v 0.01231884 -0.04633280 0.01096548
v 0.01231884 -0.04729419 0.00551315
v 0.01231884 -0.04761611 -0.00001392
v 0.01251820 0.04621195 0.00538831
v 0.01251820 0.04527229 0.01071748
v 0.01251820 0.04372028 0.01590153
v 0.01251820 0.04157694 0.02087036
v 0.01251820 0.03887125 0.02555675
v 0.01251820 0.03563979 0.02989735
v 0.01251820 0.03192628 0.03383344
v 0.01251820 0.02778091 0.03731181
v 0.01251820 0.02325976 0.04028542
v 0.01251820 0.01842398 0.04271405
v 0.01251820 0.01333894 0.04456484
v 0.01251820 0.00807342 0.04581281
v 0.01251820 0.00269862 0.04644102
v 0.01251820 -0.00271276 0.04644102
v 0.01251820 -0.00808756 0.04581281
v 0.01251820 -0.01335308 0.04456484
v 0.01251820 -0.01843811 0.04271405
v 0.01251820 -0.02327391 0.04028542
v 0.01251820 -0.02779506 0.03731181
v 0.01251820 -0.03194042 0.03383344
v 0.01251820 -0.03565393 0.02989735
v 0.01251820 -0.03888539 0.02555675
v 0.01251820 -0.04159108 0.02087036
v 0.01251820 -0.04373442 0.01590153
v 0.01251820 -0.04528642 0.01071748
v 0.01251820 -0.04622610 0.00538831
v 0.01251820 -0.04654075 -0.00001392
v 0.00251820 0.02143305 0.01301777
v 0.00251820 0.02143305 0.01212350
v 0.00251820 0.02194935 0.01212350
v 0.00251820 -0.00582857 0.02322438
v 0.00251820 -0.00317467 0.02368253
v 0.00251820 -0.00317467 0.02381963
v 0.00251820 0.00109540 0.02327451
v 0.00251820 0.00109366 0.02291538
v 0.00251820 0.00136073 0.02291538
v 0.00251820 0.00799920 0.01929255
v 0.00251820 0.00799920 0.01976711
v 0.00251820 0.00789130 0.01976711
v 0.00251820 0.00776180 0.02033673
v 0.00251820 0.01876049 0.01222863
v 0.00251820 0.01860029 0.01246461
v 0.00251820 0.01858631 0.01247532
v 0.00251820 0.00136073 0.01957624
v 0.00251820 0.00136073 0.01976711
v 0.00251820 -0.00176021 0.01976711
v 0.00251820 0.01409686 0.01365829
v 0.00251820 0.01409686 0.01395903
v 0.00251820 0.01375913 0.01395903
v 0.00251820 0.01655430 0.01206793
v 0.00251820 0.01663637 0.01212350
v 0.00251820 0.01537067 0.01212350
v 0.00251820 0.01793920 0.00974118
v 0.00251820 0.01840468 0.00997849
v 0.00251820 0.01687737 0.00997849
v 0.00251820 0.01881648 0.00801966
v 0.00251820 0.01858631 0.00847133
v 0.00251820 0.01858631 0.00617271
v 0.00251820 0.01983563 0.00513558
v 0.00251820 0.02143305 0.00544306
v 0.00251820 0.02143305 0.00564207
v 0.00251820 0.01480769 0.01469024
v 0.00251820 0.01449083 0.01463203
v 0.00251820 0.01409686 0.01743392
v 0.00251820 0.01452995 0.01790502
v 0.00251820 0.01409686 0.01863212
v 0.00251820 0.01488201 0.01819579
v 0.00251820 0.01511152 0.01826556
v 0.00251820 0.01450228 0.01546653
v 0.00251820 0.01457287 0.01546384
v 0.00251820 0.01437179 0.01554676
v 0.00251820 0.01464642 0.01550151
v 0.00251820 0.01524501 0.01739696
v 0.00251820 0.01537826 0.01629742
v 0.00251820 0.01624791 0.01647440
v 0.00251820 0.01592192 0.01579750
v 0.00251820 0.01674733 0.01701756
v 0.00251820 0.01843202 0.01709505
v 0.00251820 0.01572256 0.01795995
v 0.00251820 0.01677545 0.01863212
v 0.00251820 0.01537683 0.01820546
v 0.00251820 0.01518050 0.01742560
v 0.00251820 0.01512314 0.01742209
v 0.00251820 0.01505022 0.01738272
v 0.00251820 0.01409686 0.01634600
v 0.00251820 0.01698187 0.01542728
v 0.00251820 0.01722418 0.01526944
v 0.00251820 0.01858631 0.01690158
v 0.00251820 0.01724927 0.01524119
v 0.00251820 0.01667898 0.01545025
v 0.00251820 0.01639741 0.01531900
v 0.00251820 0.01535535 0.01445442
v 0.00251820 0.01517737 0.01498784
v 0.00251820 0.01531146 0.01441507
v 0.00251820 0.01516309 0.01416926
v 0.00251820 0.01393340 0.01616824
v 0.00251820 0.01389351 0.01609685
v 0.00251820 0.01389149 0.01603977
v 0.00251820 0.01392613 0.01596470
v 0.00251820 0.01396341 0.01592209
v 0.00251820 0.01409686 0.01579943
v 0.00251820 0.01268737 0.01491340
v 0.00251820 0.01312362 0.01578517
v 0.00251820 0.01306709 0.01608165
v 0.00251820 0.01418885 0.01473513
v 0.00251820 0.01409686 0.01480774
v 0.00251820 0.01403104 0.01485968
v 0.00251820 0.01340702 0.01543336
v 0.00251820 0.01268737 0.01863212
v 0.00251820 0.01313746 0.01634848
v 0.00251820 0.01344058 0.01672004
v 0.00251820 0.01786972 0.01449358
v 0.00251820 0.01799992 0.01421411
v 0.00251820 0.01858631 0.01395903
v 0.00251820 0.01797955 0.01395903
v 0.00251820 0.01797574 0.01391126
v 0.00251820 0.01515036 0.01395903
v 0.00251820 0.01514550 0.01387882
v 0.00251820 0.01527651 0.01360359
v 0.00251820 0.01435505 0.01342838
v 0.00251820 0.01628247 0.01239115
v 0.00251820 0.01683072 0.01284631
v 0.00251820 0.01731895 0.01325165
v 0.00251820 0.01592749 0.01393466
v 0.00251820 0.01614027 0.01395903
v 0.00251820 0.01591216 0.01395903
v 0.00251820 0.01589559 0.01398536
v 0.00251820 0.01778938 0.01364173
v 0.00251820 0.01813444 0.01313797
v 0.00251820 0.01781656 0.01366581
v 0.00251820 0.01845114 0.01327831
v 0.00251820 0.01593257 0.01408368
v 0.00251820 0.01590104 0.01404401
v 0.00251820 0.01589004 0.01401755
v 0.00251820 0.02028119 0.00108619
v 0.00251820 0.02043173 0.00109535
v 0.00251820 0.02037884 0.00193653
v 0.00251820 0.02003149 0.00256258
v 0.00251820 0.02011336 0.00126114
v 0.00251820 0.02041939 0.00225762
v 0.00251820 0.02057756 0.00246436
v 0.00251820 0.02023893 0.00304078
v 0.00251820 0.02082912 0.00259849
v 0.00251820 0.02143305 0.00327062
v 0.00251820 0.01956862 0.00253370
v 0.00251820 0.02011534 0.00368310
v 0.00251820 0.02016943 0.00114542
v 0.00251820 0.02023064 0.00109933
v 0.00251820 0.02195688 0.00425576
v 0.00251820 0.02188060 0.00465193
v 0.00251820 0.02143305 0.00478041
v 0.00251820 0.02192571 0.00406639
v 0.00251820 0.02195425 0.00411621
v 0.00251820 0.02185669 0.00402131
v 0.00251820 0.02196209 0.00422007
v 0.00251820 0.02143305 0.00393902
v 0.00251820 0.02182662 0.00478044
v 0.00251820 0.02177293 0.00482067
v 0.00251820 0.02170108 0.00483197
v 0.00251820 0.02285454 0.00274044
v 0.00251820 0.02254341 0.00361546
v 0.00251820 0.02230286 0.00345416
v 0.00251820 0.02285454 0.00564207
v 0.00251820 0.02233563 0.00533883
v 0.00251820 0.02246612 0.00506305
v 0.00251820 0.02175651 0.00550532
v 0.00251820 0.02186789 0.00551752
v 0.00251820 0.02215770 0.00547106
v 0.00251820 0.02098913 0.00262310
v 0.00251820 0.02143305 0.00265102
v 0.00251820 0.02215981 0.00341051
v 0.00251820 0.02227424 0.00344306
v 0.00251820 0.02247818 0.00500793
v 0.00251820 0.02264702 0.00413014
v 0.00251820 0.02264732 0.00381607
v 0.00251820 0.02021406 0.00043369
v 0.00251820 0.02008489 0.00043420
v 0.00251820 0.01956862 -0.00832230
v 0.00251820 0.02285454 -0.00832230
v 0.00251820 0.02285454 0.00060003
v 0.00251820 0.02143305 0.00051048
v 0.00251820 0.02486584 0.00373507
v 0.00251820 0.02443059 0.00564207
v 0.00251820 0.02290543 0.00274364
v 0.00251820 0.02285454 0.00124798
v 0.00251820 0.02299901 0.00125708
v 0.00251820 0.02294612 0.00209470
v 0.00251820 0.02303970 0.00061170
v 0.00251820 0.02124545 0.00114672
v 0.00251820 0.02143305 0.00115852
v 0.00251820 0.02143305 0.00199934
v 0.00251820 0.02285454 0.00208892
v 0.00251820 0.02123527 0.00198688
v 0.00251820 0.02112025 0.00195903
v 0.00251820 0.02106613 0.00191215
v 0.00251820 0.02107762 0.00129776
v 0.00251820 0.02104100 0.00179769
v 0.00251820 0.02104229 0.00184579
v 0.00251820 0.02112037 0.00120737
v 0.00251820 0.02118785 0.00116015
v 0.00251820 0.01924514 0.00760089
v 0.00251820 0.01941956 0.00775502
v 0.00251820 0.01949927 0.00252937
v 0.00251820 0.01924571 0.00402296
v 0.00251820 0.01956862 0.00564207
v 0.00251820 0.01874907 0.00564207
v 0.00251820 0.01956862 0.00605476
v 0.00251820 0.01956862 0.00840045
v 0.00251820 0.01955931 0.00781733
v 0.00251820 0.01956862 0.00782039
v 0.00251820 0.01950678 0.00613562
v 0.00251820 0.01950185 0.00614565
v 0.00251820 0.01921704 0.00701277
v 0.00251820 0.01916521 0.00737553
v 0.00251820 0.01823570 0.00915989
v 0.00251820 0.01858631 0.00933863
v 0.00251820 0.01852049 0.00860045
v 0.00251820 0.01819794 0.00743883
v 0.00251820 0.01735790 0.01088140
v 0.00251820 0.01654959 0.01060882
v 0.00251820 0.01765185 0.01030519
v 0.00251820 0.01691895 0.01152936
v 0.00251820 0.01779670 0.01212350
v 0.00251820 0.01858631 0.01150747
v 0.00251820 0.01858631 0.01212350
v 0.00251820 0.01036912 0.01844732
v 0.00251820 0.01158359 0.01772311
v 0.00251820 0.01190907 0.01826830
v 0.00251820 0.00986563 0.01791840
v 0.00251820 0.00919872 0.01731500
v 0.00251820 0.01121894 0.01711129
v 0.00251820 0.01168669 0.01580448
v 0.00251820 0.01030647 0.01851283
v 0.00251820 0.01032169 0.01848511
v 0.00251820 0.01030809 0.01854191
v 0.00251820 0.01032436 0.01859023
v 0.00251820 0.00894037 0.01863212
v 0.00251820 0.00885857 0.01845983
v 0.00251820 0.00863256 0.01765873
v 0.00251820 0.00849584 0.01863212
v 0.00251820 0.00799920 0.01789985
v 0.00251820 0.00607575 0.01863212
v 0.00251820 0.00660435 0.01843088
v 0.00251820 0.00660435 0.01863212
v 0.00251820 0.00799920 0.01863212
v 0.00251820 0.00496256 0.01908869
v 0.00251820 0.00496256 0.01899081
v 0.00251820 0.00529341 0.01892996
v 0.00251820 0.00660435 0.01908869
v 0.00251820 0.00177941 0.01957624
v 0.00251820 0.00269595 0.01940767
v 0.00251820 0.00269595 0.01976711
v 0.00251820 0.00443033 0.01908869
v 0.00251820 -0.00179354 0.01957624
v 0.00251820 -0.00317467 0.01976711
v 0.00251820 -0.00317467 0.01932223
v 0.00251820 -0.01552163 0.01976711
v 0.00251820 -0.01569025 0.01965216
v 0.00251820 -0.00444446 0.01908869
v 0.00251820 -0.01629751 0.01908869
v 0.00251820 -0.01170082 0.01580448
v 0.00251820 -0.00864670 0.01765873
v 0.00251820 -0.01678958 0.01863212
v 0.00251820 -0.00608989 0.01863212
v 0.00251820 -0.00530755 0.01892996
v 0.00251820 -0.02079016 0.01415576
v 0.00251820 -0.02090375 0.01395903
v 0.00251820 -0.01377327 0.01395903
v 0.00251820 -0.01844616 0.01709505
v 0.00251820 -0.01967246 0.00047392
v 0.00251820 -0.02487998 0.00373507
v 0.00251820 -0.01925984 0.00402296
v 0.00251820 -0.02444472 0.00564207
v 0.00251820 -0.01876321 0.00564207
v 0.00251820 -0.02404341 0.00740031
v 0.00251820 -0.01821207 0.00743883
v 0.00251820 -0.02303156 0.00997849
v 0.00251820 -0.01689149 0.00997849
v 0.00251820 -0.02266991 0.01089994
v 0.00251820 -0.01656373 0.01060882
v 0.00251820 -0.02196348 0.01212350
v 0.00251820 -0.01538481 0.01212350
v 0.00251820 -0.01436918 0.01342838
v 0.00251820 0.01858631 -0.00832230
v 0.00251820 0.01965468 0.00060358
v 0.00251820 0.01965833 0.00047392
v 0.00251820 0.01975513 0.00052739
v 0.00251820 0.02023267 0.00579168
v 0.00251820 0.01990167 0.00578564
v 0.00251820 0.01970102 0.00588162
v 0.00251820 0.02143305 0.00618478
v 0.00251820 0.01995870 0.00449682
v 0.00251820 0.02285454 0.00997849
v 0.00251820 0.02190333 0.00702751
v 0.00251820 0.02192876 0.00691665
v 0.00251820 0.02192765 0.00659999
v 0.00251820 0.02181222 0.00639269
v 0.00251820 0.02163988 0.00626364
v 0.00251820 0.02153563 0.00621838
v 0.00251820 0.02083654 0.00971728
v 0.00251820 0.02091031 0.00942514
v 0.00251820 0.02143305 0.00997849
v 0.00251820 0.02143305 0.00842433
v 0.00251820 0.02144307 0.00842762
v 0.00251820 0.02005467 0.00798007
v 0.00251820 0.02036340 0.00801530
v 0.00251820 0.02085770 0.00823538
v 0.00251820 0.02059066 0.00792446
v 0.00251820 0.02082840 0.00913547
v 0.00251820 0.02070970 0.00899907
v 0.00251820 0.02055733 0.00890102
v 0.00251820 0.02109622 0.00675289
v 0.00251820 0.02122489 0.00680069
v 0.00251820 0.02126446 0.00683751
v 0.00251820 0.02075518 0.00773726
v 0.00251820 0.02082566 0.00757576
v 0.00251820 0.02127626 0.00696242
v 0.00251820 0.02127963 0.00688785
v 0.00251820 0.01858631 0.01078157
v 0.00251820 0.01858631 0.01007108
v 0.00251820 0.01920808 0.01109856
v 0.00251820 0.01949543 0.01053455
v 0.00251820 0.01922791 0.01110564
v 0.00251820 0.01937597 0.01109447
v 0.00251820 0.01931584 0.01111627
v 0.00251820 0.01943338 0.01103041
v 0.00251820 0.01956862 0.01076505
v 0.00251820 0.01956778 0.01059014
v 0.00251820 0.01959315 0.01064319
v 0.00251820 0.01959221 0.01070475
v 0.00251820 0.01958138 0.01074002
v 0.00251820 0.01978888 0.00995173
v 0.00251820 0.01956862 0.00983945
v 0.00251820 0.01956862 0.00913069
v 0.00251820 0.01858631 0.00863374
v 0.00251820 0.02014896 0.00944307
v 0.00251820 0.02017680 0.00950377
v 0.00251820 0.02007469 0.00938670
v 0.00251820 0.02017239 0.00956997
v 0.00251820 0.02014946 0.00962573
v 0.00251820 0.02002180 0.00987646
v 0.00251820 0.01996686 0.00994822
v 0.00251820 0.01990856 0.00997503
v 0.00251820 0.01983175 0.00996870
v 0.00251820 0.01972743 0.01174714
v 0.00251820 0.01992009 0.01151508
v 0.00251820 0.02014691 0.01107008
v 0.00251820 0.02023666 0.01079308
v 0.00251820 0.02037644 0.01044855
v 0.00251820 0.02020609 0.01057170
v 0.00251820 0.02017489 0.01051268
v 0.00251820 0.02056633 0.01024005
v 0.00251820 0.02060971 0.01016228
v 0.00251820 0.02070340 0.00997849
v 0.00251820 0.01909620 0.01176734
v 0.00251820 0.01926471 0.01183442
v 0.00251820 0.01956862 0.01212350
v 0.00251820 0.01944457 0.01185074
v 0.00251820 0.01956862 0.01180531
v 0.00251820 0.01850650 0.01253643
v 0.00251820 0.01844822 0.01254563
v 0.00251820 0.01839229 0.01252666
v 0.00251820 0.01858631 0.01327036
v 0.00251820 0.01869722 0.01326383
v 0.00251820 0.01956862 0.01395903
v 0.00251820 0.01890532 0.01313683
v 0.00251820 0.01905292 0.01296149
v 0.00251820 0.01930161 0.01259480
v 0.00251820 0.01268737 0.01908869
v 0.00251820 0.01230203 0.01908869
v 0.00251820 0.01224272 0.01883098
v 0.00251820 0.01222185 0.01879315
v 0.00251820 0.01212589 0.01863212
v 0.00251820 0.01177114 0.01976711
v 0.00251820 0.01201333 0.01962263
v 0.00251820 0.01268737 0.01976711
v 0.00251820 0.01222810 0.01940493
v 0.00251820 0.01230757 0.01911278
v 0.00251820 0.00919872 0.02283350
v 0.00251820 0.00919872 0.02080149
v 0.00251820 0.00972620 0.02191253
v 0.00251820 0.01036140 0.02283350
v 0.00251820 0.01035581 0.02161350
v 0.00251820 0.01256986 0.02176996
v 0.00251820 0.01085615 0.02020621
v 0.00251820 0.01114212 0.02014048
v 0.00251820 0.00964816 0.01813781
v 0.00251820 0.00956961 0.01841857
v 0.00251820 0.00919872 0.01863212
v 0.00251820 0.00961723 0.01863212
v 0.00251820 0.00919872 0.01908869
v 0.00251820 0.00963334 0.01870436
v 0.00251820 0.00965610 0.01874635
v 0.00251820 0.00986027 0.01908869
v 0.00251820 0.00919872 0.01917629
v 0.00251820 0.01026490 0.01976711
v 0.00251820 0.00947923 0.01976711
v 0.00251820 0.01034979 0.01990946
v 0.00251820 0.01056749 0.02012514
v 0.00251820 0.00799920 0.02283350
v 0.00251820 0.00809746 0.02148814
v 0.00251820 0.00883336 0.02121708
v 0.00251820 0.00799920 0.02053177
v 0.00251820 0.00870764 0.01976711
v 0.00251820 0.00915713 0.01908869
v 0.00251820 0.00711540 0.02288977
v 0.00251820 0.00726839 0.02283350
v 0.00251820 0.00776943 0.02264922
v 0.00251820 0.00706590 0.02050372
v 0.00251820 0.00707707 0.02059253
v 0.00251820 0.00670912 0.01976711
v 0.00251820 0.00712838 0.02066618
v 0.00251820 0.00742690 0.02092526
v 0.00251820 0.00799920 0.02140566
v 0.00251820 0.00598279 0.02148533
v 0.00251820 0.00596659 0.01976711
v 0.00251820 0.00660435 0.02150065
v 0.00251820 0.00614553 0.02214749
v 0.00251820 0.00660435 0.02283350
v 0.00251820 0.00502871 0.02242162
v 0.00251820 0.00496256 0.02283350
v 0.00251820 0.00499439 0.02242887
v 0.00251820 0.00496256 0.02242699
v 0.00251820 0.00487004 0.02059075
v 0.00251820 0.00496256 0.02056801
v 0.00251820 0.00496256 0.02164230
v 0.00251820 0.00504615 0.02169815
v 0.00251820 0.00499008 0.02167451
v 0.00251820 0.00660435 0.01948236
v 0.00251820 0.00656411 0.01937299
v 0.00251820 0.00554542 0.01970380
v 0.00251820 0.00591009 0.01961354
v 0.00251820 0.00556095 0.01976711
v 0.00251820 0.00571223 0.02038377
v 0.00251820 0.00514060 0.02169233
v 0.00251820 0.00528745 0.01976711
v 0.00251820 0.00496256 0.01976711
v 0.00251820 0.00811017 0.01880440
v 0.00251820 0.00822896 0.01875888
v 0.00251820 0.00804554 0.01908869
v 0.00251820 0.00838554 0.01908869
v 0.00251820 0.00721640 0.01976711
v 0.00251820 0.00735501 0.01908869
v 0.00251820 0.00735647 0.01908158
v 0.00251820 0.00799920 0.01884521
v 0.00251820 0.00473882 0.02080131
v 0.00251820 0.00473338 0.02070988
v 0.00251820 0.00476135 0.02064996
v 0.00251820 0.00481480 0.02061009
v 0.00251820 0.00492598 0.02156467
v 0.00251820 0.00494934 0.02162684
v 0.00251820 0.00345155 0.02018555
v 0.00251820 0.00276395 0.02029794
v 0.00251820 0.00385739 0.02266484
v 0.00251820 0.00316980 0.02277722
v 0.00251820 0.00269595 0.02283350
v 0.00251820 0.00496256 0.01984686
v 0.00251820 0.00442859 0.01997793
v 0.00251820 0.00416405 0.02011928
v 0.00251820 0.00400396 0.02037305
v 0.00251820 0.00445523 0.02225180
v 0.00251820 0.00470892 0.02241198
v 0.00251820 0.00398710 0.02065799
v 0.00251820 0.00399478 0.02069451
v 0.00251820 0.00431162 0.02198628
v 0.00251820 0.00156452 0.02042574
v 0.00251820 0.00182170 0.02283350
v 0.00251820 0.00136073 0.02283350
v 0.00251820 0.00183044 0.02291538
v 0.00251820 0.00192703 0.02381963
v 0.00251820 0.00252225 0.02283350
v 0.00251820 0.00225719 0.02035201
v 0.00251820 0.00262794 0.02382302
v 0.00251820 0.00262758 0.02381963
v 0.00251820 0.00269595 0.02381963
v 0.00251820 0.00253099 0.02291538
v 0.00251820 0.00269595 0.02291538
v 0.00251820 0.00115694 0.02156927
v 0.00251820 0.00115439 0.02107342
v 0.00251820 0.00107836 0.02079196
v 0.00251820 0.00082561 0.02052729
v 0.00251820 0.00109014 0.02283350
v 0.00251820 0.00103783 0.02247769
v 0.00251820 0.00077907 0.02221669
v 0.00251820 0.00095975 0.02212774
v 0.00251820 0.00094285 0.02231403
v 0.00251820 0.00107650 0.02196410
v 0.00251820 0.00109337 0.02285545
v 0.00251820 0.00136073 0.02381963
v 0.00251820 0.00100353 0.02358793
v 0.00251820 0.00109401 0.02331883
v 0.00251820 0.00136073 0.02506961
v 0.00251820 -0.00176021 0.02506961
v 0.00251820 -0.00134371 0.02393261
v 0.00251820 0.00045359 0.02392346
v 0.00251820 0.00073423 0.02384703
v 0.00251820 0.00076270 0.02381963
v 0.00251820 -0.00176021 0.02283350
v 0.00251820 -0.00134905 0.02291538
v 0.00251820 -0.00176021 0.02291538
v 0.00251820 -0.00134431 0.02381963
v 0.00251820 -0.00176021 0.02381963
v 0.00251820 0.00055728 0.02043347
v 0.00251820 0.00050546 0.02043159
v 0.00251820 -0.00136202 0.02044126
v 0.00251820 -0.00134948 0.02283350
v 0.00251820 -0.00254625 0.02283350
v 0.00251820 -0.00216940 0.02064999
v 0.00251820 -0.00217181 0.02047183
v 0.00251820 -0.00222915 0.02036580
v 0.00251820 -0.00317467 0.02014039
v 0.00251820 -0.00243588 0.02026805
v 0.00251820 -0.00232924 0.02029815
v 0.00251820 -0.00302990 0.02370753
v 0.00251820 -0.00285477 0.02370489
v 0.00251820 -0.00274953 0.02364843
v 0.00251820 -0.00268132 0.02354894
v 0.00251820 -0.00265101 0.02344053
v 0.00251820 -0.00256037 0.02291538
v 0.00251820 -0.00784012 0.02381963
v 0.00251820 -0.00603434 0.02312545
v 0.00251820 -0.00593684 0.02319294
v 0.00251820 -0.00608925 0.02302054
v 0.00251820 -0.00919680 0.02340115
v 0.00251820 -0.00609031 0.02291538
v 0.00251820 -0.01020552 0.02291538
v 0.00251820 -0.00609100 0.02284804
v 0.00251820 -0.00475754 0.01986076
v 0.00251820 -0.00482058 0.01984746
v 0.00251820 -0.00383089 0.02002699
v 0.00251820 -0.00519920 0.01987673
v 0.00251820 -0.00549995 0.02007492
v 0.00251820 -0.00567267 0.02039088
v 0.00251820 -0.00568719 0.02045877
v 0.00251820 -0.00584994 0.02145303
v 0.00251820 -0.00469662 0.02129637
v 0.00251820 -0.00438255 0.02108347
v 0.00251820 -0.00395093 0.02140348
v 0.00251820 -0.00368951 0.02080917
v 0.00251820 -0.00608848 0.02283350
v 0.00251820 -0.01037554 0.02283350
v 0.00251820 -0.01258400 0.02176996
v 0.00251820 -0.00565604 0.02084228
v 0.00251820 -0.00544473 0.02115307
v 0.00251820 -0.00554330 0.02171513
v 0.00251820 -0.00512677 0.02131703
v 0.00251820 -0.00516235 0.02184870
v 0.00251820 -0.00507639 0.02132741
v 0.00251820 -0.00504028 0.02186388
v 0.00251820 -0.00441617 0.02175888
v 0.00251820 -0.00421803 0.02076696
v 0.00251820 -0.00420724 0.02071458
v 0.00251820 -0.00369378 0.02040641
v 0.00251820 -0.00423705 0.02033615
v 0.00251820 -0.00444101 0.02003119
v 0.00251820 0.02143305 -0.00832230
v 0.00251820 -0.00560433 0.02450928
v 0.00251820 -0.00317467 0.02487549
v 0.00251820 -0.00188682 0.02506961
v 0.00251820 0.00782598 0.02381963
v 0.00251820 0.00660435 0.02419645
v 0.00251820 0.00660435 0.02381963
v 0.00251820 0.00559019 0.02450928
v 0.00251820 0.00496256 0.02381963
v 0.00251820 0.00496256 0.02460388
v 0.00251820 0.00269595 0.02494551
v 0.00251820 0.01019138 0.02291538
v 0.00251820 0.00919872 0.02339341
v 0.00251820 0.00919872 0.02291538
v 0.00251820 0.00918267 0.02340115
v 0.00251820 0.00799920 0.02291538
v 0.00251820 0.01409686 0.01976711
v 0.00251820 0.01409686 0.02072887
v 0.00251820 0.01268737 0.02168985
v 0.00251820 0.01628338 0.01908869
v 0.00251820 0.01409686 0.01908869
v 0.00251820 0.01567611 0.01965216
v 0.00251820 0.01550749 0.01976711
v 0.00251820 0.02088961 0.01395903
v 0.00251820 0.02077603 0.01415576
v 0.00251820 0.01956862 0.01566979
v 0.00251820 0.02265578 0.01089994
v 0.00251820 0.02285454 0.01039348
v 0.00251820 0.02301742 0.00997849
v 0.00251820 0.02402928 0.00740031
v 0.00251820 0.01117877 0.02012052
v 0.00251820 0.00660435 0.02291538
v 0.00251820 0.00496256 0.02291538
v 0.00251820 0.00709471 0.02283350
v 0.00251820 0.00332746 0.02374250
v 0.00251820 0.00321506 0.02305339
v 0.00251820 0.00390265 0.02294099
v 0.00251820 0.00401505 0.02363010
v 0.00251820 0.00187268 0.02506961
v 0.00251820 0.00193527 0.02389676
v 0.00251820 0.00799920 0.02376620
v 0.01231884 -0.04729419 -0.00554099
v 0.01174727 -0.04822033 -0.00564924
v 0.01087944 -0.04888142 -0.00572651
v 0.00983070 -0.04918961 -0.00576253
v 0.00983070 -0.04818968 -0.01143341
v 0.01087944 -0.04788775 -0.01136185
v 0.00983070 -0.04653816 -0.01694985
v 0.01087944 -0.04624658 -0.01684373
v 0.00983070 -0.04425739 -0.02223727
v 0.01087944 -0.04398011 -0.02209801
v 0.00983070 -0.04137822 -0.02722415
v 0.01087944 -0.04111898 -0.02705364
v 0.00983070 -0.03793957 -0.03184306
v 0.01087944 -0.03770187 -0.03164361
v 0.00983070 -0.03398794 -0.03603154
v 0.01087944 -0.03377501 -0.03580584
v 0.00983070 -0.02957678 -0.03973294
v 0.01087944 -0.02939149 -0.03948405
v 0.00983070 -0.02476574 -0.04289721
v 0.01087944 -0.02461060 -0.04262849
v 0.00983070 -0.01961989 -0.04548155
v 0.01087944 -0.01949699 -0.04519664
v 0.00983070 -0.01420881 -0.04745103
v 0.01087944 -0.01411981 -0.04715377
v 0.00983070 -0.00860567 -0.04877900
v 0.01087944 -0.00855178 -0.04847342
v 0.00983070 -0.00288625 -0.04944750
v 0.01087944 -0.00286820 -0.04913773
v 0.00983070 0.00287211 -0.04944750
v 0.01087944 0.00285407 -0.04913773
v 0.00983070 0.00859153 -0.04877900
v 0.01087944 0.00853765 -0.04847342
v 0.00983070 0.01419467 -0.04745103
v 0.01087944 0.01410568 -0.04715377
v 0.00983070 0.01960575 -0.04548155
v 0.01087944 0.01948286 -0.04519664
v 0.00983070 0.02475161 -0.04289721
v 0.01087944 0.02459647 -0.04262849
v 0.00983070 0.02956264 -0.03973294
v 0.01087944 0.02937735 -0.03948405
v 0.00983070 0.03397381 -0.03603154
v 0.01087944 0.03376087 -0.03580584
v 0.00983070 0.03792543 -0.03184306
v 0.01087944 0.03768774 -0.03164361
v 0.00983070 0.04136407 -0.02722415
v 0.01087944 0.04110483 -0.02705364
v 0.00983070 0.04424325 -0.02223727
v 0.01087944 0.04396597 -0.02209801
v 0.01174727 -0.04724010 -0.01120836
v 0.01174727 -0.04562113 -0.01661608
v 0.01174727 -0.04338532 -0.02179929
v 0.01174727 -0.04056288 -0.02668790
v 0.01174727 -0.03719200 -0.03121578
v 0.01174727 -0.03331825 -0.03532171
v 0.01174727 -0.02899402 -0.03895016
v 0.01174727 -0.02427781 -0.04205207
v 0.01174727 -0.01923336 -0.04458548
v 0.01174727 -0.01392892 -0.04651614
v 0.01174727 -0.00843620 -0.04781794
v 0.01174727 -0.00282951 -0.04847327
v 0.01174727 0.00281537 -0.04847327
v 0.01174727 0.00842207 -0.04781794
v 0.01174727 0.01391478 -0.04651614
v 0.01174727 0.01921923 -0.04458548
v 0.01174727 0.02426366 -0.04205207
v 0.01174727 0.02897989 -0.03895016
v 0.01174727 0.03330411 -0.03532171
v 0.01174727 0.03717786 -0.03121578
v 0.01174727 0.04054875 -0.02668790
v 0.01174727 0.04337117 -0.02179929
v 0.01174727 0.04820618 -0.00564924
v 0.01231884 -0.04633280 -0.01099332
v 0.01231884 -0.04474493 -0.01629717
v 0.01231884 -0.04255206 -0.02138082
v 0.01231884 -0.03978384 -0.02617551
v 0.01231884 -0.03647770 -0.03061642
v 0.01231884 -0.03267837 -0.03464347
v 0.01231884 -0.02843721 -0.03820223
v 0.01231884 -0.02381159 -0.04124456
v 0.01231884 -0.01886404 -0.04372930
v 0.01231884 -0.01366149 -0.04562287
v 0.01231884 -0.00827429 -0.04689967
v 0.01231884 -0.00277529 -0.04754241
v 0.01231884 0.00276115 -0.04754241
v 0.01231884 0.00826015 -0.04689967
v 0.01231884 0.01364735 -0.04562287
v 0.01231884 0.01884991 -0.04372930
v 0.01231884 0.02379745 -0.04124456
v 0.01231884 0.02842308 -0.03820223
v 0.01231884 0.03266424 -0.03464347
v 0.01231884 0.03646357 -0.03061642
v 0.01231884 0.03976970 -0.02617551
v 0.01231884 0.04253792 -0.02138082
v 0.01231884 0.04473079 -0.01629717
v 0.01231884 0.04631865 -0.01099332
v 0.01231884 0.04728005 -0.00554099
v 0.01251820 -0.04622610 -0.00541615
v 0.01251820 -0.04528642 -0.01074532
v 0.01251820 -0.04373442 -0.01592937
v 0.01251820 -0.04159108 -0.02089820
v 0.01251820 -0.03888539 -0.02558459
v 0.01251820 -0.03565393 -0.02992519
v 0.01251820 -0.03194042 -0.03386129
v 0.01251820 -0.02779506 -0.03733966
v 0.01251820 -0.02327391 -0.04031327
v 0.01251820 -0.01843811 -0.04274189
v 0.01251820 -0.01335308 -0.04459269
v 0.01251820 -0.00808756 -0.04584064
v 0.01251820 -0.00271276 -0.04646887
v 0.01251820 0.00269862 -0.04646887
v 0.01251820 0.00807342 -0.04584064
v 0.01251820 0.01333894 -0.04459269
v 0.01251820 0.01842398 -0.04274189
v 0.01251820 0.02325976 -0.04031327
v 0.01251820 0.02778091 -0.03733966
v 0.01251820 0.03192628 -0.03386129
v 0.01251820 0.03563979 -0.02992519
v 0.01251820 0.03887125 -0.02558459
v 0.01251820 0.04157694 -0.02089820
v 0.01251820 0.04372028 -0.01592937
v 0.01251820 0.04527229 -0.01074532
v 0.01251820 0.04621195 -0.00541615
v -0.01084305 -0.04888142 -0.00572651
v -0.01171087 -0.04822033 -0.00564924
v -0.01228245 -0.04729419 -0.00554099
v -0.01248180 -0.04622610 -0.00541615
v -0.01248180 -0.04528642 -0.01074532
v -0.01228245 -0.04633280 -0.01099332
v -0.01248180 -0.04373442 -0.01592937
v -0.01228245 -0.04474493 -0.01629717
v -0.01248180 -0.04159108 -0.02089820
v -0.01228245 -0.04255206 -0.02138082
v -0.01248180 -0.03888539 -0.02558459
v -0.01228245 -0.03978384 -0.02617551
v -0.01248180 -0.03565393 -0.02992519
v -0.01228245 -0.03647770 -0.03061642
v -0.01248180 -0.03194042 -0.03386129
v -0.01228245 -0.03267837 -0.03464347
v -0.01248180 -0.02779506 -0.03733966
v -0.01228245 -0.02843721 -0.03820223
v -0.01248180 -0.02327391 -0.04031327
v -0.01228245 -0.02381159 -0.04124456
v -0.01248180 -0.01843811 -0.04274189
v -0.01228245 -0.01886404 -0.04372930
v -0.01248180 -0.01335308 -0.04459269
v -0.01228245 -0.01366149 -0.04562287
v -0.01248180 -0.00808756 -0.04584064
v -0.01228245 -0.00827429 -0.04689967
v -0.01248180 -0.00271276 -0.04646887
v -0.01228245 -0.00277529 -0.04754241
v -0.01248180 0.00269862 -0.04646887
v -0.01228245 0.00276115 -0.04754241
v -0.01248180 0.00807342 -0.04584064
v -0.01228245 0.00826015 -0.04689967
v -0.01248180 0.01333894 -0.04459269
v -0.01228245 0.01364735 -0.04562287
v -0.01248180 0.01842398 -0.04274189
v -0.01228245 0.01884991 -0.04372930
v -0.01248180 0.02325976 -0.04031327
v -0.01228245 0.02379745 -0.04124456
v -0.01248180 0.02778091 -0.03733966
v -0.01228245 0.02842308 -0.03820223
v -0.01248180 0.03192628 -0.03386129
v -0.01228245 0.03266424 -0.03464347
v -0.01248180 0.03563979 -0.02992519
v -0.01228245 0.03646357 -0.03061642
v -0.01248180 0.03887125 -0.02558459
v -0.01228245 0.03976970 -0.02617551
v -0.01248180 0.04157694 -0.02089820
v -0.01228245 0.04253792 -0.02138082
v -0.01248180 0.04372028 -0.01592937
v -0.01228245 0.04473079 -0.01629717
v -0.01248180 0.04527229 -0.01074532
v -0.01228245 0.04631865 -0.01099332
v -0.01248180 0.04621195 -0.00541615
v -0.01228245 0.04728005 -0.00554099
v -0.01171087 -0.04724010 -0.01120836
v -0.01171087 -0.04562113 -0.01661608
v -0.01171087 -0.04338532 -0.02179929
v -0.01171087 -0.04056288 -0.02668790
v -0.01171087 -0.03719200 -0.03121578
v -0.01171087 -0.03331825 -0.03532171
v -0.01171087 -0.02899402 -0.03895016
v -0.01171087 -0.02427781 -0.04205207
v -0.01171087 -0.01923336 -0.04458548
v -0.01171087 -0.01392892 -0.04651614
v -0.01171087 -0.00843620 -0.04781794
v -0.01171087 -0.00282951 -0.04847327
v -0.01171087 0.00281537 -0.04847327
v -0.01171087 0.00842207 -0.04781794
v -0.01171087 0.01391478 -0.04651614
v -0.01171087 0.01921923 -0.04458548
v -0.01171087 0.02426366 -0.04205207
v -0.01171087 0.02897989 -0.03895016
v -0.01171087 0.03330411 -0.03532171
v -0.01171087 0.03717786 -0.03121578
v -0.01171087 0.04054875 -0.02668790
v -0.01171087 0.04337117 -0.02179929
v -0.01171087 0.04560699 -0.01661608
v -0.01171087 0.04722596 -0.01120836
v -0.01171087 0.04820618 -0.00564924
v -0.01084305 -0.04788775 -0.01136185
v -0.01084305 -0.04624658 -0.01684373
v -0.01084305 -0.04398011 -0.02209801
v -0.01084305 -0.04111898 -0.02705364
v -0.01084305 -0.03770187 -0.03164361
v -0.01084305 -0.03377501 -0.03580584
v -0.01084305 -0.02939149 -0.03948405
v -0.01084305 -0.02461060 -0.04262849
v -0.01084305 -0.01949699 -0.04519664
v -0.01084305 -0.01411981 -0.04715377
v -0.01084305 -0.00855178 -0.04847342
v -0.01084305 -0.00286820 -0.04913773
v -0.01084305 0.00285407 -0.04913773
v -0.01084305 0.00853765 -0.04847342
v -0.01084305 0.01410568 -0.04715377
v -0.01084305 0.01948286 -0.04519664
v -0.01084305 0.02459647 -0.04262849
v -0.01084305 0.02937735 -0.03948405
v -0.01084305 0.03376087 -0.03580584
v -0.01084305 0.03768774 -0.03164361
v -0.01084305 0.04110483 -0.02705364
v -0.01084305 0.04396597 -0.02209801
v -0.01084305 0.04623245 -0.01684373
v -0.01084305 0.04787362 -0.01136185
v -0.01084305 0.04886727 -0.00572651
v -0.00979430 -0.04918961 -0.00576253
v -0.00979430 -0.04818968 -0.01143341
v -0.00979430 -0.04653816 -0.01694985
v -0.00979430 -0.04425739 -0.02223727
v -0.00979430 -0.04137822 -0.02722415
v -0.00979430 -0.03793957 -0.03184306
v -0.00979430 -0.03398794 -0.03603154
v -0.00979430 -0.02957678 -0.03973294
v -0.00979430 -0.02476574 -0.04289721
v -0.00979430 -0.01961989 -0.04548155
v -0.00979430 -0.01420881 -0.04745103
v -0.00979430 -0.00860567 -0.04877900
v -0.00979430 -0.00288625 -0.04944750
v -0.00979430 0.00287211 -0.04944750
v -0.00979430 0.00859153 -0.04877900
v -0.00979430 0.01419467 -0.04745103
v -0.00979430 0.01960575 -0.04548155
v -0.00979430 0.02475161 -0.04289721
v -0.00979430 0.02956264 -0.03973294
v -0.00979430 0.03397381 -0.03603154
v -0.00979430 0.03792543 -0.03184306
v -0.00979430 0.04136407 -0.02722415
v -0.00979430 0.04424325 -0.02223727
v -0.00979430 0.04652402 -0.01694985
v -0.00979430 0.04817553 -0.01143341
v -0.00979430 0.04917547 -0.00576253
v -0.01148180 -0.03848010 -0.01096044
v -0.00998180 -0.03730596 -0.01446359
v -0.01148180 -0.03932599 -0.00736390
v -0.00998180 -0.03932599 -0.00736390
v -0.01148180 -0.03983644 -0.00370466
v -0.01148180 -0.03730596 -0.01446359
v -0.01148180 -0.03581360 -0.01784346
v -0.00998180 -0.03401576 -0.02107121
v -0.01148180 -0.03401576 -0.02107121
v -0.01148180 -0.03192776 -0.02411931
v -0.00998180 -0.02956743 -0.02696175
v -0.01148180 -0.02956743 -0.02696175
v -0.00998180 -0.02411246 -0.03193461
v -0.01148180 -0.02695490 -0.02957428
v -0.01148180 -0.02411246 -0.03193461
v -0.01148180 -0.02106436 -0.03402261
v -0.00998180 -0.01783660 -0.03582045
v -0.01148180 -0.01783660 -0.03582045
v -0.00998180 -0.01095359 -0.03848695
v -0.01148180 -0.01445673 -0.03731281
v -0.01148180 -0.01095359 -0.03848695
v -0.00998180 -0.00369781 -0.03984329
v -0.01148180 -0.00735705 -0.03933285
v -0.01148180 -0.00369781 -0.03984329
v -0.00998180 0.00368367 -0.03984329
v -0.01148180 -0.00000707 -0.04001392
v -0.01148180 0.00368367 -0.03984329
v -0.00998180 0.01093945 -0.03848695
v -0.01148180 0.00734291 -0.03933285
v -0.01148180 0.01093945 -0.03848695
v -0.00998180 0.01782247 -0.03582045
v -0.01148180 0.01444260 -0.03731281
v -0.01148180 0.01782247 -0.03582045
v -0.01148180 0.02105022 -0.03402261
v -0.00998180 0.02409832 -0.03193461
v -0.01148180 0.02409832 -0.03193461
v -0.00998180 0.02955329 -0.02696175
v -0.01148180 0.02694076 -0.02957428
v -0.01148180 0.02955329 -0.02696175
v -0.00998180 0.03400162 -0.02107121
v -0.01148180 0.03191362 -0.02411931
v -0.01148180 0.03400162 -0.02107121
v -0.00998180 0.03729182 -0.01446359
v -0.01148180 0.03579946 -0.01784346
v -0.01148180 0.03729182 -0.01446359
v -0.00998180 0.03931186 -0.00736390
v -0.01148180 0.03846596 -0.01096044
v -0.01148180 0.03931186 -0.00736390
v -0.01148180 0.03982230 -0.00370466
v 0.01151820 -0.03192776 -0.02411931
v 0.01151820 -0.03401576 -0.02107121
v 0.01001820 -0.03401576 -0.02107121
v 0.01151820 -0.03983644 -0.00370466
v 0.01151820 -0.03932599 -0.00736390
v 0.01001820 -0.03932599 -0.00736390
v 0.01151820 -0.03848010 -0.01096044
v 0.01001820 -0.03730596 -0.01446359
v 0.01151820 -0.03730596 -0.01446359
v 0.01151820 -0.03581360 -0.01784346
v 0.01151820 -0.02956743 -0.02696175
v 0.01001820 -0.02956743 -0.02696175
v 0.01151820 -0.02695490 -0.02957428
v 0.01001820 -0.02411246 -0.03193461
v 0.01151820 -0.02411246 -0.03193461
v 0.01001820 -0.01095359 -0.03848695
v 0.01151820 -0.01445673 -0.03731281
v 0.01001820 -0.01783660 -0.03582045
v 0.01151820 -0.01783660 -0.03582045
v 0.01151820 -0.02106436 -0.03402261
v 0.01001820 -0.00369781 -0.03984329
v 0.01151820 -0.00735705 -0.03933285
v 0.01151820 -0.01095359 -0.03848695
v 0.01001820 0.00368367 -0.03984329
v 0.01151820 -0.00000707 -0.04001392
v 0.01151820 -0.00369781 -0.03984329
v 0.01001820 0.01093945 -0.03848695
v 0.01151820 0.00734291 -0.03933285
v 0.01151820 0.00368367 -0.03984329
v 0.01151820 0.02105022 -0.03402261
v 0.01151820 0.01782247 -0.03582045
v 0.01001820 0.01782247 -0.03582045
v 0.01151820 0.01444260 -0.03731281
v 0.01151820 0.01093945 -0.03848695
v 0.01151820 0.02409832 -0.03193461
v 0.01001820 0.02409832 -0.03193461
v 0.01151820 0.02694076 -0.02957428
v 0.01001820 0.02955329 -0.02696175
v 0.01151820 0.02955329 -0.02696175
v 0.01151820 0.03191362 -0.02411931
v 0.01001820 0.03400162 -0.02107121
v 0.01151820 0.03400162 -0.02107121
v 0.01151820 0.03579946 -0.01784346
v 0.01001820 0.03729182 -0.01446359
v 0.01151820 0.03729182 -0.01446359
v 0.01151820 0.03846596 -0.01096044
v 0.01001820 0.03931186 -0.00736390
v 0.01151820 0.03931186 -0.00736390
v 0.01151820 0.03982230 -0.00370466
v 0.01281723 -0.03908964 -0.00363546
v 0.01226820 -0.03963633 -0.00368611
v 0.01226820 -0.03912846 -0.00732698
v 0.01226820 -0.03828681 -0.01090544
v 0.01226820 -0.03711857 -0.01439099
v 0.01226820 -0.03563371 -0.01775388
v 0.01226820 -0.03384490 -0.02096542
v 0.01226820 -0.03176739 -0.02399820
v 0.01226820 -0.02941892 -0.02682636
v 0.01226820 -0.02681950 -0.02942577
v 0.01226820 -0.02399135 -0.03177424
v 0.01226820 -0.02095857 -0.03385175
v 0.01226820 -0.01774703 -0.03564056
v 0.01226820 -0.01438413 -0.03712542
v 0.01226820 -0.01089859 -0.03829366
v 0.01226820 -0.00732012 -0.03913531
v 0.01226820 -0.00367926 -0.03964319
v 0.01226820 -0.00000707 -0.03981296
v 0.01226820 0.00366513 -0.03964319
v 0.01226820 0.00730598 -0.03913531
v 0.01226820 0.01088446 -0.03829366
v 0.01226820 0.01437000 -0.03712542
v 0.01226820 0.01773289 -0.03564056
v 0.01226820 0.02094443 -0.03385175
v 0.01226820 0.02397721 -0.03177424
v 0.01226820 0.02680538 -0.02942577
v 0.01226820 0.02940478 -0.02682636
v 0.01226820 0.03175325 -0.02399820
v 0.01226820 0.03383076 -0.02096542
v 0.01226820 0.03561957 -0.01775388
v 0.01226820 0.03710443 -0.01439099
v 0.01226820 0.03827267 -0.01090544
v 0.01226820 0.03911432 -0.00732698
v 0.01226820 0.03962220 -0.00368611
v 0.01281723 -0.03858877 -0.00722609
v 0.01281723 -0.03775873 -0.01075519
v 0.01281723 -0.03660661 -0.01419266
v 0.01281723 -0.03132925 -0.02366733
v 0.01281723 -0.02901317 -0.02645648
v 0.01281723 -0.02644962 -0.02902002
v 0.01281723 -0.02366048 -0.03133610
v 0.01281723 -0.02066953 -0.03338495
v 0.01281723 -0.01750230 -0.03514908
v 0.01281723 -0.01418580 -0.03661346
v 0.01281723 -0.01074834 -0.03776558
v 0.01281723 -0.00721924 -0.03859562
v 0.01281723 -0.00362860 -0.03909649
v 0.01281723 -0.00000707 -0.03926392
v 0.01281723 0.00361446 -0.03909649
v 0.01281723 0.00720510 -0.03859562
v 0.01281723 0.01073421 -0.03776558
v 0.01281723 0.01417166 -0.03661346
v 0.01281723 0.01748816 -0.03514908
v 0.01281723 0.02065539 -0.03338495
v 0.01281723 0.02364634 -0.03133610
v 0.01281723 0.02643549 -0.02902002
v 0.01281723 0.02899903 -0.02645648
v 0.01281723 0.03131511 -0.02366733
v 0.01281723 0.03336395 -0.02067638
v 0.01281723 0.03512809 -0.01750915
v 0.01281723 0.03659246 -0.01419266
v 0.01281723 0.03774459 -0.01075519
v 0.01281723 0.03857462 -0.00722609
v 0.01281723 0.03907550 -0.00363546
v 0.01301820 -0.03834284 -0.00356625
v 0.01301820 -0.03785154 -0.00708828
v 0.01301820 -0.03703736 -0.01054994
v 0.01301820 -0.03073073 -0.02321536
v 0.01301820 -0.02845891 -0.02595120
v 0.01301820 -0.02594435 -0.02846577
v 0.01301820 -0.02320850 -0.03073759
v 0.01301820 -0.02027471 -0.03274728
v 0.01301820 -0.01716799 -0.03447771
v 0.01301820 -0.01391487 -0.03591410
v 0.01301820 -0.01054310 -0.03704421
v 0.01301820 -0.00708143 -0.03785839
v 0.01301820 -0.00355940 -0.03834969
v 0.01301820 -0.00000707 -0.03851392
v 0.01301820 0.00354526 -0.03834969
v 0.01301820 0.00706729 -0.03785839
v 0.01301820 0.01052895 -0.03704421
v 0.01301820 0.01390073 -0.03591410
v 0.01301820 0.01715386 -0.03447771
v 0.01301820 0.02026057 -0.03274728
v 0.01301820 0.02319436 -0.03073759
v 0.01301820 0.02593022 -0.02846577
v 0.01301820 0.02844478 -0.02595120
v 0.01301820 0.03071660 -0.02321536
v 0.01301820 0.03272629 -0.02028156
v 0.01301820 0.03445672 -0.01717485
v 0.01301820 0.03589311 -0.01392172
v 0.01301820 0.03702322 -0.01054994
v 0.01301820 0.03783740 -0.00708828
v 0.01301820 0.03832870 -0.00356625
v 0.01301820 -0.00000707 -0.03236082
v 0.01301820 0.00459638 -0.03203157
v 0.01301820 0.00910610 -0.03105054
v 0.01301820 -0.03202472 -0.00461736
v 0.01301820 -0.03104369 -0.00912709
v 0.01301820 -0.02445322 -0.02119663
v 0.01301820 -0.02118978 -0.02446007
v 0.01301820 -0.00461051 -0.03203157
v 0.01301820 -0.01749512 -0.02722586
v 0.01301820 -0.01344445 -0.02943769
v 0.01301820 -0.00912024 -0.03105054
v 0.01301820 0.03201058 -0.00461736
v 0.01301820 0.02941670 -0.01345131
v 0.01301820 0.03102955 -0.00912709
v 0.01301820 0.02443909 -0.02119663
v 0.01301820 0.02720487 -0.01750197
v 0.01301820 0.01748098 -0.02722586
v 0.01301820 0.02117564 -0.02446007
v 0.01301820 0.01343032 -0.02943769
v 0.01127417 0.02841548 -0.00835953
v 0.01127417 0.02693847 -0.01231954
v 0.01127417 0.02238010 -0.01941251
v 0.01127417 -0.00000707 -0.02963639
v 0.01127417 -0.01231269 -0.02695946
v 0.01127417 -0.02239423 -0.01941251
v 0.01127417 -0.02842961 -0.00835953
v 0.01280462 -0.03092436 -0.00445916
v 0.01280462 -0.02997705 -0.00881390
v 0.01219432 -0.02998067 -0.00432347
v 0.01219432 -0.02906227 -0.00854530
v 0.01127417 -0.02932802 -0.00422964
v 0.01280462 -0.02628381 -0.01690096
v 0.01280462 -0.02361307 -0.02046864
v 0.01219432 -0.02548177 -0.01638551
v 0.01219432 -0.02289255 -0.01984430
v 0.01127417 -0.02492707 -0.01602903
v 0.01280462 -0.01689410 -0.02629066
v 0.01280462 -0.01298265 -0.02842648
v 0.01219432 -0.01637867 -0.02548862
v 0.01219432 -0.01258659 -0.02755924
v 0.01127417 -0.01602218 -0.02493392
v 0.01280462 -0.00445231 -0.03093121
v 0.01280462 -0.00000707 -0.03124914
v 0.01219432 -0.00431662 -0.02998753
v 0.01219432 -0.00000707 -0.03029575
v 0.01127417 -0.00422279 -0.02933487
v 0.01280462 0.00879291 -0.02998390
v 0.01280462 0.01296851 -0.02842648
v 0.01219432 0.00852431 -0.02906913
v 0.01219432 0.01257246 -0.02755924
v 0.01127417 0.00833854 -0.02843647
v 0.01127417 0.01229855 -0.02695946
v 0.01280462 0.01687997 -0.02629066
v 0.01219432 0.01636453 -0.02548862
v 0.01127417 0.01600805 -0.02493392
v 0.01280462 0.02044765 -0.02361993
v 0.01219432 0.01982332 -0.02289940
v 0.01127417 0.01939153 -0.02240109
v 0.01127417 -0.02695261 -0.01231954
v 0.01219432 -0.02755239 -0.01259345
v 0.01280462 -0.02841963 -0.01298950
v 0.01127417 -0.01940566 -0.02240109
v 0.01219432 -0.01983745 -0.02289940
v 0.01280462 -0.02046179 -0.02361993
v 0.01127417 -0.00835268 -0.02843647
v 0.01219432 -0.00853845 -0.02906913
v 0.01280462 -0.00880705 -0.02998390
v 0.01127417 0.00420864 -0.02933487
v 0.01219432 0.00430249 -0.02998753
v 0.01280462 0.00443817 -0.03093121
v 0.01219432 0.02287841 -0.01984430
v 0.01280462 0.02359894 -0.02046864
v 0.01127417 0.02491294 -0.01602903
v 0.01219432 0.02546762 -0.01638551
v 0.01280462 0.02626967 -0.01690096
v 0.01280462 0.02840549 -0.01298950
v 0.01219432 0.02753826 -0.01259345
v 0.01219432 0.02904814 -0.00854530
v 0.01280462 0.02996291 -0.00881390
v 0.01127417 0.02931388 -0.00422964
v 0.01219432 0.02996654 -0.00432347
v 0.01280462 0.03091022 -0.00445916
v 0.00630885 -0.02882988 0.00433042
v 0.00630885 -0.02844221 0.00602896
v 0.00630885 -0.02786046 0.00857772
v 0.00630885 -0.02658689 0.01182275
v 0.00630885 -0.02626885 0.01263309
v 0.00630885 -0.02409059 0.01640595
v 0.00630885 -0.02354783 0.01708655
v 0.00630885 -0.02137434 0.01981202
v 0.00630885 -0.01945792 0.02159019
v 0.00630885 -0.01818079 0.02277520
v 0.00630885 -0.01458126 0.02522932
v 0.00630885 0.00647906 0.02840365
v 0.00630885 0.00303199 0.02892321
v 0.00630885 0.00217120 0.02905295
v 0.00630885 -0.00218533 0.02905295
v 0.00630885 -0.00304613 0.02892321
v 0.00630885 -0.00649320 0.02840365
v 0.00630885 -0.00899136 0.02763307
v 0.00630885 -0.01065616 0.02711954
v 0.00630885 0.01816665 0.02277520
v 0.00630885 0.01456712 0.02522932
v 0.00630885 0.01064203 0.02711954
v 0.00630885 0.00897721 0.02763307
v 0.00630885 0.02881575 0.00433042
v 0.00630885 0.02842807 0.00602896
v 0.00630885 0.02784633 0.00857772
v 0.00630885 0.02657275 0.01182275
v 0.00630885 0.02625471 0.01263309
v 0.00630885 0.02407645 0.01640595
v 0.00630885 0.02353369 0.01708655
v 0.00630885 0.02136020 0.01981202
v 0.00630885 0.01944379 0.02159019
v 0.00280296 -0.02545979 0.00783720
v 0.00280296 -0.02201484 0.01499072
v 0.00280296 0.00198345 0.02654769
v 0.00280296 0.02200070 0.01499072
v 0.00484356 0.00639852 0.02805078
v 0.00484356 0.00214414 0.02869202
v 0.00361670 0.00207844 0.02781533
v 0.00484356 -0.02847198 0.00427647
v 0.00484356 -0.02751460 0.00847103
v 0.00484356 -0.02379154 0.01620206
v 0.00484356 -0.01440028 0.02491586
v 0.00484356 -0.01052393 0.02678261
v 0.00484356 -0.00641265 0.02805078
v 0.00484356 0.01050980 0.02678261
v 0.00484356 0.02377740 0.01620206
v 0.00484356 0.02750046 0.00847103
v 0.00484356 0.02845785 0.00427647
v 0.00484356 0.01794097 0.02249222
v 0.00484356 -0.00215829 0.02869202
v 0.00484356 -0.01795512 0.02249222
v 0.00484356 -0.02110902 0.01956583
v 0.00484356 -0.02594275 0.01247605
v 0.00361670 0.02758851 0.00414545
v 0.00484356 0.01438614 0.02491586
v 0.00361670 0.01394657 0.02415449
v 0.00361670 0.01018861 0.02596423
v 0.00280296 0.00972419 0.02478091
v 0.00280296 -0.00199758 0.02654769
v 0.00361670 -0.00209259 0.02781533
v 0.00280296 0.02633152 0.00395599
v 0.00280296 0.02544565 0.00783720
v 0.00361670 0.02666037 0.00821190
v 0.00361670 0.02513652 0.01209459
v 0.00280296 0.02399123 0.01154305
v 0.00280296 0.01951857 0.01810322
v 0.00361670 0.02305101 0.01570681
v 0.00484356 0.02592861 0.01247605
v 0.00280296 0.01660026 0.02081101
v 0.00361670 0.02045042 0.01896785
v 0.00280296 0.01331097 0.02305361
v 0.00361670 0.01739283 0.02180488
v 0.00484356 0.02109489 0.01956583
v 0.00280296 0.00592002 0.02595435
v 0.00361670 0.00620289 0.02719366
v 0.00361670 -0.00621702 0.02719366
v 0.00280296 -0.00593416 0.02595435
v 0.00361670 -0.01020274 0.02596423
v 0.00280296 -0.00973833 0.02478091
v 0.00361670 -0.01396070 0.02415449
v 0.00280296 -0.01332511 0.02305361
v 0.00361670 -0.01740697 0.02180488
v 0.00280296 -0.01661440 0.02081101
v 0.00361670 -0.02046455 0.01896785
v 0.00280296 -0.01953270 0.01810322
v 0.00361670 -0.02306514 0.01570681
v 0.00280296 -0.02400535 0.01154305
v 0.00361670 -0.02515066 0.01209459
v 0.00361670 -0.02667450 0.00821190
v 0.00361670 -0.02760264 0.00414545
v 0.00280296 -0.02634566 0.00395599
v 0.00356909 0.01695680 0.00040691
v 0.00273897 0.01834822 0.00044142
v 0.00273897 0.01339823 0.01253285
v 0.00273897 0.00494030 0.01766791
v 0.00488328 -0.00953070 0.01286890
v 0.00488328 -0.00704336 0.01437904
v 0.00488328 0.00144787 0.01594070
v 0.00488328 -0.00146200 0.01594070
v 0.00488328 0.01567278 0.00327380
v 0.00488328 0.01600882 0.00038339
v 0.00488328 0.01168972 0.01093376
v 0.00488328 0.01347701 0.00863746
v 0.00488328 0.01481946 0.00605575
v 0.00488328 0.00951656 0.01286890
v 0.00488328 0.00430975 0.01541436
v 0.00488328 0.00702922 0.01437904
v 0.00488328 -0.00432389 0.01541436
v 0.00488328 -0.01170387 0.01093376
v 0.00488328 -0.01349115 0.00863746
v 0.00488328 -0.01483359 0.00605575
v 0.00488328 -0.01568692 0.00327380
v 0.00488328 -0.01602296 0.00038339
v 0.00273897 -0.01836235 0.00044142
v 0.00273897 -0.01797721 0.00375402
v 0.00273897 -0.01546072 0.00990114
v 0.00273897 -0.01699925 0.00694232
v 0.00273897 -0.01341237 0.01253285
v 0.00273897 -0.01092178 0.01475065
v 0.00273897 -0.00495443 0.01766791
v 0.00273897 -0.00807112 0.01648136
v 0.00273897 -0.00167452 0.01827113
v 0.00273897 0.00166039 0.01827113
v 0.00273897 0.00805698 0.01648136
v 0.00273897 0.01090765 0.01475065
v 0.00273897 0.01544659 0.00990114
v 0.00273897 0.01698512 0.00694232
v 0.00273897 0.01796308 0.00375402
v 0.00251870 0.01962357 0.00065415
v 0.00252054 0.01950867 0.00084094
v 0.00252086 0.01949850 0.00087056
v 0.00252151 0.01947510 0.00100279
v 0.00251999 0.01937949 0.00252190
v 0.00251864 0.01943939 0.00252564
v 0.00356909 -0.01697093 0.00040691
v 0.00356909 -0.01661500 0.00346839
v 0.00356909 -0.01571116 0.00641501
v 0.00356909 -0.01428926 0.00914953
v 0.00356909 -0.01239619 0.01158174
v 0.00356909 -0.01009440 0.01363143
v 0.00356909 -0.00745983 0.01523095
v 0.00356909 -0.00457939 0.01632755
v 0.00356909 -0.00154812 0.01688504
v 0.00356909 0.00153399 0.01688504
v 0.00356909 0.00456526 0.01632755
v 0.00356909 0.00744569 0.01523095
v 0.00356909 0.01008026 0.01363143
v 0.00356909 0.01238205 0.01158174
v 0.00356909 0.01427512 0.00914953
v 0.00356909 0.01569703 0.00641501
v 0.00356909 0.01660086 0.00346839
v 0.01219251 -0.01501249 -0.00217137
v 0.01219251 -0.01455272 -0.00428491
v 0.01219251 -0.01379685 -0.00631150
v 0.01219251 -0.01276025 -0.00820989
v 0.01219251 -0.01146402 -0.00994143
v 0.01219251 -0.00993458 -0.01147088
v 0.01219251 -0.00820304 -0.01276710
v 0.01219251 -0.00630465 -0.01380369
v 0.01219251 -0.00427805 -0.01455957
v 0.01219251 -0.00216452 -0.01501934
v 0.01219251 -0.00000707 -0.01517365
v 0.01219251 0.00215039 -0.01501934
v 0.01219251 0.00426392 -0.01455957
v 0.01219251 0.00629051 -0.01380369
v 0.01219251 0.00818890 -0.01276710
v 0.01219251 0.00992044 -0.01147088
v 0.01219251 0.01144989 -0.00994143
v 0.01219251 0.01274611 -0.00820989
v 0.01219251 0.01378271 -0.00631150
v 0.01219251 0.01453858 -0.00428491
v 0.01219251 0.01499836 -0.00217137
v 0.01377860 -0.01397992 -0.00202291
v 0.01311722 -0.01469435 -0.00212564
v 0.01311722 -0.01424433 -0.00419436
v 0.01311722 -0.01350447 -0.00617798
v 0.01311722 -0.01248986 -0.00803612
v 0.01311722 -0.01122112 -0.00973095
v 0.01311722 -0.00972410 -0.01122797
v 0.01311722 -0.00802927 -0.01249670
v 0.01311722 -0.00617113 -0.01351133
v 0.01311722 -0.00418750 -0.01425118
v 0.01311722 -0.00211878 -0.01470120
v 0.01311722 -0.00000707 -0.01485224
v 0.01311722 0.00210465 -0.01470120
v 0.01311722 0.00417337 -0.01425118
v 0.01311722 0.00615699 -0.01351133
v 0.01311722 0.00801513 -0.01249670
v 0.01311722 0.00970996 -0.01122797
v 0.01311722 0.01120698 -0.00973095
v 0.01311722 0.01247571 -0.00803612
v 0.01311722 0.01349034 -0.00617798
v 0.01311722 0.01423019 -0.00419436
v 0.01311722 0.01468021 -0.00212564
v 0.01377860 -0.01355179 -0.00399101
v 0.01377860 -0.01284792 -0.00587814
v 0.01377860 -0.01188265 -0.00764590
v 0.01377860 -0.01067564 -0.00925829
v 0.01377860 -0.00925144 -0.01068249
v 0.01377860 -0.00763905 -0.01188951
v 0.01377860 -0.00587129 -0.01285478
v 0.01377860 -0.00398415 -0.01355864
v 0.01377860 -0.00201606 -0.01398677
v 0.01377860 -0.00000707 -0.01413046
v 0.01377860 0.00200193 -0.01398677
v 0.01377860 0.00397002 -0.01355864
v 0.01377860 0.00585716 -0.01285478
v 0.01377860 0.00762491 -0.01188951
v 0.01377860 0.00923730 -0.01068249
v 0.01377860 0.01066150 -0.00925829
v 0.01377860 0.01186852 -0.00764590
v 0.01377860 0.01283379 -0.00587814
v 0.01377860 0.01353765 -0.00399101
v 0.01377860 0.01396579 -0.00202291
v 0.01401820 -0.01304038 -0.00188783
v 0.01401820 -0.01264104 -0.00372359
v 0.01401820 -0.01198450 -0.00548383
v 0.01401820 -0.01108414 -0.00713272
v 0.01401820 -0.00995827 -0.00863669
v 0.01401820 -0.00862984 -0.00996513
v 0.01401820 -0.00712587 -0.01109099
v 0.01401820 -0.00547698 -0.01199136
v 0.01401820 -0.00371674 -0.01264789
v 0.01401820 -0.00188097 -0.01304724
v 0.01401820 -0.00000707 -0.01318126
v 0.01401820 0.00186684 -0.01304724
v 0.01401820 0.00370260 -0.01264789
v 0.01401820 0.00546284 -0.01199136
v 0.01401820 0.00711173 -0.01109099
v 0.01401820 0.00861570 -0.00996513
v 0.01401820 0.00994414 -0.00863669
v 0.01401820 0.01107000 -0.00713272
v 0.01401820 0.01197036 -0.00548383
v 0.01401820 0.01262690 -0.00372359
v 0.01401820 0.01302625 -0.00188783
v 0.01401820 0.01073987 0.00347797
v 0.01401820 0.00913482 0.00662805
v 0.01401820 0.00663491 0.00912797
v 0.01401820 -0.01075401 0.00347797
v 0.01401820 -0.00914897 0.00662805
v 0.01401820 -0.00349897 0.01073302
v 0.01401820 -0.00664904 0.00912797
v 0.01401820 -0.00000707 0.01128608
v 0.01401820 0.00348482 0.01073302
v 0.01371820 -0.01046869 0.00338526
v 0.01371820 -0.01029608 0.00372404
v 0.01371820 -0.00890626 0.00645171
v 0.01371820 -0.00836740 0.00699058
v 0.01371820 -0.00647271 0.00888526
v 0.01371820 -0.00545243 0.00940512
v 0.01371820 -0.00340626 0.01044770
v 0.01371820 -0.00189628 0.01068686
v 0.01371820 -0.00000707 0.01098608
v 0.01371820 0.00188213 0.01068686
v 0.01371820 0.00339211 0.01044770
v 0.01371820 0.00543829 0.00940512
v 0.01371820 0.00645857 0.00888526
v 0.01371820 0.00835326 0.00699058
v 0.01371820 0.00889212 0.00645171
v 0.01371820 0.01045455 0.00338526
v 0.01371820 0.01028194 0.00372404
v -0.01368180 -0.01046869 0.00338526
v -0.01368180 -0.01029608 0.00372404
v -0.01368180 -0.00890626 0.00645171
v -0.01368180 -0.00836740 0.00699058
v -0.01368180 -0.00647271 0.00888526
v -0.01368180 -0.00545243 0.00940512
v -0.01368180 -0.00340626 0.01044770
v -0.01368180 -0.00189628 0.01068686
v -0.01368180 -0.00000707 0.01098608
v -0.01368180 0.00188213 0.01068686
v -0.01368180 0.00339211 0.01044770
v -0.01368180 0.00543829 0.00940512
v -0.01368180 0.00645857 0.00888526
v -0.01368180 0.00835326 0.00699058
v -0.01368180 0.00889212 0.00645171
v -0.01368180 0.01028194 0.00372404
v -0.01368180 0.01045455 0.00338526
v -0.01398180 0.01073987 0.00347797
v -0.01398180 0.00913482 0.00662805
v -0.01398180 0.00663491 0.00912797
v -0.01398180 0.00348482 0.01073302
v -0.01398180 -0.00000707 0.01128608
v -0.01398180 -0.00349897 0.01073302
v -0.01398180 -0.00664904 0.00912797
v -0.01398180 -0.00914897 0.00662805
v -0.01398180 -0.01075401 0.00347797
v -0.01398180 -0.01304038 -0.00188783
v -0.01398180 -0.01264104 -0.00372359
v -0.01398180 -0.01198450 -0.00548383
v -0.01398180 -0.01108414 -0.00713272
v -0.01398180 0.00711173 -0.01109099
v -0.01398180 0.00546284 -0.01199136
v -0.01398180 0.01262690 -0.00372359
v -0.01398180 0.01197036 -0.00548383
v -0.01398180 -0.00371674 -0.01264789
v -0.01398180 -0.00547698 -0.01199136
v -0.01398180 -0.00188097 -0.01304724
v -0.01398180 -0.00000707 -0.01318126
v -0.01398180 0.00370260 -0.01264789
v -0.01398180 0.00186684 -0.01304724
v -0.01398180 0.01107000 -0.00713272
v -0.01398180 0.00994414 -0.00863669
v -0.01398180 0.00861570 -0.00996513
v -0.01398180 0.01302625 -0.00188783
v -0.01398180 -0.00712587 -0.01109099
v -0.01398180 -0.00862984 -0.00996513
v -0.01398180 -0.00995827 -0.00863669
v -0.01308082 -0.01469435 -0.00212564
v -0.01374221 -0.01397992 -0.00202291
v -0.01374221 -0.01355179 -0.00399101
v -0.01374221 -0.01284792 -0.00587814
v -0.01374221 -0.01188265 -0.00764590
v -0.01374221 -0.01067564 -0.00925829
v -0.01374221 -0.00925144 -0.01068249
v -0.01374221 -0.00763905 -0.01188951
v -0.01374221 -0.00587129 -0.01285478
v -0.01374221 -0.00398415 -0.01355864
v -0.01374221 -0.00201606 -0.01398677
v -0.01374221 -0.00000707 -0.01413046
v -0.01374221 0.00200193 -0.01398677
v -0.01374221 0.00397002 -0.01355864
v -0.01374221 0.00585716 -0.01285478
v -0.01374221 0.00762491 -0.01188951
v -0.01374221 0.00923730 -0.01068249
v -0.01374221 0.01066150 -0.00925829
v -0.01374221 0.01186852 -0.00764590
v -0.01374221 0.01283379 -0.00587814
v -0.01374221 0.01353765 -0.00399101
v -0.01374221 0.01396579 -0.00202291
v -0.01308082 -0.01424433 -0.00419436
v -0.01308082 -0.01350447 -0.00617798
v -0.01308082 -0.01248986 -0.00803612
v -0.01308082 -0.01122112 -0.00973095
v -0.01308082 -0.00972410 -0.01122797
v -0.01308082 -0.00802927 -0.01249670
v -0.01308082 -0.00617113 -0.01351133
v -0.01308082 -0.00418750 -0.01425118
v -0.01308082 -0.00211878 -0.01470120
v -0.01308082 -0.00000707 -0.01485224
v -0.01308082 0.00210465 -0.01470120
v -0.01308082 0.00417337 -0.01425118
v -0.01308082 0.00615699 -0.01351133
v -0.01308082 0.00801513 -0.01249670
v -0.01308082 0.00970996 -0.01122797
v -0.01308082 0.01120698 -0.00973095
v -0.01308082 0.01247571 -0.00803612
v -0.01308082 0.01349034 -0.00617798
v -0.01308082 0.01423019 -0.00419436
v -0.01308082 0.01468021 -0.00212564
v -0.01215611 -0.01501249 -0.00217137
v -0.01215611 -0.01455272 -0.00428491
v -0.01215611 -0.01379685 -0.00631150
v -0.01215611 -0.01276025 -0.00820989
v -0.01215611 -0.01146402 -0.00994143
v -0.01215611 -0.00993458 -0.01147088
v -0.01215611 -0.00820304 -0.01276710
v -0.01215611 -0.00630465 -0.01380369
v -0.01215611 -0.00427805 -0.01455957
v -0.01215611 -0.00216452 -0.01501934
v -0.01215611 -0.00000707 -0.01517365
v -0.01215611 0.00215039 -0.01501934
v -0.01215611 0.00426392 -0.01455957
v -0.01215611 0.00629051 -0.01380369
v -0.01215611 0.00818890 -0.01276710
v -0.01215611 0.00992044 -0.01147088
v -0.01215611 0.01144989 -0.00994143
v -0.01215611 0.01274611 -0.00820989
v -0.01215611 0.01378271 -0.00631150
v -0.01215611 0.01453858 -0.00428491
v -0.01215611 0.01499836 -0.00217137
v -0.00471265 0.01580302 0.00294150
v -0.00471265 0.01499077 0.00579628
v -0.00471265 0.01366778 0.00845319
v -0.00471265 0.01187912 0.01082177
v -0.00471265 0.00968568 0.01282135
v -0.00471265 0.00716217 0.01438385
v -0.00471265 0.00439452 0.01545604
v -0.00471265 0.00147697 0.01600143
v -0.00471265 -0.00149111 0.01600143
v -0.00471265 -0.00440865 0.01545604
v -0.00471265 -0.00717630 0.01438385
v -0.00471265 -0.00969981 0.01282135
v -0.00471265 -0.01189325 0.01082177
v -0.00471265 -0.01368192 0.00845319
v -0.00471265 -0.01500491 0.00579628
v -0.00471265 -0.01581716 0.00294150
v -0.00353270 -0.01668722 0.00310414
v -0.00353270 -0.01583027 0.00611602
v -0.00353270 -0.01443447 0.00891915
v -0.00353270 -0.01254738 0.01141808
v -0.00353270 -0.01023322 0.01352770
v -0.00353270 -0.00757084 0.01517618
v -0.00353270 -0.00465087 0.01630738
v -0.00353270 -0.00157278 0.01688278
v -0.00353270 0.00155864 0.01688278
v -0.00353270 0.00463674 0.01630738
v -0.00353270 0.00755671 0.01517618
v -0.00353270 0.01021909 0.01352770
v -0.00353270 0.01253324 0.01141808
v -0.00353270 0.01442034 0.00891915
v -0.00353270 0.01581613 0.00611602
v -0.00353270 0.01667309 0.00310414
v -0.00275377 -0.01791851 0.00333431
v -0.00275377 -0.01699829 0.00656851
v -0.00275377 -0.01549946 0.00957856
v -0.00275377 -0.01347306 0.01226196
v -0.00275377 -0.01098809 0.01452730
v -0.00275377 -0.00812917 0.01629747
v -0.00275377 -0.00499367 0.01751217
v -0.00275377 -0.00168835 0.01813005
v -0.00275377 0.00167422 0.01813005
v -0.00275377 0.00497953 0.01751217
v -0.00275377 0.00811504 0.01629747
v -0.00275377 0.01097395 0.01452730
v -0.00275377 0.01345893 0.01226196
v -0.00275377 0.01548533 0.00957856
v -0.00275377 0.01698416 0.00656851
v -0.00275377 0.01790436 0.00333431
v -0.00248180 -0.01934357 0.00360070
v -0.00248180 -0.01835014 0.00709222
v -0.00248180 -0.01673207 0.01034176
v -0.00248180 -0.01454445 0.01323865
v -0.00248180 -0.01186177 0.01568423
v -0.00248180 -0.00877538 0.01759523
v -0.00248180 -0.00539042 0.01890658
v -0.00248180 -0.00182212 0.01957361
v -0.00248180 0.00180798 0.01957361
v -0.00248180 0.00537628 0.01890658
v -0.00248180 0.00876125 0.01759523
v -0.00248180 0.01184763 0.01568423
v -0.00248180 0.01453030 0.01323865
v -0.00248180 0.01671793 0.01034176
v -0.00248180 0.01833600 0.00709222
v -0.00248180 0.01932943 0.00360070
v -0.00248180 -0.02487998 0.00373507
v -0.00248180 -0.00919680 0.02340115
v -0.00248180 -0.00560433 0.02450928
v -0.00248180 -0.00188682 0.02506961
v -0.00248180 0.00187268 0.02506961
v -0.00248180 -0.02404341 0.00740031
v -0.00248180 -0.02266991 0.01089994
v -0.00248180 -0.02079016 0.01415576
v -0.00248180 -0.01844616 0.01709505
v -0.00248180 -0.01569025 0.01965216
v -0.00248180 -0.01258400 0.02176996
v -0.00248180 0.00559019 0.02450928
v -0.00248180 0.00918267 0.02340115
v -0.00248180 0.01256986 0.02176996
v -0.00248180 0.01567611 0.01965216
v -0.00248180 0.01843202 0.01709505
v -0.00248180 0.02077603 0.01415576
v -0.00248180 0.02265578 0.01089994
v -0.00248180 0.02402928 0.00740031
v -0.00248180 0.02486584 0.00373507
v -0.00276657 -0.02201484 0.01499072
v -0.00276657 -0.02400535 0.01154305
v -0.00358031 -0.02515066 0.01209459
v -0.00276657 0.00198345 0.02654769
v -0.00276657 -0.00199758 0.02654769
v -0.00358031 -0.00209259 0.02781533
v -0.00276657 0.02399123 0.01154305
v -0.00276657 0.02200070 0.01499072
v -0.00358031 0.02305101 0.01570681
v -0.00276657 -0.02634566 0.00395599
v -0.00276657 -0.01332511 0.02305361
v -0.00276657 -0.00973833 0.02478091
v -0.00276657 0.01331097 0.02305361
v -0.00276657 0.01660026 0.02081101
v -0.00358031 0.02666037 0.00821190
v -0.00358031 0.02758851 0.00414545
v -0.00276657 0.02633152 0.00395599
v -0.00480716 0.02109489 0.01956583
v -0.00358031 0.02045042 0.01896785
v -0.00276657 0.01951857 0.01810322
v -0.00358031 0.00620289 0.02719366
v -0.00358031 0.01018861 0.02596423
v -0.00276657 0.00972419 0.02478091
v -0.00480716 -0.00641265 0.02805078
v -0.00358031 -0.00621702 0.02719366
v -0.00276657 -0.00593416 0.02595435
v -0.00358031 -0.02046455 0.01896785
v -0.00358031 -0.01740697 0.02180488
v -0.00276657 -0.01661440 0.02081101
v -0.00480716 -0.02751460 0.00847103
v -0.00358031 -0.02667450 0.00821190
v -0.00276657 -0.02545979 0.00783720
v -0.00480716 0.02845785 0.00427647
v -0.00480716 0.02750046 0.00847103
v -0.00480716 0.02592861 0.01247605
v -0.00276657 0.02544565 0.00783720
v -0.00358031 0.02513652 0.01209459
v -0.00480716 0.02377740 0.01620206
v -0.00627246 0.02407645 0.01640595
v -0.00627246 0.02353369 0.01708655
v -0.00480716 0.01050980 0.02678261
v -0.00480716 0.00639852 0.02805078
v -0.00480716 0.00214414 0.02869202
v -0.00276657 0.00592002 0.02595435
v -0.00358031 0.00207844 0.02781533
v -0.00480716 -0.00215829 0.02869202
v -0.00627246 -0.00218533 0.02905295
v -0.00627246 -0.00304613 0.02892321
v -0.00480716 -0.01795512 0.02249222
v -0.00480716 -0.02110902 0.01956583
v -0.00480716 -0.02379154 0.01620206
v -0.00276657 -0.01953270 0.01810322
v -0.00358031 -0.02306514 0.01570681
v -0.00480716 -0.02594275 0.01247605
v -0.00627246 -0.02626885 0.01263309
v -0.00627246 -0.02658689 0.01182275
v -0.00627246 0.02881575 0.00433042
v -0.00627246 0.02625471 0.01263309
v -0.00627246 0.02657275 0.01182275
v -0.00627246 0.02784633 0.00857772
v -0.00627246 0.02842807 0.00602896
v -0.00627246 0.02136020 0.01981202
v -0.00480716 0.01794097 0.02249222
v -0.00627246 0.01816665 0.02277520
v -0.00627246 0.01944379 0.02159019
v -0.00358031 0.01739283 0.02180488
v -0.00358031 0.01394657 0.02415449
v -0.00480716 0.01438614 0.02491586
v -0.00627246 0.01456712 0.02522932
v -0.00627246 0.01064203 0.02711954
v -0.00627246 0.00217120 0.02905295
v -0.00627246 0.00303199 0.02892321
v -0.00627246 0.00647906 0.02840365
v -0.00627246 0.00897721 0.02763307
v -0.00627246 -0.00649320 0.02840365
v -0.00480716 -0.01052393 0.02678261
v -0.00627246 -0.01065616 0.02711954
v -0.00627246 -0.00899136 0.02763307
v -0.00358031 -0.01020274 0.02596423
v -0.00358031 -0.01396070 0.02415449
v -0.00480716 -0.01440028 0.02491586
v -0.00627246 -0.01458126 0.02522932
v -0.00627246 -0.01818079 0.02277520
v -0.00627246 -0.02409059 0.01640595
v -0.00627246 -0.02354783 0.01708655
v -0.00627246 -0.02137434 0.01981202
v -0.00627246 -0.01945792 0.02159019
v -0.00627246 -0.02786046 0.00857772
v -0.00480716 -0.02847198 0.00427647
v -0.00627246 -0.02882988 0.00433042
v -0.00627246 -0.02844221 0.00602896
v -0.00358031 -0.02760264 0.00414545
v -0.01276823 -0.03092436 -0.00445916
v -0.01215793 -0.02998067 -0.00432347
v -0.01123778 -0.02932802 -0.00422964
v -0.01123778 -0.02842961 -0.00835953
v -0.01123778 -0.02695261 -0.01231954
v -0.01123778 -0.02492707 -0.01602903
v -0.01123778 -0.02239423 -0.01941251
v -0.01123778 -0.01940566 -0.02240109
v -0.01123778 -0.01602218 -0.02493392
v -0.01123778 -0.01231269 -0.02695946
v -0.01123778 -0.00835268 -0.02843647
v -0.01123778 -0.00422279 -0.02933487
v -0.01123778 -0.00000707 -0.02963639
v -0.01123778 0.00420864 -0.02933487
v -0.01123778 0.00833854 -0.02843647
v -0.01123778 0.01229855 -0.02695946
v -0.01123778 0.01600805 -0.02493392
v -0.01123778 0.01939153 -0.02240109
v -0.01123778 0.02238010 -0.01941251
v -0.01123778 0.02491294 -0.01602903
v -0.01123778 0.02693847 -0.01231954
v -0.01123778 0.02841548 -0.00835953
v -0.01123778 0.02931388 -0.00422964
v -0.01215793 -0.02906227 -0.00854530
v -0.01215793 -0.02755239 -0.01259345
v -0.01215793 -0.02548177 -0.01638551
v -0.01215793 -0.02289255 -0.01984430
v -0.01215793 -0.01983745 -0.02289940
v -0.01215793 -0.01637867 -0.02548862
v -0.01215793 -0.01258659 -0.02755924
v -0.01215793 -0.00853845 -0.02906913
v -0.01215793 -0.00431662 -0.02998753
v -0.01215793 -0.00000707 -0.03029575
v -0.01215793 0.00430249 -0.02998753
v -0.01215793 0.00852431 -0.02906913
v -0.01215793 0.01257246 -0.02755924
v -0.01215793 0.01636453 -0.02548862
v -0.01215793 0.01982332 -0.02289940
v -0.01215793 0.02287841 -0.01984430
v -0.01215793 0.02546762 -0.01638551
v -0.01215793 0.02753826 -0.01259345
v -0.01215793 0.02904814 -0.00854530
v -0.01215793 0.02996654 -0.00432347
v -0.01276823 -0.02997705 -0.00881390
v -0.01276823 -0.02841963 -0.01298950
v -0.01276823 -0.02628381 -0.01690096
v -0.01276823 -0.02361307 -0.02046864
v -0.01276823 -0.02046179 -0.02361993
v -0.01276823 -0.01689410 -0.02629066
v -0.01276823 -0.01298265 -0.02842648
v -0.01276823 -0.00880705 -0.02998390
v -0.01276823 -0.00445231 -0.03093121
v -0.01276823 -0.00000707 -0.03124914
v -0.01276823 0.00443817 -0.03093121
v -0.01276823 0.00879291 -0.02998390
v -0.01276823 0.01296851 -0.02842648
v -0.01276823 0.01687997 -0.02629066
v -0.01276823 0.02044765 -0.02361993
v -0.01276823 0.02359894 -0.02046864
v -0.01276823 0.02626967 -0.01690096
v -0.01276823 0.02840549 -0.01298950
v -0.01276823 0.02996291 -0.00881390
v -0.01276823 0.03091022 -0.00445916
v -0.01298180 -0.03202472 -0.00461736
v -0.01298180 -0.03104369 -0.00912709
v -0.01298180 -0.02943084 -0.01345131
v -0.01298180 -0.02721900 -0.01750197
v -0.01298180 -0.02445322 -0.02119663
v -0.01298180 -0.02118978 -0.02446007
v -0.01298180 -0.01749512 -0.02722586
v -0.01298180 -0.01344445 -0.02943769
v -0.01298180 -0.00912024 -0.03105054
v -0.01298180 -0.00461051 -0.03203157
v -0.01298180 -0.00000707 -0.03236082
v -0.01298180 0.00459638 -0.03203157
v -0.01298180 0.00910610 -0.03105054
v -0.01298180 0.01343032 -0.02943769
v -0.01298180 0.01748098 -0.02722586
v -0.01298180 0.02117564 -0.02446007
v -0.01298180 0.02443909 -0.02119663
v -0.01298180 0.02720487 -0.01750197
v -0.01298180 0.02941670 -0.01345131
v -0.01298180 0.03102955 -0.00912709
v -0.01298180 0.03201058 -0.00461736
v -0.01298180 -0.03834284 -0.00356625
v -0.01298180 0.00354526 -0.03834969
v -0.01298180 -0.02320850 -0.03073759
v -0.01298180 -0.02594435 -0.02846577
v -0.01298180 0.01390073 -0.03591410
v -0.01298180 0.01052895 -0.03704421
v -0.01298180 0.00706729 -0.03785839
v -0.01298180 -0.03590725 -0.01392172
v -0.01298180 -0.03703736 -0.01054994
v -0.01298180 -0.03785154 -0.00708828
v -0.01298180 -0.02845891 -0.02595120
v -0.01298180 -0.03073073 -0.02321536
v -0.01298180 -0.03274043 -0.02028156
v -0.01298180 -0.03447086 -0.01717485
v -0.01298180 0.03071660 -0.02321536
v -0.01298180 0.02844478 -0.02595120
v -0.01298180 0.03589311 -0.01392172
v -0.01298180 0.03445672 -0.01717485
v -0.01298180 0.03272629 -0.02028156
v -0.01298180 -0.01391487 -0.03591410
v -0.01298180 -0.01716799 -0.03447771
v -0.01298180 -0.02027471 -0.03274728
v -0.01298180 -0.00000707 -0.03851392
v -0.01298180 -0.00355940 -0.03834969
v -0.01298180 -0.00708143 -0.03785839
v -0.01298180 -0.01054310 -0.03704421
v -0.01298180 0.03832870 -0.00356625
v -0.01298180 0.03783740 -0.00708828
v -0.01298180 0.03702322 -0.01054994
v -0.01298180 0.02593022 -0.02846577
v -0.01298180 0.02319436 -0.03073759
v -0.01298180 0.02026057 -0.03274728
v -0.01298180 0.01715386 -0.03447771
v -0.01223180 -0.03963633 -0.00368611
v -0.01278084 -0.03908964 -0.00363546
v -0.01278084 -0.03858877 -0.00722609
v -0.01278084 -0.03775873 -0.01075519
v -0.01278084 -0.03660661 -0.01419266
v -0.01278084 -0.03514223 -0.01750915
v -0.01278084 -0.03337810 -0.02067638
v -0.01278084 -0.03132925 -0.02366733
v -0.01278084 -0.02901317 -0.02645648
v -0.01278084 -0.02644962 -0.02902002
v -0.01278084 -0.02366048 -0.03133610
v -0.01278084 -0.02066953 -0.03338495
v -0.01278084 -0.01750230 -0.03514908
v -0.01278084 -0.01418580 -0.03661346
v -0.01278084 -0.01074834 -0.03776558
v -0.01278084 -0.00721924 -0.03859562
v -0.01278084 -0.00362860 -0.03909649
v -0.01278084 -0.00000707 -0.03926392
v -0.01278084 0.00361446 -0.03909649
v -0.01278084 0.00720510 -0.03859562
v -0.01278084 0.01073421 -0.03776558
v -0.01278084 0.01417166 -0.03661346
v -0.01278084 0.01748816 -0.03514908
v -0.01278084 0.02065539 -0.03338495
v -0.01278084 0.02364634 -0.03133610
v -0.01278084 0.02643549 -0.02902002
v -0.01278084 0.02899903 -0.02645648
v -0.01278084 0.03131511 -0.02366733
v -0.01278084 0.03336395 -0.02067638
v -0.01278084 0.03512809 -0.01750915
v -0.01278084 0.03659246 -0.01419266
v -0.01278084 0.03774459 -0.01075519
v -0.01278084 0.03857462 -0.00722609
v -0.01278084 0.03907550 -0.00363546
v -0.01223180 -0.03912846 -0.00732698
v -0.01223180 -0.03828681 -0.01090544
v -0.01223180 -0.03711857 -0.01439099
v -0.01223180 -0.03563371 -0.01775388
v -0.01223180 -0.03384490 -0.02096542
v -0.01223180 -0.03176739 -0.02399820
v -0.01223180 -0.02941892 -0.02682636
v -0.01223180 -0.02681950 -0.02942577
v -0.01223180 -0.02399135 -0.03177424
v -0.01223180 -0.02095857 -0.03385175
v -0.01223180 -0.01774703 -0.03564056
v -0.01223180 -0.01438413 -0.03712542
v -0.01223180 -0.01089859 -0.03829366
v -0.01223180 -0.00732012 -0.03913531
v -0.01223180 -0.00367926 -0.03964319
v -0.01223180 -0.00000707 -0.03981296
v -0.01223180 0.00366513 -0.03964319
v -0.01223180 0.00730598 -0.03913531
v -0.01223180 0.01088446 -0.03829366
v -0.01223180 0.01437000 -0.03712542
v -0.01223180 0.01773289 -0.03564056
v -0.01223180 0.02094443 -0.03385175
v -0.01223180 0.02397721 -0.03177424
v -0.01223180 0.02680538 -0.02942577
v -0.01223180 0.02940478 -0.02682636
v -0.01223180 0.03175325 -0.02399820
v -0.01223180 0.03383076 -0.02096542
v -0.01223180 0.03561957 -0.01775388
v -0.01223180 0.03710443 -0.01439099
v -0.01223180 0.03827267 -0.01090544
v -0.01223180 0.03911432 -0.00732698
v -0.01223180 0.03962220 -0.00368611
v -0.01214687 -0.04142786 -0.00524658
v -0.01123180 -0.04052002 -0.00513190
v -0.00998180 -0.04018772 -0.00508991
v -0.00998180 -0.03923469 -0.01008586
v -0.01123180 -0.03955911 -0.01016916
v -0.00998180 -0.03766302 -0.01492297
v -0.01123180 -0.03797444 -0.01504626
v -0.00998180 -0.03549749 -0.01952495
v -0.01123180 -0.03579100 -0.01968630
v -0.00998180 -0.03277226 -0.02381922
v -0.01123180 -0.03304323 -0.02401610
v -0.00998180 -0.02953029 -0.02773808
v -0.01123180 -0.02977446 -0.02796736
v -0.00998180 -0.02582274 -0.03121971
v -0.01123180 -0.02603623 -0.03147778
v -0.00998180 -0.02170806 -0.03420920
v -0.01123180 -0.02188752 -0.03449200
v -0.00998180 -0.01725113 -0.03665942
v -0.01123180 -0.01739374 -0.03696248
v -0.00998180 -0.01252226 -0.03853171
v -0.01123180 -0.01262576 -0.03885026
v -0.00998180 -0.00759601 -0.03979656
v -0.01123180 -0.00765877 -0.04012556
v -0.00998180 -0.00255009 -0.04043401
v -0.01123180 -0.00257111 -0.04076828
v -0.00998180 0.00253595 -0.04043401
v -0.01123180 0.00255698 -0.04076828
v -0.00998180 0.00758188 -0.03979656
v -0.01123180 0.00764464 -0.04012556
v -0.00998180 0.01250812 -0.03853171
v -0.01123180 0.01261162 -0.03885026
v -0.00998180 0.01723699 -0.03665942
v -0.01123180 0.01737960 -0.03696248
v -0.00998180 0.02169391 -0.03420920
v -0.01123180 0.02187339 -0.03449200
v -0.00998180 0.02580861 -0.03121971
v -0.01123180 0.02602210 -0.03147778
v -0.00998180 0.02951617 -0.02773808
v -0.01123180 0.02976032 -0.02796736
v -0.00998180 0.03275812 -0.02381922
v -0.01123180 0.03302909 -0.02401610
v -0.00998180 0.03548335 -0.01952495
v -0.01123180 0.03577686 -0.01968630
v -0.00998180 0.03764888 -0.01492297
v -0.01123180 0.03796029 -0.01504626
v -0.00998180 0.03922055 -0.01008586
v -0.01123180 0.03954497 -0.01016916
v -0.00998180 0.04017357 -0.00508991
v -0.01123180 0.04050587 -0.00513190
v -0.01214687 -0.04044542 -0.01039672
v -0.01214687 -0.03882524 -0.01538312
v -0.01214687 -0.03659287 -0.02012714
v -0.01214687 -0.03378353 -0.02455396
v -0.01214687 -0.03044151 -0.02859376
v -0.01214687 -0.02661952 -0.03218285
v -0.01214687 -0.02237783 -0.03526461
v -0.01214687 -0.01778335 -0.03779045
v -0.01214687 -0.01290853 -0.03972053
v -0.01214687 -0.00783024 -0.04102442
v -0.01214687 -0.00262857 -0.04168154
v -0.01214687 0.00261444 -0.04168154
v -0.01214687 0.00781610 -0.04102442
v -0.01214687 0.01289439 -0.03972053
v -0.01214687 0.01776922 -0.03779045
v -0.01214687 0.02236370 -0.03526461
v -0.01214687 0.02660538 -0.03218285
v -0.01214687 0.03042737 -0.02859376
v -0.01214687 0.03376939 -0.02455396
v -0.01214687 0.03657874 -0.02012714
v -0.01214687 0.03881110 -0.01538312
v -0.01214687 0.04043128 -0.01039672
v -0.01214687 0.04141373 -0.00524658
v -0.01248180 -0.04266800 -0.00540325
v -0.01248180 -0.04165615 -0.01070759
v -0.01248180 -0.03998746 -0.01584328
v -0.01248180 -0.03768826 -0.02072933
v -0.01248180 -0.03479480 -0.02528869
v -0.01248180 -0.03135272 -0.02944945
v -0.01248180 -0.02741630 -0.03314599
v -0.01248180 -0.02304762 -0.03632002
v -0.01248180 -0.01831557 -0.03892149
v -0.01248180 -0.01329480 -0.04090935
v -0.01248180 -0.00806446 -0.04225228
v -0.01248180 -0.00270707 -0.04292907
v -0.01248180 0.00269292 -0.04292907
v -0.01248180 0.00805033 -0.04225228
v -0.01248180 0.01328066 -0.04090935
v -0.01248180 0.01830144 -0.03892149
v -0.01248180 0.02303348 -0.03632002
v -0.01248180 0.02740217 -0.03314599
v -0.01248180 0.03133858 -0.02944945
v -0.01248180 0.03478066 -0.02528869
v -0.01248180 0.03767412 -0.02072933
v -0.01248180 0.03997331 -0.01584328
v -0.01248180 0.04164201 -0.01070759
v -0.01248180 0.04265387 -0.00540325
v 0.01001820 -0.04018772 -0.00508991
v 0.01001820 -0.03923469 -0.01008586
v 0.01001820 -0.03766302 -0.01492297
v 0.01001820 0.00758188 -0.03979656
v 0.01001820 0.01250812 -0.03853171
v 0.01001820 -0.02170806 -0.03420920
v 0.01001820 -0.01725113 -0.03665942
v 0.01001820 -0.01252226 -0.03853171
v 0.01001820 -0.00759601 -0.03979656
v 0.01001820 -0.00255009 -0.04043401
v 0.01001820 0.00253595 -0.04043401
v 0.01001820 -0.03549749 -0.01952495
v 0.01001820 -0.03277226 -0.02381922
v 0.01001820 -0.02953029 -0.02773808
v 0.01001820 -0.02582274 -0.03121971
v 0.01001820 0.03275812 -0.02381922
v 0.01001820 0.03548335 -0.01952495
v 0.01001820 0.03764888 -0.01492297
v 0.01001820 0.03922055 -0.01008586
v 0.01001820 0.04017357 -0.00508991
v 0.01001820 0.01723699 -0.03665942
v 0.01001820 0.02169391 -0.03420920
v 0.01001820 0.02580861 -0.03121971
v 0.01001820 0.02951617 -0.02773808
v 0.01126820 -0.04052002 -0.00513190
v 0.01218326 -0.04142786 -0.00524658
v 0.01251820 -0.04266800 -0.00540325
v 0.01251820 -0.04165615 -0.01070759
v 0.01218326 -0.04044542 -0.01039672
v 0.01251820 -0.03998746 -0.01584328
v 0.01218326 -0.03882524 -0.01538312
v 0.01251820 -0.03768826 -0.02072933
v 0.01218326 -0.03659287 -0.02012714
v 0.01251820 -0.03479480 -0.02528869
v 0.01218326 -0.03378353 -0.02455396
v 0.01251820 -0.03135272 -0.02944945
v 0.01218326 -0.03044151 -0.02859376
v 0.01251820 -0.02741630 -0.03314599
v 0.01218326 -0.02661952 -0.03218285
v 0.01251820 -0.02304762 -0.03632002
v 0.01218326 -0.02237783 -0.03526461
v 0.01251820 -0.01831557 -0.03892149
v 0.01218326 -0.01778335 -0.03779045
v 0.01251820 -0.01329480 -0.04090935
v 0.01218326 -0.01290853 -0.03972053
v 0.01251820 -0.00806446 -0.04225228
v 0.01218326 -0.00783024 -0.04102442
v 0.01251820 -0.00270707 -0.04292907
v 0.01218326 -0.00262857 -0.04168154
v 0.01251820 0.00269292 -0.04292907
v 0.01218326 0.00261444 -0.04168154
v 0.01251820 0.00805033 -0.04225228
v 0.01218326 0.00781610 -0.04102442
v 0.01251820 0.01328066 -0.04090935
v 0.01218326 0.01289439 -0.03972053
v 0.01251820 0.01830144 -0.03892149
v 0.01218326 0.01776922 -0.03779045
v 0.01251820 0.02303348 -0.03632002
v 0.01218326 0.02236370 -0.03526461
v 0.01251820 0.02740217 -0.03314599
v 0.01218326 0.02660538 -0.03218285
v 0.01251820 0.03133858 -0.02944945
v 0.01218326 0.03042737 -0.02859376
v 0.01251820 0.03478066 -0.02528869
v 0.01218326 0.03376939 -0.02455396
v 0.01251820 0.03767412 -0.02072933
v 0.01218326 0.03657874 -0.02012714
v 0.01251820 0.03997331 -0.01584328
v 0.01218326 0.03881110 -0.01538312
v 0.01251820 0.04164201 -0.01070759
v 0.01218326 0.04043128 -0.01039672
v 0.01251820 0.04265387 -0.00540325
v 0.01218326 0.04141373 -0.00524658
v 0.01126820 -0.03955911 -0.01016916
v 0.01126820 -0.03797444 -0.01504626
v 0.01126820 -0.03579100 -0.01968630
v 0.01126820 -0.03304323 -0.02401610
v 0.01126820 -0.02977446 -0.02796736
v 0.01126820 -0.02603623 -0.03147778
v 0.01126820 -0.02188752 -0.03449200
v 0.01126820 -0.01739374 -0.03696248
v 0.01126820 -0.01262576 -0.03885026
v 0.01126820 -0.00765877 -0.04012556
v 0.01126820 -0.00257111 -0.04076828
v 0.01126820 0.00255698 -0.04076828
v 0.01126820 0.00764464 -0.04012556
v 0.01126820 0.01261162 -0.03885026
v 0.01126820 0.01737960 -0.03696248
v 0.01126820 0.02187339 -0.03449200
v 0.01126820 0.02602210 -0.03147778
v 0.01126820 0.02976032 -0.02796736
v 0.01126820 0.03302909 -0.02401610
v 0.01126820 0.03577686 -0.01968630
v 0.01126820 0.03796029 -0.01504626
v 0.01126820 0.03954497 -0.01016916
v 0.01126820 0.04050587 -0.00513190
v -0.00779430 -0.04658857 -0.01600537
v -0.00779430 -0.04836191 -0.01147423
v -0.00779430 -0.04858537 -0.00812021
v -0.00779430 -0.04936541 -0.00578308
v -0.00779430 0.04330701 -0.02345433
v -0.00779430 0.04151196 -0.02732142
v -0.00779430 0.03885810 -0.03026390
v -0.00779430 0.03806102 -0.03195684
v -0.00779430 0.03334905 -0.03624832
v -0.00779430 0.04935127 -0.00578308
v -0.00779430 0.04857123 -0.00812021
v -0.00779430 0.04834777 -0.01147423
v -0.00779430 0.04657443 -0.01600537
v -0.00779430 0.04669035 -0.01701039
v -0.00779430 0.04440143 -0.02231671
v -0.00779430 -0.01979057 -0.04511576
v -0.00779430 -0.02485425 -0.04305050
v -0.00779430 -0.02694426 -0.04124437
v -0.00779430 -0.02968248 -0.03987492
v -0.00779430 -0.03336319 -0.03624832
v -0.00779430 -0.03410941 -0.03616029
v -0.00779430 -0.03887225 -0.03026390
v -0.00779430 -0.00407410 -0.04909571
v -0.00779430 -0.00863640 -0.04895331
v -0.00779430 -0.01209723 -0.04775688
v -0.00779430 -0.01425957 -0.04762060
v -0.00779430 -0.01969000 -0.04564408
v -0.00779430 -0.03807516 -0.03195684
v -0.00779430 -0.04152611 -0.02732142
v -0.00779430 -0.04332115 -0.02345433
v -0.00779430 -0.04441557 -0.02231671
v -0.00779430 -0.04670449 -0.01701039
v -0.00779430 0.01977643 -0.04511576
v -0.00779430 0.01424543 -0.04762060
v -0.00779430 0.01208309 -0.04775688
v -0.00779430 0.00862227 -0.04895331
v -0.00779430 0.00405996 -0.04909571
v -0.00779430 0.00288240 -0.04962420
v -0.00779430 -0.00289654 -0.04962420
v -0.00779430 0.03409527 -0.03616029
v -0.00779430 0.02966834 -0.03987492
v -0.00779430 0.02693013 -0.04124437
v -0.00779430 0.02484011 -0.04305050
v -0.00779430 0.01967586 -0.04564408
v -0.00979430 -0.04858537 -0.00812021
v -0.00979430 -0.04658857 -0.01600537
v -0.00979430 -0.04332115 -0.02345433
v -0.00979430 -0.03887225 -0.03026390
v -0.00979430 -0.03336319 -0.03624832
v -0.00979430 -0.02694426 -0.04124437
v -0.00979430 -0.01979057 -0.04511576
v -0.00979430 -0.01209723 -0.04775688
v -0.00979430 -0.00407410 -0.04909571
v -0.00979430 0.00405996 -0.04909571
v -0.00979430 0.01208309 -0.04775688
v -0.00979430 0.01977643 -0.04511576
v -0.00979430 0.02693013 -0.04124437
v -0.00979430 0.03334905 -0.03624832
v -0.00979430 0.03885810 -0.03026390
v -0.00979430 0.04330701 -0.02345433
v -0.00979430 0.04657443 -0.01600537
v -0.00979430 0.04857123 -0.00812021
v -0.00510680 -0.04953847 -0.00580331
v -0.00510680 -0.04853145 -0.01151441
v -0.00510680 -0.04686822 -0.01706998
v -0.00510680 -0.04457127 -0.02239490
v -0.00510680 -0.04167167 -0.02741716
v -0.00510680 -0.03820862 -0.03206883
v -0.00510680 -0.03422897 -0.03628702
v -0.00510680 -0.02978652 -0.04001467
v -0.00510680 -0.02494136 -0.04320138
v -0.00510680 -0.01975901 -0.04580406
v -0.00510680 -0.01430954 -0.04778751
v -0.00510680 -0.00866666 -0.04912489
v -0.00510680 -0.00290666 -0.04979814
v -0.00510680 0.00289253 -0.04979814
v -0.00510680 0.00865252 -0.04912489
v -0.00510680 0.01429540 -0.04778751
v -0.00510680 0.01974487 -0.04580406
v -0.00510680 0.02492723 -0.04320138
v -0.00510680 0.02977239 -0.04001467
v -0.00510680 0.03421484 -0.03628702
v -0.00510680 0.03819449 -0.03206883
v -0.00510680 0.04165753 -0.02741716
v -0.00510680 0.04455713 -0.02239490
v -0.00510680 0.04685407 -0.01706998
v -0.00510680 0.04851730 -0.01151441
v -0.00510680 0.04952433 -0.00580331
v 0.00983070 -0.01979057 -0.04511576
v 0.00983070 -0.02694426 -0.04124437
v 0.00983070 -0.03336319 -0.03624832
v 0.00983070 -0.04658857 -0.01600537
v 0.00983070 -0.04858537 -0.00812021
v 0.00983070 0.01977643 -0.04511576
v 0.00983070 0.01208309 -0.04775688
v 0.00983070 0.00405996 -0.04909571
v 0.00983070 0.03334905 -0.03624832
v 0.00983070 0.02693013 -0.04124437
v 0.00983070 -0.03887225 -0.03026390
v 0.00983070 -0.04332115 -0.02345433
v 0.00983070 -0.00407410 -0.04909571
v 0.00983070 -0.01209723 -0.04775688
v 0.00983070 0.04330701 -0.02345433
v 0.00983070 0.03885810 -0.03026390
v 0.00783070 0.00405996 -0.04909571
v 0.00783070 0.00862227 -0.04895331
v 0.00783070 0.01208309 -0.04775688
v 0.00783070 0.01424543 -0.04762060
v 0.00783070 0.01977643 -0.04511576
v 0.00783070 -0.03336319 -0.03624832
v 0.00783070 -0.02968248 -0.03987492
v 0.00783070 -0.02694426 -0.04124437
v 0.00783070 -0.02485425 -0.04305050
v 0.00783070 -0.01979057 -0.04511576
v 0.00783070 -0.04936541 -0.00578308
v 0.00783070 -0.04858537 -0.00812021
v 0.00783070 -0.04836191 -0.01147423
v 0.00783070 -0.04658857 -0.01600537
v 0.00783070 -0.04670449 -0.01701039
v 0.00783070 -0.04332115 -0.02345433
v 0.00783070 0.03885810 -0.03026390
v 0.00783070 0.04151196 -0.02732142
v 0.00783070 0.04330701 -0.02345433
v 0.00783070 0.04440143 -0.02231671
v 0.00783070 0.04657443 -0.01600537
v 0.00783070 0.01967586 -0.04564408
v 0.00783070 0.02484011 -0.04305050
v 0.00783070 0.02693013 -0.04124437
v 0.00783070 0.02966834 -0.03987492
v 0.00783070 0.03334905 -0.03624832
v 0.00783070 0.03409527 -0.03616029
v 0.00783070 0.03806102 -0.03195684
v 0.00783070 -0.01969000 -0.04564408
v 0.00783070 -0.01425957 -0.04762060
v 0.00783070 -0.01209723 -0.04775688
v 0.00783070 -0.00863640 -0.04895331
v 0.00783070 -0.00407410 -0.04909571
v 0.00783070 -0.00289654 -0.04962420
v 0.00783070 0.00288240 -0.04962420
v 0.00783070 -0.04441557 -0.02231671
v 0.00783070 -0.04152611 -0.02732142
v 0.00783070 -0.03887225 -0.03026390
v 0.00783070 -0.03807516 -0.03195684
v 0.00783070 -0.03410941 -0.03616029
v 0.00783070 0.04669035 -0.01701039
v 0.00783070 0.04834777 -0.01147423
v 0.00783070 0.04857123 -0.00812021
v 0.00783070 0.04935127 -0.00578308
v -0.00510680 -0.03336319 -0.03624832
v -0.00510680 -0.02694426 -0.04124437
v -0.00510680 -0.01979057 -0.04511576
v -0.00510680 -0.01209723 -0.04775688
v -0.00510680 0.00405996 -0.04909571
v -0.00510680 0.01208309 -0.04775688
v -0.00510680 0.01977643 -0.04511576
v -0.00510680 -0.00407410 -0.04909571
v -0.00510680 0.02693013 -0.04124437
v -0.00510680 0.03334905 -0.03624832
v -0.00510680 0.03885810 -0.03026390
v -0.00510680 -0.04858537 -0.00812021
v -0.00510680 -0.04658857 -0.01600537
v -0.00510680 -0.04332115 -0.02345433
v -0.00510680 0.04657443 -0.01600537
v -0.00510680 0.04857123 -0.00812021
v -0.00510680 -0.03887225 -0.03026390
v -0.00510680 0.04330701 -0.02345433
v -0.00310680 -0.04858537 -0.00812021
v -0.00310680 -0.04658857 -0.01600537
v -0.00310680 -0.04332115 -0.02345433
v -0.00310680 -0.03887225 -0.03026390
v -0.00310680 -0.03336319 -0.03624832
v -0.00310680 -0.02694426 -0.04124437
v -0.00310680 -0.01979057 -0.04511576
v -0.00310680 -0.01209723 -0.04775688
v -0.00310680 -0.00407410 -0.04909571
v -0.00310680 0.00405996 -0.04909571
v -0.00310680 0.01208309 -0.04775688
v -0.00310680 0.01977643 -0.04511576
v -0.00310680 0.02693013 -0.04124437
v -0.00310680 0.03334905 -0.03624832
v -0.00310680 0.03885810 -0.03026390
v -0.00310680 0.04330701 -0.02345433
v -0.00310680 0.04657443 -0.01600537
v -0.00310680 0.04857123 -0.00812021
v -0.00310680 -0.04861179 -0.01153345
v -0.00310680 -0.04962048 -0.00581289
v -0.00310680 0.04859765 -0.01153345
v -0.00310680 0.04693167 -0.01709822
v -0.00310680 -0.02983584 -0.04008091
v -0.00310680 -0.03428564 -0.03634708
v -0.00310680 0.02496851 -0.04327290
v -0.00310680 0.01977757 -0.04587988
v -0.00310680 -0.00868100 -0.04920621
v -0.00310680 -0.01433322 -0.04786661
v -0.00310680 -0.01979171 -0.04587988
v -0.00310680 -0.02498265 -0.04327290
v -0.00310680 -0.03827188 -0.03212191
v -0.00310680 -0.04174066 -0.02746253
v -0.00310680 -0.04464506 -0.02243196
v -0.00310680 -0.04694581 -0.01709822
v -0.00310680 0.01431908 -0.04786661
v -0.00310680 0.00866686 -0.04920621
v -0.00310680 0.00289733 -0.04988057
v -0.00310680 -0.00291147 -0.04988057
v -0.00310680 0.04463092 -0.02243196
v -0.00310680 0.04172651 -0.02746253
v -0.00310680 0.03825774 -0.03212191
v -0.00310680 0.03427150 -0.03634708
v -0.00310680 0.02982170 -0.04008091
v -0.00310680 0.04960634 -0.00581289
v 0.00514320 -0.04953847 -0.00580331
v 0.00514320 -0.04853145 -0.01151441
v 0.00514320 -0.04686822 -0.01706998
v 0.00514320 -0.04457127 -0.02239490
v 0.00514320 -0.04167167 -0.02741716
v 0.00514320 -0.03820862 -0.03206883
v 0.00514320 -0.03422897 -0.03628702
v 0.00514320 -0.02978652 -0.04001467
v 0.00514320 -0.02494136 -0.04320138
v 0.00514320 -0.01975901 -0.04580406
v 0.00514320 -0.01430954 -0.04778751
v 0.00514320 -0.00866666 -0.04912489
v 0.00514320 -0.00290666 -0.04979814
v 0.00514320 0.00289253 -0.04979814
v 0.00514320 0.00865252 -0.04912489
v 0.00514320 0.01429540 -0.04778751
v 0.00514320 0.01974487 -0.04580406
v 0.00514320 0.02492723 -0.04320138
v 0.00514320 0.02977239 -0.04001467
v 0.00514320 0.03421484 -0.03628702
v 0.00514320 0.03819449 -0.03206883
v 0.00514320 0.04165753 -0.02741716
v 0.00514320 0.04455713 -0.02239490
v 0.00514320 0.04685407 -0.01706998
v 0.00514320 0.04851730 -0.01151441
v 0.00514320 0.04952433 -0.00580331
v 0.00314320 -0.04962048 -0.00581289
v 0.00314320 -0.04861179 -0.01153345
v 0.00314320 -0.04694581 -0.01709822
v 0.00314320 -0.04464506 -0.02243196
v 0.00314320 -0.04174066 -0.02746253
v 0.00314320 -0.03827188 -0.03212191
v 0.00314320 -0.03428564 -0.03634708
v 0.00314320 -0.02983584 -0.04008091
v 0.00314320 -0.02498265 -0.04327290
v 0.00314320 -0.01979171 -0.04587988
v 0.00314320 -0.01433322 -0.04786661
v 0.00314320 -0.00868100 -0.04920621
v 0.00314320 -0.00291147 -0.04988057
v 0.00314320 0.00289733 -0.04988057
v 0.00314320 0.00866686 -0.04920621
v 0.00314320 0.01431908 -0.04786661
v 0.00314320 0.01977757 -0.04587988
v 0.00314320 0.02496851 -0.04327290
v 0.00314320 0.02982170 -0.04008091
v 0.00314320 0.03427150 -0.03634708
v 0.00314320 0.03825774 -0.03212191
v 0.00314320 0.04172651 -0.02746253
v 0.00314320 0.04463092 -0.02243196
v 0.00314320 0.04693167 -0.01709822
v 0.00314320 0.04859765 -0.01153345
v 0.00314320 0.04960634 -0.00581289
v 0.00514320 -0.01979057 -0.04511576
v 0.00514320 -0.02694426 -0.04124437
v 0.00514320 -0.03336319 -0.03624832
v 0.00514320 -0.03887225 -0.03026390
v 0.00514320 -0.00407410 -0.04909571
v 0.00514320 -0.01209723 -0.04775688
v 0.00514320 0.04330701 -0.02345433
v 0.00514320 0.03885810 -0.03026390
v 0.00514320 0.03334905 -0.03624832
v 0.00514320 -0.04658857 -0.01600537
v 0.00514320 -0.04858537 -0.00812021
v 0.00514320 0.04857123 -0.00812021
v 0.00514320 0.04657443 -0.01600537
v 0.00514320 -0.04332115 -0.02345433
v 0.00514320 0.01208309 -0.04775688
v 0.00514320 0.00405996 -0.04909571
v 0.00514320 0.02693013 -0.04124437
v 0.00514320 0.01977643 -0.04511576
v 0.00314320 -0.04858537 -0.00812021
v 0.00314320 -0.04658857 -0.01600537
v 0.00314320 -0.04332115 -0.02345433
v 0.00314320 -0.03887225 -0.03026390
v 0.00314320 -0.03336319 -0.03624832
v 0.00314320 -0.02694426 -0.04124437
v 0.00314320 -0.01979057 -0.04511576
v 0.00314320 -0.01209723 -0.04775688
v 0.00314320 -0.00407410 -0.04909571
v 0.00314320 0.00405996 -0.04909571
v 0.00314320 0.01208309 -0.04775688
v 0.00314320 0.01977643 -0.04511576
v 0.00314320 0.02693013 -0.04124437
v 0.00314320 0.03334905 -0.03624832
v 0.00314320 0.03885810 -0.03026390
v 0.00314320 0.04330701 -0.02345433
v 0.00314320 0.04657443 -0.01600537
v 0.00314320 0.04857123 -0.00812021
v 0.00271820 0.02021406 0.00043369
v 0.00271820 0.02008489 0.00043420
v 0.00271820 0.02303970 0.00061170
v 0.00271820 0.02299901 0.00125708
v 0.00271820 0.02124545 0.00114672
v 0.00271820 0.02118785 0.00116015
v 0.00271820 0.02112037 0.00120737
v 0.00271820 0.02107762 0.00129776
v 0.00271820 0.02104100 0.00179769
v 0.00271820 0.02104229 0.00184579
v 0.00271820 0.02106613 0.00191215
v 0.00271820 0.02112025 0.00195903
v 0.00271820 0.02123527 0.00198688
v 0.00271820 0.02294612 0.00209470
v 0.00271820 0.02290543 0.00274364
v 0.00271820 0.02098913 0.00262310
v 0.00271820 0.02082912 0.00259849
v 0.00271820 0.02057756 0.00246436
v 0.00271820 0.02041939 0.00225762
v 0.00271820 0.02037884 0.00193653
v 0.00271820 0.02043173 0.00109535
v 0.00271820 0.02028119 0.00108619
v 0.00271820 0.02023064 0.00109933
v 0.00271820 0.02016943 0.00114542
v 0.00271820 0.02011336 0.00126114
v 0.00271820 0.02003149 0.00256258
v 0.00271820 0.01937949 0.00252190
v 0.00271820 0.01947510 0.00100279
v 0.00271820 0.01949850 0.00087056
v 0.00271820 0.01975513 0.00052739
v 0.00271820 0.01961352 0.00064796
v 0.00271820 0.01983563 0.00513558
v 0.00271820 0.02175651 0.00550532
v 0.00271820 0.01995870 0.00449682
v 0.00271820 0.02170108 0.00483197
v 0.00271820 0.02177293 0.00482067
v 0.00271820 0.02182662 0.00478044
v 0.00271820 0.02188060 0.00465193
v 0.00271820 0.02195688 0.00425576
v 0.00271820 0.02196209 0.00422007
v 0.00271820 0.02195425 0.00411621
v 0.00271820 0.02192571 0.00406639
v 0.00271820 0.02185669 0.00402131
v 0.00271820 0.02011534 0.00368310
v 0.00271820 0.02023893 0.00304078
v 0.00271820 0.02215981 0.00341051
v 0.00271820 0.02227424 0.00344306
v 0.00271820 0.02230286 0.00345416
v 0.00271820 0.02254341 0.00361546
v 0.00271820 0.02264732 0.00381607
v 0.00271820 0.02264702 0.00413014
v 0.00271820 0.02247818 0.00500793
v 0.00271820 0.02246612 0.00506305
v 0.00271820 0.02233563 0.00533883
v 0.00271820 0.02215770 0.00547106
v 0.00271820 0.02186789 0.00551752
v 0.00271820 0.01950185 0.00614565
v 0.00271820 0.01921704 0.00701277
v 0.00271820 0.01950678 0.00613562
v 0.00271820 0.01970102 0.00588162
v 0.00271820 0.01990167 0.00578564
v 0.00271820 0.02023267 0.00579168
v 0.00271820 0.02153563 0.00621838
v 0.00271820 0.02163988 0.00626364
v 0.00271820 0.02181222 0.00639269
v 0.00271820 0.02192765 0.00659999
v 0.00271820 0.02192876 0.00691665
v 0.00271820 0.02190333 0.00702751
v 0.00271820 0.02144307 0.00842762
v 0.00271820 0.02085770 0.00823538
v 0.00271820 0.02127626 0.00696242
v 0.00271820 0.02127963 0.00688785
v 0.00271820 0.02126446 0.00683751
v 0.00271820 0.02122489 0.00680069
v 0.00271820 0.02109622 0.00675289
v 0.00271820 0.02082566 0.00757576
v 0.00271820 0.02075518 0.00773726
v 0.00271820 0.02059066 0.00792446
v 0.00271820 0.02036340 0.00801530
v 0.00271820 0.02005467 0.00798007
v 0.00271820 0.01955931 0.00781733
v 0.00271820 0.01941956 0.00775502
v 0.00271820 0.01924514 0.00760089
v 0.00271820 0.01916521 0.00737553
v 0.00271820 0.01976224 0.00716025
v 0.00251820 0.01976224 0.00716025
v 0.00251820 0.01975988 0.00717757
v 0.00271820 0.01975988 0.00717757
v 0.00251820 0.01976604 0.00725048
v 0.00271820 0.01976604 0.00725048
v 0.00251820 0.01979476 0.00729508
v 0.00271820 0.01979476 0.00729508
v 0.00251820 0.01985988 0.00733113
v 0.00271820 0.01985988 0.00733113
v 0.00271820 0.01995956 0.00656014
v 0.00251820 0.01995956 0.00656014
v 0.00271820 0.02015383 0.00644825
v 0.00251820 0.02015383 0.00644825
v 0.00251820 0.02011236 0.00643765
v 0.00271820 0.02011236 0.00643765
v 0.00251820 0.02005703 0.00644270
v 0.00271820 0.02005703 0.00644270
v 0.00251820 0.02000817 0.00647476
v 0.00271820 0.02000817 0.00647476
v 0.00271820 0.02042083 0.00654183
v 0.00251820 0.02042083 0.00654183
v 0.00271820 0.02050475 0.00674831
v 0.00251820 0.02050475 0.00674831
v 0.00251820 0.02051551 0.00670135
v 0.00271820 0.02051551 0.00670135
v 0.00251820 0.02051203 0.00662257
v 0.00271820 0.02051203 0.00662257
v 0.00251820 0.02048236 0.00657361
v 0.00271820 0.02048236 0.00657361
v 0.00271820 0.02028861 0.00737233
v 0.00251820 0.02028861 0.00737233
v 0.00271820 0.02014264 0.00742776
v 0.00251820 0.02014264 0.00742776
v 0.00251820 0.02016314 0.00743179
v 0.00271820 0.02016314 0.00743179
v 0.00251820 0.02022831 0.00742979
v 0.00271820 0.02022831 0.00742979
v 0.00251820 0.02026058 0.00741325
v 0.00271820 0.02026058 0.00741325
v 0.00271820 0.01765185 0.01030519
v 0.00271820 0.01735790 0.01088140
v 0.00271820 0.01920808 0.01109856
v 0.00271820 0.01922791 0.01110564
v 0.00271820 0.01931584 0.01111627
v 0.00271820 0.01937597 0.01109447
v 0.00271820 0.01943338 0.01103041
v 0.00271820 0.01958138 0.01074002
v 0.00271820 0.01949543 0.01053455
v 0.00271820 0.01956778 0.01059014
v 0.00271820 0.01959221 0.01070475
v 0.00271820 0.01959315 0.01064319
v 0.00271820 0.01793920 0.00974118
v 0.00271820 0.01823570 0.00915989
v 0.00271820 0.01978888 0.00995173
v 0.00271820 0.01983175 0.00996870
v 0.00271820 0.01990856 0.00997503
v 0.00271820 0.01996686 0.00994822
v 0.00271820 0.02002180 0.00987646
v 0.00271820 0.02014946 0.00962573
v 0.00271820 0.02017239 0.00956997
v 0.00271820 0.02017680 0.00950377
v 0.00271820 0.02014896 0.00944307
v 0.00271820 0.02007469 0.00938670
v 0.00271820 0.01852049 0.00860045
v 0.00271820 0.01881648 0.00801966
v 0.00271820 0.02055733 0.00890102
v 0.00271820 0.02070970 0.00899907
v 0.00271820 0.02082840 0.00913547
v 0.00271820 0.02091031 0.00942514
v 0.00271820 0.02083654 0.00971728
v 0.00271820 0.02060971 0.01016228
v 0.00271820 0.02056633 0.01024005
v 0.00271820 0.02037644 0.01044855
v 0.00271820 0.02017489 0.01051268
v 0.00271820 0.02020609 0.01057170
v 0.00271820 0.02023666 0.01079308
v 0.00271820 0.02014691 0.01107008
v 0.00271820 0.01992009 0.01151508
v 0.00271820 0.01972743 0.01174714
v 0.00271820 0.01944457 0.01185074
v 0.00271820 0.01926471 0.01183442
v 0.00271820 0.01909620 0.01176734
v 0.00271820 0.01813444 0.01313797
v 0.00271820 0.01845114 0.01327831
v 0.00271820 0.01905292 0.01296149
v 0.00271820 0.01890532 0.01313683
v 0.00271820 0.01869722 0.01326383
v 0.00271820 0.01655430 0.01206793
v 0.00271820 0.01691895 0.01152936
v 0.00271820 0.01839229 0.01252666
v 0.00271820 0.01860029 0.01246461
v 0.00271820 0.01850650 0.01253643
v 0.00271820 0.01844822 0.01254563
v 0.00271820 0.01876049 0.01222863
v 0.00271820 0.01930161 0.01259480
v 0.00271820 0.01628247 0.01239115
v 0.00271820 0.01527651 0.01360359
v 0.00271820 0.01683072 0.01284631
v 0.00271820 0.01592749 0.01393466
v 0.00271820 0.01589559 0.01398536
v 0.00271820 0.01589004 0.01401755
v 0.00271820 0.01590104 0.01404401
v 0.00271820 0.01593257 0.01408368
v 0.00271820 0.01731895 0.01325165
v 0.00271820 0.01778938 0.01364173
v 0.00271820 0.01786972 0.01449358
v 0.00271820 0.01799992 0.01421411
v 0.00271820 0.01781656 0.01366581
v 0.00271820 0.01797574 0.01391126
v 0.00271820 0.01724927 0.01524119
v 0.00271820 0.01722418 0.01526944
v 0.00271820 0.01698187 0.01542728
v 0.00271820 0.01667898 0.01545025
v 0.00271820 0.01639741 0.01531900
v 0.00271820 0.01535535 0.01445442
v 0.00271820 0.01514550 0.01387882
v 0.00271820 0.01531146 0.01441507
v 0.00271820 0.01516309 0.01416926
v 0.00271820 0.01641062 0.01449206
v 0.00271820 0.01724164 0.01397891
v 0.00251820 0.01641062 0.01449206
v 0.00251820 0.01724164 0.01397891
v 0.00271820 0.01728944 0.01401858
v 0.00251820 0.01728944 0.01401858
v 0.00271820 0.01731285 0.01427033
v 0.00251820 0.01731285 0.01427033
v 0.00251820 0.01734637 0.01422013
v 0.00271820 0.01734637 0.01422013
v 0.00251820 0.01736463 0.01415697
v 0.00271820 0.01736463 0.01415697
v 0.00251820 0.01735052 0.01409195
v 0.00271820 0.01735052 0.01409195
v 0.00271820 0.01695226 0.01470464
v 0.00251820 0.01695226 0.01470464
v 0.00271820 0.01670204 0.01473363
v 0.00251820 0.01670204 0.01473363
v 0.00251820 0.01672210 0.01474809
v 0.00271820 0.01672210 0.01474809
v 0.00251820 0.01679306 0.01477208
v 0.00271820 0.01679306 0.01477208
v 0.00251820 0.01687123 0.01476155
v 0.00271820 0.01687123 0.01476155
v 0.00271820 0.01403104 0.01485968
v 0.00271820 0.01340702 0.01543336
v 0.00271820 0.01418885 0.01473513
v 0.00271820 0.01449083 0.01463203
v 0.00271820 0.01480769 0.01469024
v 0.00271820 0.01517737 0.01498784
v 0.00271820 0.01592192 0.01579750
v 0.00271820 0.01537826 0.01629742
v 0.00271820 0.01464642 0.01550151
v 0.00271820 0.01457287 0.01546384
v 0.00271820 0.01450228 0.01546653
v 0.00271820 0.01437179 0.01554676
v 0.00271820 0.01396341 0.01592209
v 0.00271820 0.01392613 0.01596470
v 0.00271820 0.01389149 0.01603977
v 0.00271820 0.01389351 0.01609685
v 0.00271820 0.01393340 0.01616824
v 0.00271820 0.01505022 0.01738272
v 0.00271820 0.01512314 0.01742209
v 0.00271820 0.01518050 0.01742560
v 0.00271820 0.01524501 0.01739696
v 0.00271820 0.01624791 0.01647440
v 0.00271820 0.01674733 0.01701756
v 0.00271820 0.01572256 0.01795995
v 0.00271820 0.01537683 0.01820546
v 0.00271820 0.01511152 0.01826556
v 0.00271820 0.01488201 0.01819579
v 0.00271820 0.01452995 0.01790502
v 0.00271820 0.01344058 0.01672004
v 0.00271820 0.01313746 0.01634848
v 0.00271820 0.01306709 0.01608165
v 0.00271820 0.01312362 0.01578517
v 0.00271820 0.01121894 0.01711129
v 0.00271820 0.00986563 0.01791840
v 0.00271820 0.01158359 0.01772311
v 0.00271820 0.01036912 0.01844732
v 0.00271820 0.01032169 0.01848511
v 0.00271820 0.01030647 0.01851283
v 0.00271820 0.01030809 0.01854191
v 0.00271820 0.01032436 0.01859023
v 0.00271820 0.01190907 0.01826830
v 0.00271820 0.01222185 0.01879315
v 0.00271820 0.01224272 0.01883098
v 0.00271820 0.01230757 0.01911278
v 0.00271820 0.01222810 0.01940493
v 0.00271820 0.01201333 0.01962263
v 0.00271820 0.01117877 0.02012052
v 0.00271820 0.01114212 0.02014048
v 0.00271820 0.01085615 0.02020621
v 0.00271820 0.01056749 0.02012514
v 0.00271820 0.01034979 0.01990946
v 0.00271820 0.00965610 0.01874635
v 0.00271820 0.00963334 0.01870436
v 0.00271820 0.00956961 0.01841857
v 0.00271820 0.00964816 0.01813781
v 0.00271820 0.01063866 0.01913389
v 0.00271820 0.01159325 0.01892792
v 0.00251820 0.01063866 0.01913389
v 0.00251820 0.01159325 0.01892792
v 0.00271820 0.01162478 0.01898132
v 0.00251820 0.01162478 0.01898132
v 0.00271820 0.01156325 0.01922594
v 0.00251820 0.01156325 0.01922594
v 0.00251820 0.01159847 0.01920152
v 0.00271820 0.01159847 0.01920152
v 0.00251820 0.01164896 0.01913777
v 0.00271820 0.01164896 0.01913777
v 0.00251820 0.01165801 0.01907121
v 0.00271820 0.01165801 0.01907121
v 0.00271820 0.01107807 0.01951532
v 0.00251820 0.01107807 0.01951532
v 0.00271820 0.01083294 0.01945937
v 0.00251820 0.01083294 0.01945937
v 0.00251820 0.01089271 0.01951875
v 0.00271820 0.01089271 0.01951875
v 0.00251820 0.01098275 0.01954190
v 0.00271820 0.01098275 0.01954190
v 0.00271820 0.00885857 0.01845983
v 0.00271820 0.00822896 0.01875888
v 0.00271820 0.01035581 0.02161350
v 0.00271820 0.00972620 0.02191253
v 0.00271820 0.00656411 0.01937299
v 0.00271820 0.00591009 0.01961354
v 0.00271820 0.00776943 0.02264922
v 0.00271820 0.00711540 0.02288977
v 0.00271820 0.00735647 0.01908158
v 0.00271820 0.00811017 0.01880440
v 0.00271820 0.00776180 0.02033673
v 0.00271820 0.00883336 0.02121708
v 0.00271820 0.00809746 0.02148814
v 0.00271820 0.00742690 0.02092526
v 0.00271820 0.00712838 0.02066618
v 0.00271820 0.00707707 0.02059253
v 0.00271820 0.00706590 0.02050372
v 0.00271820 0.00442859 0.01997793
v 0.00271820 0.00554542 0.01970380
v 0.00271820 0.00571223 0.02038377
v 0.00271820 0.00487004 0.02059075
v 0.00271820 0.00481480 0.02061009
v 0.00271820 0.00476135 0.02064996
v 0.00271820 0.00473338 0.02070988
v 0.00271820 0.00473882 0.02080131
v 0.00271820 0.00492598 0.02156467
v 0.00271820 0.00494934 0.02162684
v 0.00271820 0.00499008 0.02167451
v 0.00271820 0.00504615 0.02169815
v 0.00271820 0.00514060 0.02169233
v 0.00271820 0.00598279 0.02148533
v 0.00271820 0.00614553 0.02214749
v 0.00271820 0.00502871 0.02242162
v 0.00271820 0.00499439 0.02242887
v 0.00271820 0.00470892 0.02241198
v 0.00271820 0.00445523 0.02225180
v 0.00271820 0.00431162 0.02198628
v 0.00271820 0.00399478 0.02069451
v 0.00271820 0.00398710 0.02065799
v 0.00271820 0.00400396 0.02037305
v 0.00271820 0.00416405 0.02011928
v 0.00271820 0.00345155 0.02018555
v 0.00271820 0.00276395 0.02029794
v 0.00271820 0.00385739 0.02266484
v 0.00271820 0.00316980 0.02277722
v 0.00271820 0.00332746 0.02374250
v 0.00271820 0.00401505 0.02363010
v 0.00271820 0.00321506 0.02305339
v 0.00271820 0.00390265 0.02294099
v 0.00271820 0.00225719 0.02035201
v 0.00271820 0.00156452 0.02042574
v 0.00271820 0.00262794 0.02382302
v 0.00271820 0.00193527 0.02389676
v 0.00271820 0.00050546 0.02043159
v 0.00271820 -0.00136202 0.02044126
v 0.00271820 0.00055728 0.02043347
v 0.00271820 0.00082561 0.02052729
v 0.00271820 0.00107836 0.02079196
v 0.00271820 0.00115439 0.02107342
v 0.00271820 0.00115694 0.02156927
v 0.00271820 0.00107650 0.02196410
v 0.00271820 0.00095975 0.02212774
v 0.00271820 0.00077907 0.02221669
v 0.00271820 0.00109337 0.02285545
v 0.00271820 0.00103783 0.02247769
v 0.00271820 0.00094285 0.02231403
v 0.00271820 0.00109540 0.02327451
v 0.00271820 0.00045359 0.02392346
v 0.00271820 0.00073423 0.02384703
v 0.00271820 0.00109401 0.02331883
v 0.00271820 0.00100353 0.02358793
v 0.00271820 -0.00134371 0.02393261
v 0.00271820 0.00023032 0.02328062
v 0.00271820 -0.00065714 0.02328519
v 0.00251820 0.00023032 0.02328062
v 0.00251820 -0.00065714 0.02328519
v 0.00271820 -0.00066070 0.02259506
v 0.00251820 -0.00066070 0.02259506
v 0.00271820 0.00022676 0.02259048
v 0.00251820 0.00022676 0.02259048
v 0.00271820 0.00040273 0.02276493
v 0.00251820 0.00040273 0.02276493
v 0.00251820 0.00039719 0.02270893
v 0.00271820 0.00039719 0.02270893
v 0.00251820 0.00036635 0.02264253
v 0.00271820 0.00036635 0.02264253
v 0.00251820 0.00031714 0.02260621
v 0.00271820 0.00031714 0.02260621
v 0.00271820 0.00040425 0.02310618
v 0.00251820 0.00040425 0.02310618
v 0.00251820 0.00029621 0.02327258
v 0.00271820 0.00029621 0.02327258
v 0.00251820 0.00035176 0.02324514
v 0.00271820 0.00035176 0.02324514
v 0.00251820 0.00038833 0.02319600
v 0.00271820 0.00038833 0.02319600
v 0.00271820 0.00048104 0.02126922
v 0.00251820 0.00048104 0.02126922
v 0.00251820 0.00047585 0.02121596
v 0.00271820 0.00047585 0.02121596
v 0.00251820 0.00045022 0.02115478
v 0.00271820 0.00045022 0.02115478
v 0.00251820 0.00039847 0.02111331
v 0.00271820 0.00039847 0.02111331
v 0.00251820 0.00030661 0.02109680
v 0.00271820 0.00030661 0.02109680
v 0.00271820 0.00048308 0.02166080
v 0.00251820 0.00048308 0.02166080
v 0.00271820 0.00031017 0.02183475
v 0.00251820 0.00031017 0.02183475
v 0.00251820 0.00035976 0.02183027
v 0.00271820 0.00035976 0.02183027
v 0.00251820 0.00042858 0.02180131
v 0.00271820 0.00042858 0.02180131
v 0.00251820 0.00046683 0.02175099
v 0.00271820 0.00046683 0.02175099
v 0.00271820 -0.00066477 0.02183983
v 0.00251820 -0.00066477 0.02183983
v 0.00271820 -0.00066833 0.02110188
v 0.00251820 -0.00066833 0.02110188
v 0.00271820 -0.00420724 0.02071458
v 0.00271820 -0.00421803 0.02076696
v 0.00271820 -0.00438255 0.02108347
v 0.00271820 -0.00469662 0.02129637
v 0.00271820 -0.00507639 0.02132741
v 0.00271820 -0.00512677 0.02131703
v 0.00271820 -0.00544473 0.02115307
v 0.00271820 -0.00565604 0.02084228
v 0.00271820 -0.00568719 0.02045877
v 0.00271820 -0.00567267 0.02039088
v 0.00271820 -0.00549995 0.02007492
v 0.00271820 -0.00519920 0.01987673
v 0.00271820 -0.00482058 0.01984746
v 0.00271820 -0.00475754 0.01986076
v 0.00271820 -0.00444101 0.02003119
v 0.00271820 -0.00423705 0.02033615
v 0.00271820 -0.00243588 0.02026805
v 0.00271820 -0.00383089 0.02002699
v 0.00271820 -0.00232924 0.02029815
v 0.00271820 -0.00222915 0.02036580
v 0.00271820 -0.00217181 0.02047183
v 0.00271820 -0.00216940 0.02064999
v 0.00271820 -0.00265101 0.02344053
v 0.00271820 -0.00268132 0.02354894
v 0.00271820 -0.00274953 0.02364843
v 0.00271820 -0.00285477 0.02370489
v 0.00271820 -0.00302990 0.02370753
v 0.00271820 -0.00582857 0.02322438
v 0.00271820 -0.00609100 0.02284804
v 0.00271820 -0.00608925 0.02302054
v 0.00271820 -0.00603434 0.02312545
v 0.00271820 -0.00593684 0.02319294
v 0.00271820 -0.00584994 0.02145303
v 0.00271820 -0.00554330 0.02171513
v 0.00271820 -0.00516235 0.02184870
v 0.00271820 -0.00504028 0.02186388
v 0.00271820 -0.00441617 0.02175888
v 0.00271820 -0.00395093 0.02140348
v 0.00271820 -0.00368951 0.02080917
v 0.00271820 -0.00369378 0.02040641
f 1 2 3
f 1 3 4
f 4 3 5
f 4 5 6
f 6 5 7
f 6 7 8
f 8 7 9
f 8 9 10
f 10 9 11
f 10 11 12
f 12 11 13
f 12 13 14
f 14 13 15
f 14 15 16
f 16 15 17
f 16 17 18
f 18 17 19
f 18 19 20
f 21 19 17
f 21 17 22
f 22 17 15
f 22 15 23
f 23 15 13
f 23 13 24
f 24 13 11
f 24 11 25
f 25 11 9
f 25 9 26
f 26 9 7
f 26 7 27
f 27 7 5
f 27 5 28
f 28 5 3
f 28 3 29
f 29 3 2
f 29 2 30
f 31 32 33
f 34 35 36
f 36 37 34
f 34 37 38
f 34 38 32
f 32 38 39
f 32 39 33
f 40 41 42
f 43 44 45
f 45 46 43
f 43 46 47
f 43 47 41
f 41 47 48
f 41 48 42
f 49 50 51
f 52 53 54
f 54 55 52
f 52 55 56
f 52 56 50
f 50 56 57
f 50 57 51
f 58 59 60
f 61 62 63
f 63 62 64
f 63 64 65
f 65 64 66
f 65 66 67
f 67 66 68
f 67 68 60
f 60 68 69
f 60 69 58
f 70 71 61
f 61 71 72
f 61 72 62
f 61 73 70
f 70 73 74
f 70 74 75
f 75 74 76
f 75 76 77
f 77 76 78
f 77 78 79
f 79 78 80
f 80 78 81
f 80 81 82
f 82 81 83
f 82 83 84
f 85 86 87
f 85 87 88
f 88 87 89
f 88 89 90
f 90 89 91
f 90 91 92
f 92 91 93
f 92 93 94
f 94 93 95
f 94 95 96
f 96 95 97
f 96 97 98
f 98 97 99
f 98 99 100
f 100 99 101
f 100 101 102
f 102 101 103
f 102 103 104
f 105 106 86
f 86 106 107
f 86 107 87
f 108 103 101
f 99 109 101
f 101 109 110
f 101 110 108
f 95 111 97
f 97 111 112
f 97 112 99
f 99 112 113
f 99 113 109
f 114 115 105
f 105 115 116
f 105 116 106
f 108 44 103
f 103 44 43
f 103 43 117
f 93 118 95
f 95 118 119
f 95 119 111
f 120 121 114
f 114 121 122
f 114 122 115
f 123 124 125
f 125 124 126
f 125 126 120
f 120 126 127
f 120 127 121
f 43 41 117
f 117 41 40
f 117 40 128
f 128 40 129
f 128 129 130
f 91 131 93
f 93 131 132
f 93 132 118
f 107 133 87
f 87 133 134
f 87 134 89
f 89 134 135
f 89 135 91
f 91 135 136
f 91 136 131
f 129 137 130
f 130 137 138
f 130 138 123
f 123 138 139
f 123 139 124
f 140 141 142
f 142 141 143
f 142 143 144
f 144 143 145
f 144 145 104
f 104 145 83
f 104 83 102
f 102 83 81
f 102 81 100
f 146 147 148
f 148 147 149
f 148 149 150
f 150 149 151
f 150 151 152
f 152 151 153
f 152 153 140
f 140 153 154
f 140 154 141
f 81 78 100
f 100 78 76
f 100 76 98
f 98 76 74
f 98 74 96
f 96 74 73
f 96 73 94
f 94 73 61
f 94 61 92
f 61 63 92
f 92 63 65
f 92 65 90
f 90 65 67
f 90 67 88
f 88 67 60
f 88 60 85
f 85 60 59
f 85 59 155
f 155 59 156
f 155 156 146
f 146 156 157
f 146 157 147
f 104 103 117
f 104 117 144
f 144 117 128
f 144 128 142
f 142 128 130
f 142 130 140
f 140 130 123
f 140 123 152
f 152 123 125
f 152 125 150
f 150 125 120
f 150 120 148
f 148 120 114
f 148 114 146
f 146 114 105
f 146 105 155
f 155 105 86
f 155 86 85
f 84 83 145
f 153 158 154
f 154 158 159
f 154 159 141
f 141 159 160
f 141 160 143
f 143 160 161
f 143 161 145
f 145 161 162
f 145 162 84
f 163 164 153
f 153 164 165
f 153 165 158
f 153 151 163
f 163 151 149
f 163 149 166
f 166 149 147
f 166 147 167
f 167 147 157
f 167 157 168
f 168 157 169
f 169 157 156
f 169 156 170
f 170 156 59
f 170 59 58
f 80 171 79
f 79 171 77
f 71 70 171
f 171 70 75
f 171 75 77
f 172 80 82
f 82 84 172
f 172 84 162
f 172 162 161
f 159 173 160
f 160 173 161
f 159 158 173
f 173 158 165
f 173 165 164
f 64 174 66
f 66 174 68
f 64 62 174
f 174 62 72
f 174 72 71
f 169 175 168
f 168 175 167
f 164 163 175
f 175 163 166
f 175 166 167
f 176 169 170
f 170 58 176
f 176 58 69
f 176 69 68
f 169 176 177
f 177 178 169
f 169 178 179
f 169 179 180
f 181 175 182
f 182 175 169
f 180 183 169
f 169 183 184
f 169 184 185
f 185 186 169
f 169 186 187
f 169 187 182
f 188 189 68
f 68 189 190
f 177 176 191
f 191 176 68
f 174 192 68
f 68 192 193
f 193 194 68
f 68 194 195
f 68 195 188
f 190 196 68
f 68 196 197
f 68 197 191
f 71 171 198
f 198 199 71
f 71 199 200
f 71 200 201
f 201 202 71
f 71 202 203
f 71 203 204
f 192 174 205
f 205 174 71
f 204 206 71
f 71 206 207
f 71 207 205
f 80 172 54
f 198 171 208
f 208 171 80
f 54 209 80
f 80 209 210
f 80 210 211
f 211 212 80
f 80 212 213
f 80 213 214
f 214 215 80
f 80 215 216
f 80 216 208
f 54 172 55
f 55 172 161
f 55 161 56
f 56 161 57
f 173 217 161
f 161 217 218
f 218 219 161
f 161 219 220
f 161 220 221
f 221 49 161
f 161 49 51
f 161 51 57
f 175 181 164
f 164 181 222
f 217 173 223
f 223 173 164
f 223 164 224
f 224 164 225
f 222 226 164
f 164 226 227
f 164 227 228
f 228 229 164
f 164 229 230
f 164 230 225
f 53 231 54
f 54 231 209
f 213 212 232
f 232 212 211
f 232 211 231
f 231 211 210
f 231 210 209
f 225 230 233
f 233 230 229
f 234 235 218
f 225 233 224
f 224 233 234
f 224 234 223
f 223 234 218
f 223 218 217
f 49 221 236
f 236 221 220
f 236 220 235
f 235 220 219
f 235 219 218
f 186 185 237
f 237 185 184
f 238 239 222
f 229 228 240
f 240 228 227
f 240 227 239
f 239 227 226
f 239 226 222
f 186 237 187
f 187 237 238
f 187 238 182
f 182 238 222
f 182 222 181
f 196 190 241
f 241 190 189
f 242 243 178
f 196 241 197
f 197 241 242
f 197 242 191
f 191 242 178
f 191 178 177
f 184 183 244
f 244 183 180
f 244 180 243
f 243 180 179
f 243 179 178
f 206 204 245
f 245 204 203
f 246 247 193
f 206 245 207
f 207 245 246
f 207 246 205
f 205 246 193
f 205 193 192
f 189 188 248
f 248 188 195
f 248 195 247
f 247 195 194
f 247 194 193
f 215 214 249
f 249 214 213
f 250 251 199
f 215 249 216
f 216 249 250
f 216 250 208
f 208 250 199
f 208 199 198
f 203 202 252
f 252 202 201
f 252 201 251
f 251 201 200
f 251 200 199
f 237 184 49
f 232 231 243
f 243 231 53
f 243 53 52
f 52 50 243
f 243 50 49
f 243 49 244
f 244 49 184
f 232 243 213
f 213 243 242
f 213 242 241
f 213 203 252
f 235 234 233
f 49 229 240
f 241 189 213
f 213 189 248
f 213 248 247
f 251 250 252
f 252 250 249
f 252 249 213
f 229 49 233
f 233 49 236
f 233 236 235
f 247 246 213
f 213 246 245
f 213 245 203
f 240 239 49
f 49 239 238
f 49 238 237
f 44 108 45
f 45 108 253
f 109 254 110
f 110 254 255
f 110 255 108
f 108 255 256
f 108 256 253
f 257 258 139
f 139 258 124
f 40 259 129
f 129 259 260
f 129 260 137
f 137 260 261
f 257 139 262
f 262 139 138
f 262 138 263
f 264 265 122
f 122 265 115
f 121 127 266
f 264 122 267
f 267 122 121
f 267 121 268
f 268 121 266
f 268 266 269
f 124 270 126
f 126 270 271
f 126 271 127
f 127 271 272
f 127 272 266
f 273 274 133
f 133 274 134
f 107 106 275
f 273 133 276
f 276 133 107
f 276 107 277
f 277 107 275
f 277 275 278
f 115 279 116
f 116 279 280
f 116 280 106
f 106 280 281
f 106 281 275
f 282 283 132
f 132 283 118
f 131 136 284
f 282 132 285
f 285 132 131
f 285 131 286
f 286 131 284
f 286 284 287
f 134 288 135
f 135 288 289
f 135 289 136
f 136 289 290
f 136 290 284
f 291 292 113
f 113 292 109
f 112 111 293
f 118 294 119
f 119 294 295
f 119 295 111
f 111 295 296
f 111 296 293
f 291 113 297
f 297 113 112
f 297 112 298
f 298 112 293
f 298 293 299
f 300 301 258
f 302 303 269
f 304 305 263
f 263 305 306
f 269 266 302
f 302 266 272
f 302 272 271
f 258 301 124
f 124 301 307
f 124 307 270
f 300 258 308
f 308 258 257
f 308 257 306
f 306 257 262
f 306 262 263
f 307 309 270
f 270 309 310
f 270 310 271
f 271 310 311
f 271 311 302
f 260 312 313
f 45 314 46
f 46 314 315
f 46 315 47
f 260 313 261
f 261 313 316
f 315 317 47
f 47 317 318
f 47 318 48
f 48 318 319
f 305 304 320
f 260 259 312
f 312 259 40
f 312 40 319
f 319 40 42
f 319 42 48
f 299 321 298
f 298 321 322
f 323 109 292
f 314 45 324
f 324 45 253
f 325 253 256
f 323 292 326
f 326 292 291
f 326 291 322
f 322 291 297
f 322 297 298
f 325 327 253
f 253 327 328
f 253 328 324
f 256 255 325
f 325 255 254
f 325 254 329
f 329 254 109
f 329 109 330
f 330 109 323
f 287 331 286
f 286 331 332
f 286 332 285
f 285 332 282
f 282 332 333
f 282 333 283
f 283 333 334
f 283 334 118
f 118 334 335
f 118 335 294
f 294 335 336
f 294 336 295
f 295 336 337
f 295 337 338
f 321 299 339
f 339 299 293
f 338 340 295
f 295 340 339
f 295 339 296
f 296 339 293
f 278 36 277
f 277 36 341
f 277 341 276
f 276 341 273
f 331 287 342
f 342 287 284
f 273 341 274
f 274 341 343
f 274 343 134
f 343 344 134
f 134 344 345
f 134 345 288
f 288 345 346
f 288 346 289
f 289 346 347
f 289 347 290
f 290 347 348
f 290 348 284
f 284 348 349
f 284 349 342
f 36 278 37
f 37 278 275
f 37 275 38
f 38 275 39
f 39 275 281
f 39 281 33
f 281 280 33
f 33 280 279
f 33 279 31
f 31 279 115
f 31 115 350
f 350 115 265
f 350 265 351
f 351 265 264
f 269 303 268
f 268 303 352
f 264 267 351
f 351 267 268
f 351 268 353
f 353 268 352
f 310 309 354
f 354 309 307
f 355 356 352
f 31 350 357
f 357 350 351
f 357 351 356
f 356 351 353
f 356 353 352
f 310 354 311
f 311 354 355
f 311 355 302
f 302 355 352
f 302 352 303
f 316 313 358
f 358 313 312
f 359 360 306
f 316 358 361
f 361 358 359
f 361 359 320
f 320 359 306
f 320 306 305
f 307 301 362
f 362 301 300
f 362 300 360
f 360 300 308
f 360 308 306
f 327 325 363
f 363 325 329
f 364 365 315
f 327 363 328
f 328 363 364
f 328 364 324
f 324 364 315
f 324 315 314
f 312 319 366
f 366 319 318
f 366 318 365
f 365 318 317
f 365 317 315
f 338 337 367
f 367 337 336
f 368 369 322
f 338 367 340
f 340 367 368
f 340 368 339
f 339 368 322
f 339 322 321
f 329 330 370
f 370 330 323
f 370 323 369
f 369 323 326
f 369 326 322
f 348 347 371
f 371 347 346
f 372 373 332
f 348 371 349
f 349 371 372
f 349 372 342
f 342 372 332
f 342 332 331
f 336 335 374
f 374 335 334
f 374 334 373
f 373 334 333
f 373 333 332
f 35 375 36
f 36 375 341
f 346 345 376
f 376 345 344
f 376 344 375
f 375 344 343
f 375 343 341
f 377 378 379
f 23 24 378
f 378 24 25
f 25 26 378
f 378 26 27
f 378 27 28
f 377 21 378
f 378 21 22
f 378 22 23
f 28 29 378
f 378 29 30
f 378 30 380
f 381 382 383
f 383 382 377
f 383 377 384
f 384 377 379
f 30 2 385
f 30 385 380
f 380 385 386
f 380 386 378
f 378 386 387
f 378 387 379
f 379 387 388
f 379 388 384
f 384 388 389
f 384 389 383
f 383 389 390
f 383 390 381
f 381 390 391
f 381 391 382
f 382 391 392
f 382 392 377
f 377 392 19
f 377 19 21
f 20 19 392
f 20 392 393
f 393 392 391
f 393 391 394
f 394 391 390
f 394 390 395
f 395 390 389
f 395 389 396
f 396 389 388
f 396 388 397
f 397 388 387
f 397 387 398
f 398 387 386
f 398 386 399
f 399 386 385
f 399 385 400
f 400 385 2
f 400 2 1
f 394 312 393
f 393 312 366
f 393 366 20
f 396 360 395
f 395 360 359
f 395 359 394
f 394 359 358
f 394 358 312
f 366 365 20
f 20 365 364
f 20 364 18
f 400 31 399
f 399 31 357
f 399 357 398
f 346 4 6
f 8 372 6
f 6 372 371
f 6 371 346
f 364 363 18
f 18 363 329
f 18 329 16
f 16 329 370
f 16 370 14
f 397 307 396
f 396 307 362
f 396 362 360
f 357 356 398
f 398 356 355
f 398 355 397
f 397 355 354
f 397 354 307
f 346 376 4
f 4 376 375
f 4 375 1
f 12 336 10
f 10 336 374
f 10 374 8
f 8 374 373
f 8 373 372
f 370 369 14
f 14 369 368
f 14 368 12
f 12 368 367
f 12 367 336
f 375 35 1
f 1 35 34
f 1 34 400
f 400 34 32
f 400 32 31
f 401 402 403
f 403 404 405
f 405 406 407
f 408 401 403
f 405 407 408
f 403 405 408
f 409 410 411
f 409 411 412
f 413 414 411
f 413 411 410
f 415 416 417
f 415 417 418
f 418 417 419
f 418 419 420
f 420 419 421
f 420 421 422
f 422 421 423
f 422 423 424
f 424 423 425
f 424 425 426
f 426 425 427
f 426 427 428
f 428 427 429
f 428 429 430
f 430 429 431
f 430 431 432
f 432 431 433
f 432 433 434
f 434 433 435
f 434 435 436
f 436 435 437
f 436 437 438
f 438 437 439
f 438 439 440
f 440 439 441
f 440 441 442
f 442 441 443
f 442 443 444
f 444 443 445
f 444 445 446
f 446 445 447
f 446 447 448
f 448 447 449
f 448 449 450
f 450 449 451
f 450 451 452
f 452 451 453
f 452 453 454
f 454 453 455
f 454 455 456
f 456 455 457
f 456 457 458
f 458 457 459
f 458 459 460
f 460 459 461
f 460 461 462
f 462 461 463
f 462 463 464
f 464 463 465
f 464 465 466
f 466 465 467
f 466 467 468
f 468 467 469
f 468 469 470
f 470 469 471
f 470 471 472
f 472 471 473
f 472 473 474
f 474 473 475
f 474 475 476
f 476 475 477
f 476 477 478
f 478 477 479
f 478 479 480
f 480 479 481
f 480 481 482
f 482 481 483
f 482 483 484
f 484 483 485
f 484 485 486
f 486 485 487
f 486 487 488
f 488 487 489
f 488 489 490
f 490 489 491
f 490 491 492
f 416 493 417
f 417 493 494
f 417 494 419
f 419 494 495
f 419 495 421
f 421 495 496
f 421 496 423
f 496 497 423
f 423 497 498
f 423 498 425
f 425 498 499
f 425 499 427
f 427 499 500
f 427 500 429
f 429 500 501
f 429 501 431
f 431 501 502
f 431 502 433
f 502 503 433
f 433 503 504
f 433 504 435
f 435 504 505
f 435 505 437
f 437 505 506
f 437 506 439
f 439 506 507
f 439 507 441
f 441 507 508
f 441 508 443
f 508 509 443
f 443 509 510
f 443 510 445
f 445 510 511
f 445 511 447
f 447 511 512
f 447 512 449
f 449 512 513
f 449 513 451
f 513 514 451
f 451 514 515
f 451 515 453
f 453 515 516
f 453 516 455
f 455 516 517
f 455 517 457
f 457 517 518
f 457 518 459
f 459 518 519
f 459 519 461
f 519 520 461
f 461 520 521
f 461 521 463
f 463 521 522
f 463 522 465
f 465 522 523
f 465 523 467
f 467 523 524
f 467 524 469
f 469 524 525
f 469 525 471
f 525 526 471
f 471 526 527
f 471 527 473
f 473 527 528
f 473 528 475
f 475 528 529
f 475 529 477
f 477 529 530
f 477 530 479
f 479 530 531
f 479 531 481
f 531 532 481
f 481 532 533
f 481 533 483
f 483 533 534
f 483 534 485
f 485 534 535
f 485 535 487
f 487 535 536
f 487 536 489
f 489 536 537
f 489 537 491
f 491 537 538
f 536 535 539
f 531 530 540
f 526 525 541
f 514 513 542
f 509 508 543
f 507 506 544
f 497 496 545
f 546 547 548
f 549 550 551
f 552 553 554
f 555 556 557
f 558 559 560
f 561 562 563
f 564 565 566
f 567 568 569
f 570 571 572
f 573 574 575
f 576 577 578
f 576 578 579
f 573 575 580
f 570 572 581
f 564 566 582
f 561 563 583
f 549 551 584
f 546 548 585
f 586 587 588
f 588 587 589
f 588 589 590
f 590 589 591
f 590 591 592
f 592 591 545
f 593 594 595
f 595 594 596
f 595 596 597
f 597 596 598
f 597 598 599
f 599 598 600
f 594 580 596
f 596 580 575
f 596 575 598
f 598 575 601
f 598 601 600
f 600 601 602
f 574 603 575
f 575 603 604
f 575 604 601
f 601 604 605
f 601 605 602
f 602 605 606
f 607 608 609
f 609 608 610
f 609 610 611
f 611 610 612
f 611 612 613
f 613 612 542
f 614 615 616
f 616 615 617
f 616 617 618
f 618 617 619
f 618 619 620
f 620 619 621
f 615 583 617
f 617 583 563
f 617 563 619
f 619 563 622
f 619 622 621
f 621 622 623
f 562 624 563
f 563 624 625
f 563 625 622
f 622 625 626
f 622 626 623
f 623 626 627
f 559 555 560
f 560 555 557
f 560 557 628
f 628 557 629
f 628 629 630
f 630 629 541
f 631 632 633
f 633 632 634
f 633 634 635
f 635 634 636
f 635 636 637
f 637 636 540
f 638 639 640
f 640 639 641
f 640 641 642
f 642 641 643
f 642 643 644
f 644 643 539
f 645 586 646
f 646 586 588
f 646 588 647
f 647 588 590
f 647 590 648
f 648 590 592
f 648 592 493
f 493 592 494
f 545 496 592
f 592 496 495
f 592 495 494
f 498 497 649
f 649 497 545
f 649 545 650
f 650 545 591
f 650 591 578
f 578 591 589
f 578 589 579
f 579 589 587
f 577 593 578
f 578 593 595
f 578 595 650
f 650 595 597
f 650 597 649
f 649 597 599
f 649 599 498
f 498 599 499
f 505 504 606
f 606 504 503
f 606 503 602
f 602 503 502
f 602 502 600
f 600 502 501
f 600 501 599
f 599 501 500
f 599 500 499
f 506 505 544
f 544 505 606
f 544 606 651
f 651 606 605
f 651 605 652
f 652 605 604
f 652 604 653
f 653 604 603
f 508 507 543
f 543 507 544
f 543 544 654
f 654 544 651
f 654 651 572
f 572 651 652
f 572 652 581
f 581 652 653
f 510 509 655
f 655 509 543
f 655 543 656
f 656 543 654
f 656 654 569
f 569 654 572
f 569 572 567
f 567 572 571
f 568 607 569
f 569 607 609
f 569 609 656
f 656 609 611
f 656 611 655
f 655 611 613
f 655 613 510
f 510 613 511
f 542 513 613
f 613 513 512
f 613 512 511
f 515 514 657
f 657 514 542
f 657 542 658
f 658 542 612
f 658 612 566
f 566 612 610
f 566 610 582
f 582 610 608
f 565 614 566
f 566 614 616
f 566 616 658
f 658 616 618
f 658 618 657
f 657 618 620
f 657 620 515
f 515 620 516
f 522 521 627
f 627 521 520
f 627 520 623
f 623 520 519
f 623 519 621
f 621 519 518
f 621 518 620
f 620 518 517
f 620 517 516
f 523 522 630
f 630 522 627
f 630 627 628
f 628 627 626
f 628 626 560
f 560 626 625
f 560 625 558
f 558 625 624
f 541 525 630
f 630 525 524
f 630 524 523
f 527 526 659
f 659 526 541
f 659 541 660
f 660 541 629
f 660 629 554
f 554 629 557
f 554 557 552
f 552 557 556
f 553 631 554
f 554 631 633
f 554 633 660
f 660 633 635
f 660 635 659
f 659 635 637
f 659 637 527
f 527 637 528
f 540 530 637
f 637 530 529
f 637 529 528
f 532 531 661
f 661 531 540
f 661 540 662
f 662 540 636
f 662 636 551
f 551 636 634
f 551 634 584
f 584 634 632
f 550 638 551
f 551 638 640
f 551 640 662
f 662 640 642
f 662 642 661
f 661 642 644
f 661 644 532
f 532 644 533
f 539 535 644
f 644 535 534
f 644 534 533
f 537 536 663
f 663 536 539
f 663 539 664
f 664 539 643
f 664 643 548
f 548 643 641
f 548 641 585
f 585 641 639
f 547 665 548
f 548 665 666
f 548 666 664
f 664 666 667
f 664 667 663
f 663 667 668
f 663 668 537
f 537 668 538
f 645 669 586
f 586 669 670
f 586 670 587
f 587 670 671
f 587 671 579
f 579 671 672
f 579 672 576
f 576 672 673
f 576 673 577
f 577 673 674
f 577 674 593
f 593 674 675
f 593 675 594
f 594 675 676
f 594 676 580
f 580 676 677
f 580 677 573
f 573 677 678
f 573 678 574
f 574 678 679
f 574 679 603
f 603 679 680
f 603 680 653
f 653 680 681
f 653 681 581
f 581 681 682
f 581 682 570
f 570 682 683
f 570 683 571
f 571 683 684
f 571 684 567
f 567 684 685
f 567 685 568
f 568 685 686
f 568 686 607
f 607 686 687
f 607 687 608
f 608 687 688
f 608 688 582
f 582 688 689
f 582 689 564
f 564 689 690
f 564 690 565
f 565 690 691
f 565 691 614
f 614 691 692
f 614 692 615
f 615 692 693
f 615 693 583
f 583 693 694
f 583 694 561
f 561 694 695
f 561 695 562
f 562 695 696
f 562 696 624
f 624 696 697
f 624 697 558
f 558 697 698
f 558 698 559
f 559 698 699
f 559 699 555
f 555 699 700
f 555 700 556
f 556 700 701
f 556 701 552
f 552 701 702
f 552 702 553
f 553 702 703
f 553 703 631
f 631 703 704
f 631 704 632
f 632 704 705
f 632 705 584
f 584 705 706
f 584 706 549
f 549 706 707
f 549 707 550
f 550 707 708
f 550 708 638
f 638 708 709
f 638 709 639
f 639 709 710
f 639 710 585
f 585 710 711
f 585 711 546
f 546 711 712
f 546 712 547
f 547 712 713
f 547 713 665
f 665 713 714
f 712 711 715
f 707 706 716
f 702 701 717
f 690 689 718
f 685 684 719
f 683 682 720
f 673 672 721
f 722 723 724
f 725 726 727
f 728 729 730
f 731 732 733
f 734 735 736
f 737 738 739
f 740 741 742
f 743 744 745
f 746 747 748
f 749 750 751
f 752 753 754
f 752 754 755
f 749 751 756
f 746 748 757
f 740 742 758
f 737 739 759
f 725 727 760
f 722 724 761
f 762 763 764
f 764 763 765
f 764 765 766
f 766 765 767
f 766 767 768
f 768 767 721
f 769 770 771
f 771 770 772
f 771 772 773
f 773 772 774
f 773 774 775
f 775 774 776
f 770 756 772
f 772 756 751
f 772 751 774
f 774 751 777
f 774 777 776
f 776 777 778
f 750 779 751
f 751 779 780
f 751 780 777
f 777 780 781
f 777 781 778
f 778 781 782
f 783 784 785
f 785 784 786
f 785 786 787
f 787 786 788
f 787 788 789
f 789 788 718
f 790 791 792
f 792 791 793
f 792 793 794
f 794 793 795
f 794 795 796
f 796 795 797
f 791 759 793
f 793 759 739
f 793 739 795
f 795 739 798
f 795 798 797
f 797 798 799
f 738 800 739
f 739 800 801
f 739 801 798
f 798 801 802
f 798 802 799
f 799 802 803
f 735 731 736
f 736 731 733
f 736 733 804
f 804 733 805
f 804 805 806
f 806 805 717
f 807 808 809
f 809 808 810
f 809 810 811
f 811 810 812
f 811 812 813
f 813 812 716
f 814 815 816
f 816 815 817
f 816 817 818
f 818 817 819
f 818 819 820
f 820 819 715
f 821 762 822
f 822 762 764
f 822 764 823
f 823 764 766
f 823 766 824
f 824 766 768
f 824 768 669
f 669 768 670
f 721 672 768
f 768 672 671
f 768 671 670
f 674 673 825
f 825 673 721
f 825 721 826
f 826 721 767
f 826 767 754
f 754 767 765
f 754 765 755
f 755 765 763
f 753 769 754
f 754 769 771
f 754 771 826
f 826 771 773
f 826 773 825
f 825 773 775
f 825 775 674
f 674 775 675
f 681 680 782
f 782 680 679
f 782 679 778
f 778 679 678
f 778 678 776
f 776 678 677
f 776 677 775
f 775 677 676
f 775 676 675
f 682 681 720
f 720 681 782
f 720 782 827
f 827 782 781
f 827 781 828
f 828 781 780
f 828 780 829
f 829 780 779
f 684 683 719
f 719 683 720
f 719 720 830
f 830 720 827
f 830 827 748
f 748 827 828
f 748 828 757
f 757 828 829
f 686 685 831
f 831 685 719
f 831 719 832
f 832 719 830
f 832 830 745
f 745 830 748
f 745 748 743
f 743 748 747
f 744 783 745
f 745 783 785
f 745 785 832
f 832 785 787
f 832 787 831
f 831 787 789
f 831 789 686
f 686 789 687
f 718 689 789
f 789 689 688
f 789 688 687
f 691 690 833
f 833 690 718
f 833 718 834
f 834 718 788
f 834 788 742
f 742 788 786
f 742 786 758
f 758 786 784
f 741 790 742
f 742 790 792
f 742 792 834
f 834 792 794
f 834 794 833
f 833 794 796
f 833 796 691
f 691 796 692
f 698 697 803
f 803 697 696
f 803 696 799
f 799 696 695
f 799 695 797
f 797 695 694
f 797 694 796
f 796 694 693
f 796 693 692
f 699 698 806
f 806 698 803
f 806 803 804
f 804 803 802
f 804 802 736
f 736 802 801
f 736 801 734
f 734 801 800
f 717 701 806
f 806 701 700
f 806 700 699
f 703 702 835
f 835 702 717
f 835 717 836
f 836 717 805
f 836 805 730
f 730 805 733
f 730 733 728
f 728 733 732
f 729 807 730
f 730 807 809
f 730 809 836
f 836 809 811
f 836 811 835
f 835 811 813
f 835 813 703
f 703 813 704
f 716 706 813
f 813 706 705
f 813 705 704
f 708 707 837
f 837 707 716
f 837 716 838
f 838 716 812
f 838 812 727
f 727 812 810
f 727 810 760
f 760 810 808
f 726 814 727
f 727 814 816
f 727 816 838
f 838 816 818
f 838 818 837
f 837 818 820
f 837 820 708
f 708 820 709
f 715 711 820
f 820 711 710
f 820 710 709
f 713 712 839
f 839 712 715
f 839 715 840
f 840 715 819
f 840 819 724
f 724 819 817
f 724 817 761
f 761 817 815
f 723 841 724
f 724 841 842
f 724 842 840
f 840 842 843
f 840 843 839
f 839 843 844
f 839 844 713
f 713 844 714
f 845 841 846
f 846 841 723
f 846 723 847
f 847 723 722
f 847 722 848
f 848 722 761
f 848 761 849
f 761 815 849
f 849 815 814
f 849 814 850
f 850 814 726
f 850 726 851
f 851 726 725
f 851 725 852
f 852 725 760
f 852 760 853
f 853 760 808
f 853 808 854
f 808 807 854
f 854 807 729
f 854 729 855
f 855 729 728
f 855 728 856
f 856 728 732
f 856 732 857
f 857 732 731
f 857 731 858
f 858 731 735
f 858 735 859
f 735 734 859
f 859 734 800
f 859 800 860
f 860 800 738
f 860 738 861
f 861 738 737
f 861 737 862
f 862 737 759
f 862 759 863
f 759 791 863
f 863 791 790
f 863 790 864
f 864 790 741
f 864 741 865
f 865 741 740
f 865 740 866
f 866 740 758
f 866 758 867
f 867 758 784
f 867 784 868
f 784 783 868
f 868 783 744
f 868 744 869
f 869 744 743
f 869 743 870
f 870 743 747
f 870 747 871
f 871 747 746
f 871 746 872
f 872 746 757
f 872 757 873
f 757 829 873
f 873 829 779
f 873 779 874
f 874 779 750
f 874 750 875
f 875 750 749
f 875 749 876
f 876 749 756
f 876 756 877
f 877 756 770
f 877 770 878
f 770 769 878
f 878 769 753
f 878 753 879
f 879 753 752
f 879 752 880
f 880 752 755
f 880 755 881
f 881 755 763
f 881 763 882
f 882 763 762
f 882 762 883
f 883 762 821
f 883 884 885
f 883 885 882
f 882 885 886
f 882 886 881
f 881 886 887
f 881 887 880
f 880 887 888
f 880 888 879
f 879 888 889
f 879 889 878
f 878 889 890
f 878 890 877
f 877 890 891
f 877 891 876
f 876 891 892
f 876 892 875
f 875 892 893
f 875 893 874
f 874 893 894
f 874 894 873
f 873 894 895
f 873 895 872
f 872 895 896
f 872 896 871
f 871 896 897
f 871 897 870
f 870 897 898
f 870 898 869
f 869 898 899
f 869 899 868
f 868 899 900
f 868 900 867
f 867 900 901
f 867 901 866
f 866 901 902
f 866 902 865
f 865 902 903
f 865 903 864
f 864 903 904
f 864 904 863
f 863 904 905
f 863 905 862
f 862 905 906
f 862 906 861
f 861 906 907
f 861 907 860
f 860 907 908
f 860 908 859
f 859 908 909
f 859 909 858
f 858 909 910
f 858 910 857
f 857 910 911
f 857 911 856
f 856 911 912
f 856 912 855
f 855 912 913
f 855 913 854
f 854 913 914
f 854 914 853
f 853 914 915
f 853 915 852
f 852 915 916
f 852 916 851
f 851 916 917
f 851 917 850
f 850 917 918
f 850 918 849
f 849 918 919
f 849 919 848
f 848 919 920
f 848 920 847
f 847 920 921
f 847 921 846
f 846 921 922
f 846 922 845
f 899 923 900
f 900 923 901
f 895 894 924
f 899 898 923
f 923 898 897
f 923 897 925
f 925 897 926
f 901 927 928
f 929 930 901
f 901 930 931
f 901 931 932
f 923 933 901
f 901 933 934
f 901 934 935
f 928 936 901
f 901 936 937
f 901 937 929
f 926 897 924
f 924 897 896
f 924 896 895
f 935 938 901
f 901 938 939
f 901 939 927
f 940 901 941
f 941 901 942
f 916 901 917
f 917 901 918
f 916 915 901
f 901 915 914
f 901 914 913
f 894 893 924
f 924 893 892
f 924 892 891
f 943 944 901
f 901 944 945
f 901 945 942
f 940 946 901
f 901 946 947
f 901 947 948
f 948 949 901
f 901 949 922
f 901 922 921
f 921 920 901
f 901 920 919
f 901 919 918
f 908 901 909
f 909 901 910
f 932 950 901
f 901 950 951
f 901 951 943
f 913 912 901
f 901 912 911
f 901 911 910
f 907 906 908
f 908 906 905
f 908 905 904
f 884 891 885
f 885 891 890
f 885 890 889
f 884 952 891
f 891 952 953
f 891 953 954
f 954 955 891
f 891 955 956
f 891 956 957
f 957 958 891
f 891 958 959
f 891 959 924
f 904 903 908
f 908 903 902
f 908 902 901
f 888 887 889
f 889 887 886
f 889 886 885
f 845 922 949
f 845 949 960
f 960 949 948
f 960 948 961
f 961 948 947
f 961 947 962
f 962 947 946
f 962 946 963
f 963 946 940
f 963 940 964
f 964 940 941
f 964 941 965
f 965 941 942
f 965 942 966
f 966 942 945
f 966 945 967
f 967 945 944
f 967 944 968
f 968 944 943
f 968 943 969
f 969 943 951
f 969 951 970
f 970 951 950
f 970 950 971
f 971 950 932
f 971 932 972
f 972 932 931
f 972 931 973
f 973 931 930
f 973 930 974
f 974 930 929
f 974 929 975
f 975 929 937
f 975 937 976
f 976 937 936
f 976 936 977
f 977 936 928
f 977 928 978
f 978 928 927
f 978 927 979
f 979 927 939
f 979 939 980
f 980 939 938
f 980 938 981
f 981 938 935
f 981 935 982
f 982 935 934
f 982 934 983
f 983 934 933
f 983 933 984
f 984 933 923
f 984 923 985
f 985 923 925
f 985 925 986
f 986 925 926
f 986 926 987
f 987 926 924
f 987 924 988
f 988 924 959
f 988 959 989
f 989 959 958
f 989 958 990
f 990 958 957
f 990 957 991
f 991 957 956
f 991 956 992
f 992 956 955
f 992 955 993
f 993 955 954
f 993 954 994
f 994 954 953
f 994 953 995
f 995 953 952
f 995 952 996
f 996 952 884
f 996 884 883
f 883 821 996
f 996 821 997
f 996 997 995
f 995 997 998
f 995 998 994
f 994 998 999
f 994 999 993
f 999 1000 993
f 993 1000 1001
f 993 1001 992
f 992 1001 1002
f 992 1002 991
f 991 1002 1003
f 991 1003 990
f 990 1003 1004
f 990 1004 989
f 989 1004 1005
f 989 1005 988
f 1005 1006 988
f 988 1006 1007
f 988 1007 987
f 987 1007 1008
f 987 1008 986
f 986 1008 1009
f 986 1009 985
f 985 1009 1010
f 985 1010 984
f 984 1010 1011
f 984 1011 983
f 1011 1012 983
f 983 1012 1013
f 983 1013 982
f 982 1013 1014
f 982 1014 981
f 981 1014 1015
f 981 1015 980
f 980 1015 1016
f 980 1016 979
f 1016 1017 979
f 979 1017 1018
f 979 1018 978
f 978 1018 1019
f 978 1019 977
f 977 1019 1020
f 977 1020 976
f 976 1020 1021
f 976 1021 975
f 975 1021 1022
f 975 1022 974
f 1022 1023 974
f 974 1023 1024
f 974 1024 973
f 973 1024 1025
f 973 1025 972
f 972 1025 1026
f 972 1026 971
f 971 1026 1027
f 971 1027 970
f 970 1027 1028
f 970 1028 969
f 1028 1029 969
f 969 1029 1030
f 969 1030 968
f 968 1030 1031
f 968 1031 967
f 967 1031 1032
f 967 1032 966
f 966 1032 1033
f 966 1033 965
f 965 1033 1034
f 965 1034 964
f 1034 1035 964
f 964 1035 1036
f 964 1036 963
f 963 1036 1037
f 963 1037 962
f 962 1037 1038
f 962 1038 961
f 961 1038 1039
f 961 1039 960
f 960 1039 1040
f 960 1040 845
f 845 1040 841
f 1041 1042 1043
f 1044 1045 1046
f 1047 1048 1049
f 1050 1051 1052
f 1053 1054 1055
f 1056 1057 1058
f 1059 1060 1061
f 998 997 1062
f 1003 1002 1063
f 1008 1007 1064
f 1010 1009 1065
f 1012 1011 1066
f 1015 1014 1067
f 1020 1019 1068
f 1025 1024 1069
f 1027 1026 1070
f 1032 1031 1071
f 1037 1036 1072
f 1037 1072 1038
f 1032 1071 1033
f 1027 1070 1028
f 1020 1068 1021
f 1015 1067 1016
f 1003 1063 1004
f 998 1062 999
f 1040 1039 1073
f 1073 1039 1074
f 1073 1074 1075
f 1075 1074 1076
f 1075 1076 1077
f 1077 1076 1061
f 1035 1034 1078
f 1078 1034 1079
f 1078 1079 1080
f 1080 1079 1081
f 1080 1081 1082
f 1082 1081 1083
f 1034 1033 1079
f 1079 1033 1071
f 1079 1071 1081
f 1081 1071 1084
f 1081 1084 1083
f 1083 1084 1085
f 1031 1030 1071
f 1071 1030 1086
f 1071 1086 1084
f 1084 1086 1087
f 1084 1087 1085
f 1085 1087 1088
f 1023 1022 1089
f 1089 1022 1090
f 1089 1090 1091
f 1091 1090 1092
f 1091 1092 1093
f 1093 1092 1052
f 1018 1017 1094
f 1094 1017 1095
f 1094 1095 1096
f 1096 1095 1097
f 1096 1097 1098
f 1098 1097 1099
f 1017 1016 1095
f 1095 1016 1067
f 1095 1067 1097
f 1097 1067 1100
f 1097 1100 1099
f 1099 1100 1101
f 1014 1013 1067
f 1067 1013 1102
f 1067 1102 1100
f 1100 1102 1103
f 1100 1103 1101
f 1101 1103 1104
f 1011 1010 1066
f 1066 1010 1065
f 1066 1065 1105
f 1105 1065 1106
f 1105 1106 1107
f 1107 1106 1049
f 1006 1005 1108
f 1108 1005 1109
f 1108 1109 1110
f 1110 1109 1111
f 1110 1111 1112
f 1112 1111 1046
f 1001 1000 1113
f 1113 1000 1114
f 1113 1114 1115
f 1115 1114 1116
f 1115 1116 1117
f 1117 1116 1043
f 841 1040 842
f 842 1040 1073
f 842 1073 843
f 843 1073 1075
f 843 1075 844
f 844 1075 1077
f 844 1077 714
f 714 1077 1118
f 1061 1060 1077
f 1077 1060 1119
f 1077 1119 1118
f 1120 1059 1121
f 1121 1059 1061
f 1121 1061 1122
f 1122 1061 1076
f 1122 1076 1072
f 1072 1076 1074
f 1072 1074 1038
f 1038 1074 1039
f 1036 1035 1072
f 1072 1035 1078
f 1072 1078 1122
f 1122 1078 1080
f 1122 1080 1121
f 1121 1080 1082
f 1121 1082 1120
f 1120 1082 1123
f 1124 1125 1088
f 1088 1125 1126
f 1088 1126 1085
f 1085 1126 1127
f 1085 1127 1083
f 1083 1127 1128
f 1083 1128 1082
f 1082 1128 1129
f 1082 1129 1123
f 1057 1124 1058
f 1058 1124 1088
f 1058 1088 1130
f 1130 1088 1087
f 1130 1087 1131
f 1131 1087 1086
f 1131 1086 1029
f 1029 1086 1030
f 1054 1056 1055
f 1055 1056 1058
f 1055 1058 1132
f 1132 1058 1130
f 1132 1130 1070
f 1070 1130 1131
f 1070 1131 1028
f 1028 1131 1029
f 1133 1053 1134
f 1134 1053 1055
f 1134 1055 1135
f 1135 1055 1132
f 1135 1132 1069
f 1069 1132 1070
f 1069 1070 1025
f 1025 1070 1026
f 1024 1023 1069
f 1069 1023 1089
f 1069 1089 1135
f 1135 1089 1091
f 1135 1091 1134
f 1134 1091 1093
f 1134 1093 1133
f 1133 1093 1136
f 1052 1051 1093
f 1093 1051 1137
f 1093 1137 1136
f 1138 1050 1139
f 1139 1050 1052
f 1139 1052 1140
f 1140 1052 1092
f 1140 1092 1068
f 1068 1092 1090
f 1068 1090 1021
f 1021 1090 1022
f 1019 1018 1068
f 1068 1018 1094
f 1068 1094 1140
f 1140 1094 1096
f 1140 1096 1139
f 1139 1096 1098
f 1139 1098 1138
f 1138 1098 1141
f 1142 1143 1104
f 1104 1143 1144
f 1104 1144 1101
f 1101 1144 1145
f 1101 1145 1099
f 1099 1145 1146
f 1099 1146 1098
f 1098 1146 1147
f 1098 1147 1141
f 1148 1142 1107
f 1107 1142 1104
f 1107 1104 1105
f 1105 1104 1103
f 1105 1103 1066
f 1066 1103 1102
f 1066 1102 1012
f 1012 1102 1013
f 1049 1048 1107
f 1107 1048 1149
f 1107 1149 1148
f 1150 1047 1151
f 1151 1047 1049
f 1151 1049 1152
f 1152 1049 1106
f 1152 1106 1064
f 1064 1106 1065
f 1064 1065 1008
f 1008 1065 1009
f 1007 1006 1064
f 1064 1006 1108
f 1064 1108 1152
f 1152 1108 1110
f 1152 1110 1151
f 1151 1110 1112
f 1151 1112 1150
f 1150 1112 1153
f 1046 1045 1112
f 1112 1045 1154
f 1112 1154 1153
f 1155 1044 1156
f 1156 1044 1046
f 1156 1046 1157
f 1157 1046 1111
f 1157 1111 1063
f 1063 1111 1109
f 1063 1109 1004
f 1004 1109 1005
f 1002 1001 1063
f 1063 1001 1113
f 1063 1113 1157
f 1157 1113 1115
f 1157 1115 1156
f 1156 1115 1117
f 1156 1117 1155
f 1155 1117 1158
f 1043 1042 1117
f 1117 1042 1159
f 1117 1159 1158
f 1160 1041 1161
f 1161 1041 1043
f 1161 1043 1162
f 1162 1043 1116
f 1162 1116 1062
f 1062 1116 1114
f 1062 1114 999
f 999 1114 1000
f 997 821 1062
f 1062 821 822
f 1062 822 1162
f 1162 822 823
f 1162 823 1161
f 1161 823 824
f 1161 824 1160
f 1160 824 669
f 665 714 1163
f 1163 714 1118
f 1163 1118 1164
f 1164 1118 1119
f 1164 1119 1165
f 1165 1119 1060
f 1165 1060 1166
f 1166 1060 1059
f 1166 1059 1167
f 1167 1059 1120
f 1167 1120 1168
f 1168 1120 1123
f 1168 1123 1169
f 1169 1123 1129
f 1169 1129 1170
f 1170 1129 1128
f 1170 1128 1171
f 1171 1128 1127
f 1171 1127 1172
f 1172 1127 1126
f 1172 1126 1173
f 1173 1126 1125
f 1173 1125 1174
f 1174 1125 1124
f 1174 1124 1175
f 1175 1124 1057
f 1175 1057 1176
f 1176 1057 1056
f 1176 1056 1177
f 1177 1056 1054
f 1177 1054 1178
f 1178 1054 1053
f 1178 1053 1179
f 1179 1053 1133
f 1179 1133 1180
f 1180 1133 1136
f 1180 1136 1181
f 1181 1136 1137
f 1181 1137 1182
f 1182 1137 1051
f 1182 1051 1183
f 1183 1051 1050
f 1183 1050 1184
f 1184 1050 1138
f 1184 1138 1185
f 1185 1138 1141
f 1185 1141 1186
f 1186 1141 1147
f 1186 1147 1187
f 1187 1147 1146
f 1187 1146 1188
f 1188 1146 1145
f 1188 1145 1189
f 1189 1145 1144
f 1189 1144 1190
f 1190 1144 1143
f 1190 1143 1191
f 1191 1143 1142
f 1191 1142 1192
f 1192 1142 1148
f 1192 1148 1193
f 1193 1148 1149
f 1193 1149 1194
f 1194 1149 1048
f 1194 1048 1195
f 1195 1048 1047
f 1195 1047 1196
f 1196 1047 1150
f 1196 1150 1197
f 1197 1150 1153
f 1197 1153 1198
f 1198 1153 1154
f 1198 1154 1199
f 1199 1154 1045
f 1199 1045 1200
f 1200 1045 1044
f 1200 1044 1201
f 1201 1044 1155
f 1201 1155 1202
f 1202 1155 1158
f 1202 1158 1203
f 1203 1158 1159
f 1203 1159 1204
f 1204 1159 1042
f 1204 1042 1205
f 1205 1042 1041
f 1205 1041 1206
f 1206 1041 1160
f 1206 1160 645
f 645 1160 669
f 1207 1208 1209
f 1210 1211 1212
f 1213 1214 1215
f 1216 1217 1218
f 1219 1220 1221
f 1222 1223 1224
f 1225 1226 1227
f 1205 1206 1228
f 1200 1201 1229
f 1195 1196 1230
f 1193 1194 1231
f 1191 1192 1232
f 1188 1189 1233
f 1183 1184 1234
f 1178 1179 1235
f 1176 1177 1236
f 1171 1172 1237
f 1166 1167 1238
f 1166 1238 1165
f 1171 1237 1170
f 1176 1236 1175
f 1183 1234 1182
f 1188 1233 1187
f 1200 1229 1199
f 1205 1228 1204
f 1163 1164 1239
f 1239 1164 1240
f 1239 1240 1241
f 1241 1240 1242
f 1241 1242 1243
f 1243 1242 1227
f 1168 1169 1244
f 1244 1169 1245
f 1244 1245 1246
f 1246 1245 1247
f 1246 1247 1248
f 1248 1247 1249
f 1169 1170 1245
f 1245 1170 1237
f 1245 1237 1247
f 1247 1237 1250
f 1247 1250 1249
f 1249 1250 1251
f 1172 1173 1237
f 1237 1173 1252
f 1237 1252 1250
f 1250 1252 1253
f 1250 1253 1251
f 1251 1253 1254
f 1180 1181 1255
f 1255 1181 1256
f 1255 1256 1257
f 1257 1256 1258
f 1257 1258 1259
f 1259 1258 1218
f 1185 1186 1260
f 1260 1186 1261
f 1260 1261 1262
f 1262 1261 1263
f 1262 1263 1264
f 1264 1263 1265
f 1186 1187 1261
f 1261 1187 1233
f 1261 1233 1263
f 1263 1233 1266
f 1263 1266 1265
f 1265 1266 1267
f 1189 1190 1233
f 1233 1190 1268
f 1233 1268 1266
f 1266 1268 1269
f 1266 1269 1267
f 1267 1269 1270
f 1192 1193 1232
f 1232 1193 1231
f 1232 1231 1271
f 1271 1231 1272
f 1271 1272 1273
f 1273 1272 1215
f 1197 1198 1274
f 1274 1198 1275
f 1274 1275 1276
f 1276 1275 1277
f 1276 1277 1278
f 1278 1277 1212
f 1202 1203 1279
f 1279 1203 1280
f 1279 1280 1281
f 1281 1280 1282
f 1281 1282 1283
f 1283 1282 1209
f 665 1163 666
f 666 1163 1239
f 666 1239 667
f 667 1239 1241
f 667 1241 668
f 668 1241 1243
f 668 1243 538
f 538 1243 1284
f 1227 1226 1243
f 1243 1226 1285
f 1243 1285 1284
f 1286 1225 1287
f 1287 1225 1227
f 1287 1227 1288
f 1288 1227 1242
f 1288 1242 1238
f 1238 1242 1240
f 1238 1240 1165
f 1165 1240 1164
f 1167 1168 1238
f 1238 1168 1244
f 1238 1244 1288
f 1288 1244 1246
f 1288 1246 1287
f 1287 1246 1248
f 1287 1248 1286
f 1286 1248 1289
f 1290 1291 1254
f 1254 1291 1292
f 1254 1292 1251
f 1251 1292 1293
f 1251 1293 1249
f 1249 1293 1294
f 1249 1294 1248
f 1248 1294 1295
f 1248 1295 1289
f 1223 1290 1224
f 1224 1290 1254
f 1224 1254 1296
f 1296 1254 1253
f 1296 1253 1297
f 1297 1253 1252
f 1297 1252 1174
f 1174 1252 1173
f 1220 1222 1221
f 1221 1222 1224
f 1221 1224 1298
f 1298 1224 1296
f 1298 1296 1236
f 1236 1296 1297
f 1236 1297 1175
f 1175 1297 1174
f 1299 1219 1300
f 1300 1219 1221
f 1300 1221 1301
f 1301 1221 1298
f 1301 1298 1235
f 1235 1298 1236
f 1235 1236 1178
f 1178 1236 1177
f 1179 1180 1235
f 1235 1180 1255
f 1235 1255 1301
f 1301 1255 1257
f 1301 1257 1300
f 1300 1257 1259
f 1300 1259 1299
f 1299 1259 1302
f 1218 1217 1259
f 1259 1217 1303
f 1259 1303 1302
f 1304 1216 1305
f 1305 1216 1218
f 1305 1218 1306
f 1306 1218 1258
f 1306 1258 1234
f 1234 1258 1256
f 1234 1256 1182
f 1182 1256 1181
f 1184 1185 1234
f 1234 1185 1260
f 1234 1260 1306
f 1306 1260 1262
f 1306 1262 1305
f 1305 1262 1264
f 1305 1264 1304
f 1304 1264 1307
f 1308 1309 1270
f 1270 1309 1310
f 1270 1310 1267
f 1267 1310 1311
f 1267 1311 1265
f 1265 1311 1312
f 1265 1312 1264
f 1264 1312 1313
f 1264 1313 1307
f 1314 1308 1273
f 1273 1308 1270
f 1273 1270 1271
f 1271 1270 1269
f 1271 1269 1232
f 1232 1269 1268
f 1232 1268 1191
f 1191 1268 1190
f 1215 1214 1273
f 1273 1214 1315
f 1273 1315 1314
f 1316 1213 1317
f 1317 1213 1215
f 1317 1215 1318
f 1318 1215 1272
f 1318 1272 1230
f 1230 1272 1231
f 1230 1231 1195
f 1195 1231 1194
f 1196 1197 1230
f 1230 1197 1274
f 1230 1274 1318
f 1318 1274 1276
f 1318 1276 1317
f 1317 1276 1278
f 1317 1278 1316
f 1316 1278 1319
f 1212 1211 1278
f 1278 1211 1320
f 1278 1320 1319
f 1321 1210 1322
f 1322 1210 1212
f 1322 1212 1323
f 1323 1212 1277
f 1323 1277 1229
f 1229 1277 1275
f 1229 1275 1199
f 1199 1275 1198
f 1201 1202 1229
f 1229 1202 1279
f 1229 1279 1323
f 1323 1279 1281
f 1323 1281 1322
f 1322 1281 1283
f 1322 1283 1321
f 1321 1283 1324
f 1209 1208 1283
f 1283 1208 1325
f 1283 1325 1324
f 1326 1207 1327
f 1327 1207 1209
f 1327 1209 1328
f 1328 1209 1282
f 1328 1282 1228
f 1228 1282 1280
f 1228 1280 1204
f 1204 1280 1203
f 1206 645 1228
f 1228 645 646
f 1228 646 1328
f 1328 646 647
f 1328 647 1327
f 1327 647 648
f 1327 648 1326
f 1326 648 493
f 491 538 1329
f 1329 538 1284
f 1329 1284 1330
f 1330 1284 1285
f 1330 1285 1331
f 1331 1285 1226
f 1331 1226 1332
f 1226 1225 1332
f 1332 1225 1286
f 1332 1286 1333
f 1333 1286 1289
f 1333 1289 1334
f 1334 1289 1295
f 1334 1295 1335
f 1335 1295 1294
f 1335 1294 1336
f 1336 1294 1293
f 1336 1293 1337
f 1293 1292 1337
f 1337 1292 1291
f 1337 1291 1338
f 1338 1291 1290
f 1338 1290 1339
f 1339 1290 1223
f 1339 1223 1340
f 1340 1223 1222
f 1340 1222 1341
f 1341 1222 1220
f 1341 1220 1342
f 1220 1219 1342
f 1342 1219 1299
f 1342 1299 1343
f 1343 1299 1302
f 1343 1302 1344
f 1344 1302 1303
f 1344 1303 1345
f 1345 1303 1217
f 1345 1217 1346
f 1346 1217 1216
f 1346 1216 1347
f 1216 1304 1347
f 1347 1304 1307
f 1347 1307 1348
f 1348 1307 1313
f 1348 1313 1349
f 1349 1313 1312
f 1349 1312 1350
f 1350 1312 1311
f 1350 1311 1351
f 1311 1310 1351
f 1351 1310 1309
f 1351 1309 1352
f 1352 1309 1308
f 1352 1308 1353
f 1353 1308 1314
f 1353 1314 1354
f 1354 1314 1315
f 1354 1315 1355
f 1355 1315 1214
f 1355 1214 1356
f 1214 1213 1356
f 1356 1213 1316
f 1356 1316 1357
f 1357 1316 1319
f 1357 1319 1358
f 1358 1319 1320
f 1358 1320 1359
f 1359 1320 1211
f 1359 1211 1360
f 1360 1211 1210
f 1360 1210 1361
f 1210 1321 1361
f 1361 1321 1324
f 1361 1324 1362
f 1362 1324 1325
f 1362 1325 1363
f 1363 1325 1208
f 1363 1208 1364
f 1364 1208 1207
f 1364 1207 1365
f 1365 1207 1326
f 1365 1326 416
f 416 1326 493
f 492 491 1329
f 492 1329 1366
f 1366 1329 1330
f 1366 1330 1367
f 1367 1330 1331
f 1367 1331 1368
f 1368 1331 1332
f 1368 1332 1369
f 1369 1332 1333
f 1369 1333 1370
f 1370 1333 1334
f 1370 1334 1371
f 1371 1334 1335
f 1371 1335 1372
f 1372 1335 1336
f 1372 1336 1373
f 1373 1336 1337
f 1373 1337 1374
f 1374 1337 1338
f 1374 1338 1375
f 1375 1338 1339
f 1375 1339 1376
f 1376 1339 1340
f 1376 1340 1377
f 1377 1340 1341
f 1377 1341 1378
f 1378 1341 1342
f 1378 1342 1379
f 1379 1342 1343
f 1379 1343 1380
f 1380 1343 1344
f 1380 1344 1381
f 1381 1344 1345
f 1381 1345 1382
f 1382 1345 1346
f 1382 1346 1383
f 1383 1346 1347
f 1383 1347 1384
f 1384 1347 1348
f 1384 1348 1385
f 1385 1348 1349
f 1385 1349 1386
f 1386 1349 1350
f 1386 1350 1387
f 1387 1350 1351
f 1387 1351 1388
f 1388 1351 1352
f 1388 1352 1389
f 1389 1352 1353
f 1389 1353 1390
f 1390 1353 1354
f 1390 1354 1391
f 1391 1354 1355
f 1391 1355 1392
f 1392 1355 1356
f 1392 1356 1393
f 1393 1356 1357
f 1393 1357 1394
f 1394 1357 1358
f 1394 1358 1395
f 1395 1358 1359
f 1395 1359 1396
f 1396 1359 1360
f 1396 1360 1397
f 1397 1360 1361
f 1397 1361 1398
f 1398 1361 1362
f 1398 1362 1399
f 1399 1362 1363
f 1399 1363 1400
f 1400 1363 1364
f 1400 1364 1401
f 1401 1364 1365
f 1401 1365 1402
f 1402 1365 416
f 1402 416 415
f 1393 1394 466
f 466 1394 1395
f 466 1395 464
f 1387 1388 466
f 466 1388 1389
f 466 1389 1390
f 1390 1391 466
f 466 1391 1392
f 466 1392 1393
f 452 1395 1396
f 426 428 452
f 1373 1374 470
f 470 1374 1375
f 470 1375 1376
f 1377 466 1376
f 1376 466 468
f 1376 468 470
f 466 1383 1384
f 458 460 1395
f 1395 460 462
f 1395 462 464
f 472 474 1371
f 1371 474 476
f 1371 476 478
f 472 1371 470
f 470 1371 1372
f 470 1372 1373
f 1377 1378 466
f 466 1378 1379
f 466 1379 1380
f 1384 1385 466
f 466 1385 1386
f 466 1386 1387
f 442 444 452
f 452 454 1395
f 1395 454 456
f 1395 456 458
f 1371 484 486
f 1380 1381 466
f 466 1381 1382
f 466 1382 1383
f 1396 1397 452
f 452 1397 1398
f 452 1398 1399
f 452 434 436
f 478 480 1371
f 1371 480 482
f 1371 482 484
f 486 488 1371
f 1371 488 490
f 1371 490 1370
f 1366 1367 492
f 492 1367 1368
f 492 1368 490
f 490 1368 1369
f 490 1369 1370
f 1399 1400 452
f 452 1400 1401
f 452 1401 1402
f 1402 415 452
f 452 415 418
f 452 418 420
f 428 430 452
f 452 430 432
f 452 432 434
f 436 438 452
f 452 438 440
f 452 440 442
f 444 446 452
f 452 446 448
f 452 448 450
f 420 422 452
f 452 422 424
f 452 424 426
f 1403 1404 1405
f 1403 1405 1406
f 1406 1405 1407
f 1406 1407 1408
f 1408 1407 1409
f 1408 1409 1410
f 1410 1409 1411
f 1410 1411 1412
f 1412 1411 1413
f 1412 1413 1414
f 1414 1413 1415
f 1414 1415 1416
f 1416 1415 1417
f 1416 1417 1418
f 1418 1417 1419
f 1418 1419 1420
f 1420 1419 1421
f 1420 1421 1422
f 1422 1421 1423
f 1422 1423 1424
f 1424 1423 1425
f 1424 1425 1426
f 1426 1425 1427
f 1426 1427 1428
f 1428 1427 1429
f 1428 1429 1430
f 1431 1432 1433
f 1433 1434 1431
f 1431 1434 1435
f 1431 1435 1436
f 1435 1437 1436
f 1436 1437 1438
f 1436 1438 1439
f 1438 1440 1439
f 1439 1440 1441
f 1439 1441 1442
f 1441 1443 1442
f 1442 1443 1444
f 1442 1444 1445
f 1444 1446 1445
f 1445 1446 1447
f 1445 1447 1448
f 1447 1449 1448
f 1448 1449 1450
f 1448 1450 1451
f 1450 1452 1451
f 1451 1452 1453
f 1451 1453 1454
f 1455 1456 1457
f 1457 1456 1458
f 1457 1458 1459
f 1459 1458 1454
f 1459 1454 1460
f 1460 1454 1453
f 1433 1461 1434
f 1434 1461 1462
f 1434 1462 1435
f 1435 1462 1463
f 1435 1463 1437
f 1437 1463 1464
f 1437 1464 1438
f 1438 1464 1465
f 1438 1465 1440
f 1440 1465 1466
f 1440 1466 1441
f 1441 1466 1467
f 1441 1467 1443
f 1443 1467 1468
f 1443 1468 1444
f 1444 1468 1469
f 1444 1469 1446
f 1446 1469 1470
f 1446 1470 1447
f 1447 1470 1471
f 1447 1471 1449
f 1449 1471 1472
f 1449 1472 1450
f 1450 1472 1473
f 1450 1473 1452
f 1452 1473 1474
f 1452 1474 1453
f 1453 1474 1475
f 1453 1475 1460
f 1460 1475 1476
f 1460 1476 1459
f 1459 1476 1477
f 1459 1477 1457
f 1457 1477 1478
f 1457 1478 1455
f 1455 1478 1479
f 1480 1481 1479
f 1479 1478 1480
f 1480 1478 1477
f 1480 1477 1482
f 1477 1476 1482
f 1482 1476 1475
f 1482 1475 1483
f 1475 1474 1483
f 1483 1474 1473
f 1483 1473 1484
f 1473 1472 1484
f 1484 1472 1471
f 1484 1471 1485
f 1471 1470 1485
f 1485 1470 1469
f 1485 1469 1486
f 1469 1468 1486
f 1486 1468 1467
f 1486 1467 1487
f 1467 1466 1487
f 1487 1466 1465
f 1487 1465 1488
f 1461 1489 1462
f 1462 1489 1490
f 1462 1490 1463
f 1463 1490 1488
f 1463 1488 1464
f 1464 1488 1465
f 1491 1492 1493
f 1491 1493 1494
f 1494 1493 1495
f 1494 1495 1496
f 1496 1495 1497
f 1496 1497 1498
f 1498 1497 1499
f 1498 1499 1500
f 1500 1499 1501
f 1500 1501 1502
f 1502 1501 1503
f 1502 1503 1504
f 1504 1503 1505
f 1504 1505 1506
f 1506 1505 1507
f 1506 1507 1508
f 1508 1507 1509
f 1508 1509 1510
f 1510 1509 1511
f 1510 1511 1512
f 1512 1511 1513
f 1512 1513 1514
f 1514 1513 1515
f 1514 1515 1516
f 1516 1515 1517
f 1516 1517 1518
f 1519 1517 1515
f 1519 1515 1520
f 1520 1515 1513
f 1520 1513 1521
f 1521 1513 1511
f 1521 1511 1522
f 1522 1511 1509
f 1522 1509 1523
f 1523 1509 1507
f 1523 1507 1524
f 1524 1507 1505
f 1524 1505 1525
f 1525 1505 1503
f 1525 1503 1526
f 1526 1503 1501
f 1526 1501 1527
f 1527 1501 1499
f 1527 1499 1528
f 1528 1499 1497
f 1528 1497 1529
f 1529 1497 1495
f 1529 1495 1530
f 1530 1495 1493
f 1530 1493 1531
f 1531 1493 1492
f 1531 1492 1532
f 1533 1534 1535
f 1534 1536 1537
f 1536 1538 1539
f 1536 1539 1537
f 1537 1539 1540
f 1537 1540 1541
f 1541 1540 1542
f 1541 1542 1543
f 1543 1542 1544
f 1543 1544 1545
f 1545 1544 1546
f 1545 1546 1547
f 1547 1546 1548
f 1547 1548 1549
f 1549 1548 1550
f 1549 1550 1551
f 1551 1550 1552
f 1551 1552 1553
f 1553 1552 1554
f 1553 1554 1555
f 1555 1554 1556
f 1555 1556 1557
f 1557 1556 1558
f 1557 1558 1559
f 1559 1558 1560
f 1559 1560 1561
f 1561 1560 1562
f 1561 1562 1563
f 1563 1562 1564
f 1563 1564 1565
f 1565 1564 1566
f 1565 1566 1567
f 1567 1566 1568
f 1567 1568 1569
f 1569 1568 1570
f 1569 1570 1571
f 1571 1570 1572
f 1571 1572 1573
f 1573 1572 1574
f 1573 1574 1575
f 1575 1574 1576
f 1575 1576 1577
f 1577 1576 1578
f 1577 1578 1579
f 1579 1578 1580
f 1579 1580 1581
f 1581 1580 1582
f 1581 1582 1583
f 1583 1582 1584
f 1583 1584 1585
f 1585 1584 1586
f 1585 1586 1587
f 1587 1586 1588
f 1587 1588 1589
f 1589 1588 1590
f 1589 1590 1591
f 1591 1590 1592
f 1591 1592 1593
f 1593 1592 1594
f 1593 1594 1595
f 1595 1594 1596
f 1595 1596 1597
f 1597 1596 1598
f 1597 1598 1599
f 1599 1598 1600
f 1599 1600 1601
f 1601 1600 1602
f 1601 1602 1603
f 1603 1602 1604
f 1603 1604 1605
f 1534 1537 1535
f 1535 1537 1541
f 1535 1541 1606
f 1606 1541 1543
f 1606 1543 1607
f 1607 1543 1545
f 1607 1545 1608
f 1608 1545 1547
f 1608 1547 1609
f 1609 1547 1549
f 1609 1549 1610
f 1610 1549 1551
f 1610 1551 1611
f 1611 1551 1553
f 1611 1553 1612
f 1612 1553 1555
f 1612 1555 1613
f 1613 1555 1557
f 1613 1557 1614
f 1614 1557 1559
f 1614 1559 1615
f 1615 1559 1561
f 1615 1561 1616
f 1616 1561 1563
f 1616 1563 1617
f 1617 1563 1565
f 1617 1565 1618
f 1618 1565 1567
f 1618 1567 1619
f 1619 1567 1569
f 1619 1569 1620
f 1620 1569 1571
f 1620 1571 1621
f 1621 1571 1573
f 1621 1573 1622
f 1622 1573 1575
f 1622 1575 1623
f 1623 1575 1577
f 1623 1577 1624
f 1624 1577 1579
f 1624 1579 1625
f 1625 1579 1581
f 1625 1581 1626
f 1626 1581 1583
f 1626 1583 1627
f 1627 1583 1585
f 1627 1585 1628
f 1628 1585 1587
f 1628 1587 1629
f 1629 1587 1589
f 1629 1589 1630
f 1630 1589 1591
f 1630 1591 1631
f 1631 1591 1593
f 1631 1593 1632
f 1632 1593 1595
f 1632 1595 1633
f 1633 1595 1597
f 1633 1597 1634
f 1634 1597 1599
f 1634 1599 1635
f 1635 1599 1601
f 1635 1601 1636
f 1636 1601 1603
f 1636 1603 1637
f 1637 1603 1605
f 1637 1605 1638
f 1533 1535 1639
f 1639 1535 1606
f 1639 1606 1640
f 1640 1606 1607
f 1640 1607 1641
f 1641 1607 1608
f 1641 1608 1642
f 1642 1608 1609
f 1642 1609 1643
f 1643 1609 1610
f 1643 1610 1644
f 1644 1610 1611
f 1644 1611 1645
f 1645 1611 1612
f 1645 1612 1646
f 1646 1612 1613
f 1646 1613 1647
f 1647 1613 1614
f 1647 1614 1648
f 1648 1614 1615
f 1648 1615 1649
f 1649 1615 1616
f 1649 1616 1650
f 1650 1616 1617
f 1650 1617 1651
f 1651 1617 1618
f 1651 1618 1652
f 1652 1618 1619
f 1652 1619 1653
f 1653 1619 1620
f 1653 1620 1654
f 1654 1620 1621
f 1654 1621 1655
f 1655 1621 1622
f 1655 1622 1656
f 1656 1622 1623
f 1656 1623 1657
f 1657 1623 1624
f 1657 1624 1658
f 1658 1624 1625
f 1658 1625 1659
f 1659 1625 1626
f 1659 1626 1660
f 1660 1626 1627
f 1660 1627 1661
f 1661 1627 1628
f 1661 1628 1662
f 1662 1628 1629
f 1662 1629 1663
f 1663 1629 1630
f 1663 1630 1664
f 1664 1630 1631
f 1664 1631 1665
f 1665 1631 1632
f 1665 1632 1666
f 1666 1632 1633
f 1666 1633 1667
f 1667 1633 1634
f 1667 1634 1668
f 1668 1634 1635
f 1668 1635 1669
f 1669 1635 1636
f 1669 1636 1670
f 1670 1636 1637
f 1670 1637 1671
f 1671 1637 1638
f 1671 1638 1672
f 1673 1533 1674
f 1674 1533 1639
f 1674 1639 1675
f 1675 1639 1640
f 1675 1640 1676
f 1676 1640 1641
f 1676 1641 1677
f 1677 1641 1642
f 1677 1642 1678
f 1678 1642 1643
f 1678 1643 1679
f 1679 1643 1644
f 1679 1644 1680
f 1680 1644 1645
f 1680 1645 1681
f 1681 1645 1646
f 1681 1646 1682
f 1682 1646 1647
f 1682 1647 1683
f 1683 1647 1648
f 1683 1648 1684
f 1684 1648 1649
f 1684 1649 1685
f 1685 1649 1650
f 1685 1650 1686
f 1686 1650 1651
f 1686 1651 1687
f 1687 1651 1652
f 1687 1652 1688
f 1688 1652 1653
f 1688 1653 1689
f 1689 1653 1654
f 1689 1654 1690
f 1690 1654 1655
f 1690 1655 1691
f 1691 1655 1656
f 1691 1656 1692
f 1692 1656 1657
f 1692 1657 1693
f 1693 1657 1658
f 1693 1658 1694
f 1694 1658 1659
f 1694 1659 1695
f 1695 1659 1660
f 1695 1660 1696
f 1696 1660 1661
f 1696 1661 1697
f 1697 1661 1662
f 1697 1662 1698
f 1698 1662 1663
f 1698 1663 1699
f 1699 1663 1664
f 1699 1664 1700
f 1700 1664 1665
f 1700 1665 1701
f 1701 1665 1666
f 1701 1666 1702
f 1702 1666 1667
f 1702 1667 1703
f 1703 1667 1668
f 1703 1668 1704
f 1704 1668 1669
f 1704 1669 1705
f 1705 1669 1670
f 1705 1670 1706
f 1706 1670 1671
f 1706 1671 1707
f 1707 1671 1672
f 1708 1709 1710
f 1709 1711 1712
f 1711 1673 1674
f 1711 1674 1712
f 1712 1674 1675
f 1712 1675 1713
f 1713 1675 1676
f 1713 1676 1714
f 1714 1676 1677
f 1714 1677 1715
f 1715 1677 1678
f 1715 1678 1716
f 1716 1678 1679
f 1716 1679 1717
f 1717 1679 1680
f 1717 1680 1718
f 1718 1680 1681
f 1718 1681 1719
f 1719 1681 1682
f 1719 1682 1720
f 1720 1682 1683
f 1720 1683 1721
f 1721 1683 1684
f 1721 1684 1722
f 1722 1684 1685
f 1722 1685 1723
f 1723 1685 1686
f 1723 1686 1724
f 1724 1686 1687
f 1724 1687 1725
f 1725 1687 1688
f 1725 1688 1726
f 1726 1688 1689
f 1726 1689 1727
f 1727 1689 1690
f 1727 1690 1728
f 1728 1690 1691
f 1728 1691 1729
f 1729 1691 1692
f 1729 1692 1730
f 1730 1692 1693
f 1730 1693 1731
f 1731 1693 1694
f 1731 1694 1732
f 1732 1694 1695
f 1732 1695 1733
f 1733 1695 1696
f 1733 1696 1734
f 1734 1696 1697
f 1734 1697 1735
f 1735 1697 1698
f 1735 1698 1736
f 1736 1698 1699
f 1736 1699 1737
f 1737 1699 1700
f 1737 1700 1738
f 1738 1700 1701
f 1738 1701 1739
f 1739 1701 1702
f 1739 1702 1740
f 1740 1702 1703
f 1740 1703 1741
f 1741 1703 1704
f 1741 1704 1742
f 1742 1704 1705
f 1742 1705 1743
f 1743 1705 1706
f 1743 1706 1744
f 1744 1706 1707
f 1744 1707 1745
f 1709 1712 1710
f 1710 1712 1713
f 1710 1713 1746
f 1746 1713 1714
f 1746 1714 1747
f 1747 1714 1715
f 1747 1715 1748
f 1748 1715 1716
f 1748 1716 1749
f 1749 1716 1717
f 1749 1717 1750
f 1750 1717 1718
f 1750 1718 1751
f 1751 1718 1719
f 1751 1719 1752
f 1752 1719 1720
f 1752 1720 1753
f 1753 1720 1721
f 1753 1721 1754
f 1754 1721 1722
f 1754 1722 1755
f 1755 1722 1723
f 1755 1723 1756
f 1756 1723 1724
f 1756 1724 1757
f 1757 1724 1725
f 1757 1725 1758
f 1758 1725 1726
f 1758 1726 1759
f 1759 1726 1727
f 1759 1727 1760
f 1760 1727 1728
f 1760 1728 1761
f 1761 1728 1729
f 1761 1729 1762
f 1762 1729 1730
f 1762 1730 1763
f 1763 1730 1731
f 1763 1731 1764
f 1764 1731 1732
f 1764 1732 1765
f 1765 1732 1733
f 1765 1733 1766
f 1766 1733 1734
f 1766 1734 1767
f 1767 1734 1735
f 1767 1735 1768
f 1768 1735 1736
f 1768 1736 1769
f 1769 1736 1737
f 1769 1737 1770
f 1770 1737 1738
f 1770 1738 1771
f 1771 1738 1739
f 1771 1739 1772
f 1772 1739 1740
f 1772 1740 1773
f 1773 1740 1741
f 1773 1741 1774
f 1774 1741 1742
f 1774 1742 1775
f 1775 1742 1743
f 1775 1743 1776
f 1776 1743 1744
f 1776 1744 1777
f 1777 1744 1745
f 1777 1745 1778
f 1708 1710 1779
f 1779 1710 1746
f 1779 1746 1780
f 1780 1746 1747
f 1780 1747 1781
f 1781 1747 1748
f 1781 1748 1782
f 1782 1748 1749
f 1782 1749 1783
f 1783 1749 1750
f 1783 1750 1784
f 1784 1750 1751
f 1784 1751 1785
f 1785 1751 1752
f 1785 1752 1786
f 1786 1752 1753
f 1786 1753 1787
f 1787 1753 1754
f 1787 1754 1788
f 1788 1754 1755
f 1788 1755 1789
f 1789 1755 1756
f 1789 1756 1790
f 1790 1756 1757
f 1790 1757 1791
f 1791 1757 1758
f 1791 1758 1792
f 1792 1758 1759
f 1792 1759 1793
f 1793 1759 1760
f 1793 1760 1794
f 1794 1760 1761
f 1794 1761 1795
f 1795 1761 1762
f 1795 1762 1796
f 1796 1762 1763
f 1796 1763 1797
f 1797 1763 1764
f 1797 1764 1798
f 1798 1764 1765
f 1798 1765 1799
f 1799 1765 1766
f 1799 1766 1800
f 1800 1766 1767
f 1800 1767 1801
f 1801 1767 1768
f 1801 1768 1802
f 1802 1768 1769
f 1802 1769 1803
f 1803 1769 1770
f 1803 1770 1804
f 1804 1770 1771
f 1804 1771 1805
f 1805 1771 1772
f 1805 1772 1806
f 1806 1772 1773
f 1806 1773 1807
f 1807 1773 1774
f 1807 1774 1808
f 1808 1774 1775
f 1808 1775 1809
f 1809 1775 1776
f 1809 1776 1810
f 1810 1776 1777
f 1810 1777 1811
f 1811 1777 1778
f 1811 1778 1812
f 1404 1813 1814
f 1404 1814 1405
f 1405 1814 1815
f 1405 1815 1407
f 1407 1815 1816
f 1407 1816 1409
f 1409 1816 1817
f 1409 1817 1411
f 1411 1817 1818
f 1411 1818 1413
f 1413 1818 1819
f 1413 1819 1415
f 1415 1819 1820
f 1415 1820 1417
f 1417 1820 1821
f 1417 1821 1419
f 1419 1821 1822
f 1419 1822 1421
f 1421 1822 1823
f 1421 1823 1423
f 1423 1823 1824
f 1423 1824 1425
f 1425 1824 1825
f 1425 1825 1427
f 1427 1825 1826
f 1427 1826 1429
f 1429 1826 1827
f 1429 1827 1828
f 1828 1827 1829
f 1828 1829 1830
f 1830 1829 1831
f 1830 1831 1832
f 1832 1831 1833
f 1832 1833 1834
f 1834 1833 1835
f 1834 1835 1836
f 1836 1835 1837
f 1836 1837 1838
f 1838 1837 1839
f 1838 1839 1840
f 1840 1839 1841
f 1840 1841 1842
f 1842 1841 1843
f 1842 1843 1844
f 1844 1843 1845
f 1844 1845 1846
f 1846 1845 1847
f 1846 1847 1848
f 1848 1847 1849
f 1848 1849 1850
f 1850 1849 1813
f 1850 1813 1404
f 1780 1781 1814
f 1814 1781 1782
f 1814 1782 1815
f 1851 1852 1827
f 1827 1852 1853
f 1827 1853 1829
f 1831 1854 1855
f 1804 1823 1803
f 1803 1823 1822
f 1803 1822 1802
f 1780 1814 1779
f 1779 1814 1813
f 1779 1813 1708
f 1708 1813 1856
f 1856 1813 1849
f 1856 1849 1857
f 1847 1858 1849
f 1849 1858 1859
f 1849 1859 1857
f 1860 1861 1839
f 1839 1861 1841
f 1837 1862 1839
f 1839 1862 1863
f 1839 1863 1860
f 1831 1855 1833
f 1851 1827 1864
f 1864 1827 1826
f 1864 1826 1812
f 1812 1826 1811
f 1811 1826 1825
f 1811 1825 1810
f 1824 1808 1825
f 1825 1808 1809
f 1825 1809 1810
f 1804 1805 1823
f 1823 1805 1806
f 1823 1806 1824
f 1824 1806 1807
f 1824 1807 1808
f 1788 1817 1787
f 1787 1817 1816
f 1787 1816 1786
f 1865 1866 1845
f 1845 1866 1867
f 1845 1867 1847
f 1847 1867 1868
f 1847 1868 1858
f 1865 1845 1869
f 1869 1845 1843
f 1869 1843 1870
f 1871 1872 1835
f 1835 1872 1873
f 1835 1873 1837
f 1837 1873 1874
f 1837 1874 1862
f 1853 1875 1829
f 1829 1875 1876
f 1829 1876 1831
f 1831 1876 1877
f 1831 1877 1854
f 1796 1797 1820
f 1820 1797 1798
f 1820 1798 1821
f 1796 1820 1795
f 1795 1820 1819
f 1795 1819 1794
f 1782 1783 1815
f 1815 1783 1784
f 1815 1784 1816
f 1816 1784 1785
f 1816 1785 1786
f 1855 1878 1833
f 1833 1878 1879
f 1833 1879 1835
f 1835 1879 1880
f 1835 1880 1871
f 1798 1799 1821
f 1821 1799 1800
f 1821 1800 1822
f 1822 1800 1801
f 1822 1801 1802
f 1788 1789 1817
f 1817 1789 1790
f 1817 1790 1818
f 1861 1881 1841
f 1841 1881 1882
f 1841 1882 1843
f 1843 1882 1883
f 1843 1883 1870
f 1790 1791 1818
f 1818 1791 1792
f 1818 1792 1819
f 1819 1792 1793
f 1819 1793 1794
f 1812 1778 1884
f 1778 1745 1885
f 1745 1707 1886
f 1745 1886 1885
f 1885 1886 1887
f 1885 1887 1888
f 1888 1887 1889
f 1888 1889 1890
f 1890 1889 1891
f 1890 1891 1892
f 1892 1891 1893
f 1892 1893 1894
f 1894 1893 1895
f 1894 1895 1896
f 1896 1895 1897
f 1896 1897 1898
f 1898 1897 1899
f 1898 1899 1900
f 1900 1899 1901
f 1900 1901 1902
f 1902 1901 1903
f 1902 1903 1904
f 1904 1903 1905
f 1904 1905 1906
f 1906 1905 1907
f 1906 1907 1908
f 1908 1907 1909
f 1908 1909 1910
f 1910 1909 1911
f 1910 1911 1912
f 1912 1911 1913
f 1912 1913 1914
f 1914 1913 1915
f 1914 1915 1916
f 1916 1915 1917
f 1916 1917 1918
f 1918 1917 1919
f 1918 1919 1920
f 1920 1919 1921
f 1920 1921 1922
f 1922 1921 1923
f 1922 1923 1924
f 1924 1923 1925
f 1924 1925 1926
f 1926 1925 1927
f 1926 1927 1928
f 1928 1927 1929
f 1928 1929 1930
f 1930 1929 1931
f 1930 1931 1932
f 1932 1931 1933
f 1932 1933 1934
f 1934 1933 1935
f 1934 1935 1936
f 1936 1935 1937
f 1936 1937 1938
f 1938 1937 1939
f 1938 1939 1940
f 1940 1939 1941
f 1940 1941 1942
f 1942 1941 1943
f 1942 1943 1944
f 1944 1943 1945
f 1944 1945 1946
f 1946 1945 1947
f 1946 1947 1948
f 1948 1947 1949
f 1948 1949 1950
f 1950 1949 1673
f 1950 1673 1711
f 1778 1885 1884
f 1884 1885 1888
f 1884 1888 1951
f 1951 1888 1890
f 1951 1890 1952
f 1952 1890 1892
f 1952 1892 1953
f 1953 1892 1894
f 1953 1894 1954
f 1954 1894 1896
f 1954 1896 1955
f 1955 1896 1898
f 1955 1898 1956
f 1956 1898 1900
f 1956 1900 1957
f 1957 1900 1902
f 1957 1902 1958
f 1958 1902 1904
f 1958 1904 1959
f 1959 1904 1906
f 1959 1906 1960
f 1960 1906 1908
f 1960 1908 1961
f 1961 1908 1910
f 1961 1910 1962
f 1962 1910 1912
f 1962 1912 1963
f 1963 1912 1914
f 1963 1914 1964
f 1964 1914 1916
f 1964 1916 1965
f 1965 1916 1918
f 1965 1918 1966
f 1966 1918 1920
f 1966 1920 1967
f 1967 1920 1922
f 1967 1922 1968
f 1968 1922 1924
f 1968 1924 1969
f 1969 1924 1926
f 1969 1926 1970
f 1970 1926 1928
f 1970 1928 1971
f 1971 1928 1930
f 1971 1930 1972
f 1972 1930 1932
f 1972 1932 1973
f 1973 1932 1934
f 1973 1934 1974
f 1974 1934 1936
f 1974 1936 1975
f 1975 1936 1938
f 1975 1938 1976
f 1976 1938 1940
f 1976 1940 1977
f 1977 1940 1942
f 1977 1942 1978
f 1978 1942 1944
f 1978 1944 1979
f 1979 1944 1946
f 1979 1946 1980
f 1980 1946 1948
f 1980 1948 1981
f 1981 1948 1950
f 1981 1950 1982
f 1982 1950 1711
f 1982 1711 1709
f 1812 1884 1864
f 1864 1884 1951
f 1864 1951 1851
f 1851 1951 1952
f 1851 1952 1852
f 1852 1952 1953
f 1852 1953 1853
f 1853 1953 1954
f 1853 1954 1875
f 1875 1954 1955
f 1875 1955 1876
f 1876 1955 1956
f 1876 1956 1877
f 1877 1956 1957
f 1877 1957 1854
f 1854 1957 1958
f 1854 1958 1855
f 1855 1958 1959
f 1855 1959 1878
f 1878 1959 1960
f 1878 1960 1879
f 1879 1960 1961
f 1879 1961 1880
f 1880 1961 1962
f 1880 1962 1871
f 1871 1962 1963
f 1871 1963 1872
f 1872 1963 1964
f 1872 1964 1873
f 1873 1964 1965
f 1873 1965 1874
f 1874 1965 1966
f 1874 1966 1862
f 1862 1966 1967
f 1862 1967 1863
f 1863 1967 1968
f 1863 1968 1860
f 1860 1968 1969
f 1860 1969 1861
f 1861 1969 1970
f 1861 1970 1881
f 1881 1970 1971
f 1881 1971 1882
f 1882 1971 1972
f 1882 1972 1883
f 1883 1972 1973
f 1883 1973 1870
f 1870 1973 1974
f 1870 1974 1869
f 1869 1974 1975
f 1869 1975 1865
f 1865 1975 1976
f 1865 1976 1866
f 1866 1976 1977
f 1866 1977 1867
f 1867 1977 1978
f 1867 1978 1868
f 1868 1978 1979
f 1868 1979 1858
f 1858 1979 1980
f 1858 1980 1859
f 1859 1980 1981
f 1859 1981 1857
f 1857 1981 1982
f 1857 1982 1856
f 1856 1982 1709
f 1856 1709 1708
f 1707 1672 1886
f 1886 1672 1983
f 1886 1983 1887
f 1887 1983 1984
f 1887 1984 1889
f 1889 1984 1985
f 1889 1985 1891
f 1891 1985 1986
f 1891 1986 1893
f 1893 1986 1987
f 1893 1987 1895
f 1895 1987 1988
f 1895 1988 1897
f 1897 1988 1989
f 1897 1989 1899
f 1899 1989 1990
f 1899 1990 1901
f 1901 1990 1991
f 1901 1991 1903
f 1903 1991 1992
f 1903 1992 1905
f 1905 1992 1993
f 1905 1993 1907
f 1907 1993 1994
f 1907 1994 1909
f 1909 1994 1995
f 1909 1995 1911
f 1911 1995 1996
f 1911 1996 1913
f 1913 1996 1997
f 1913 1997 1915
f 1915 1997 1998
f 1915 1998 1917
f 1917 1998 1999
f 1917 1999 1919
f 1919 1999 2000
f 1919 2000 1921
f 1921 2000 2001
f 1921 2001 1923
f 1923 2001 2002
f 1923 2002 1925
f 1925 2002 2003
f 1925 2003 1927
f 1927 2003 2004
f 1927 2004 1929
f 1929 2004 2005
f 1929 2005 1931
f 1931 2005 2006
f 1931 2006 1933
f 1933 2006 2007
f 1933 2007 1935
f 1935 2007 2008
f 1935 2008 1937
f 1937 2008 2009
f 1937 2009 1939
f 1939 2009 2010
f 1939 2010 1941
f 1941 2010 2011
f 1941 2011 1943
f 1943 2011 2012
f 1943 2012 1945
f 1945 2012 2013
f 1945 2013 1947
f 1947 2013 2014
f 1947 2014 1949
f 1949 2014 2015
f 1949 2015 1673
f 1673 2015 1533
f 1672 1638 2016
f 1638 1605 2017
f 1605 1604 2018
f 1605 2018 2017
f 2017 2018 2019
f 2017 2019 2020
f 2020 2019 2021
f 2020 2021 2022
f 2022 2021 2023
f 2022 2023 2024
f 2024 2023 2025
f 2024 2025 2026
f 2026 2025 2027
f 2026 2027 2028
f 2028 2027 2029
f 2028 2029 2030
f 2030 2029 2031
f 2030 2031 2032
f 2032 2031 2033
f 2032 2033 2034
f 2034 2033 2035
f 2034 2035 2036
f 2036 2035 2037
f 2036 2037 2038
f 2038 2037 2039
f 2038 2039 2040
f 2040 2039 2041
f 2040 2041 2042
f 2042 2041 2043
f 2042 2043 2044
f 2044 2043 2045
f 2044 2045 2046
f 2046 2045 2047
f 2046 2047 2048
f 2048 2047 2049
f 2048 2049 2050
f 2050 2049 2051
f 2050 2051 2052
f 2052 2051 2053
f 2052 2053 2054
f 2054 2053 2055
f 2054 2055 2056
f 2056 2055 2057
f 2056 2057 2058
f 2058 2057 2059
f 2058 2059 2060
f 2060 2059 2061
f 2060 2061 2062
f 2062 2061 2063
f 2062 2063 2064
f 2064 2063 2065
f 2064 2065 2066
f 2066 2065 2067
f 2066 2067 2068
f 2068 2067 2069
f 2068 2069 2070
f 2070 2069 2071
f 2070 2071 2072
f 2072 2071 2073
f 2072 2073 2074
f 2074 2073 2075
f 2074 2075 2076
f 2076 2075 2077
f 2076 2077 2078
f 2078 2077 2079
f 2078 2079 2080
f 2080 2079 2081
f 2080 2081 2082
f 2082 2081 1538
f 2082 1538 1536
f 1638 2017 2016
f 2016 2017 2020
f 2016 2020 2083
f 2083 2020 2022
f 2083 2022 2084
f 2084 2022 2024
f 2084 2024 2085
f 2085 2024 2026
f 2085 2026 2086
f 2086 2026 2028
f 2086 2028 2087
f 2087 2028 2030
f 2087 2030 2088
f 2088 2030 2032
f 2088 2032 2089
f 2089 2032 2034
f 2089 2034 2090
f 2090 2034 2036
f 2090 2036 2091
f 2091 2036 2038
f 2091 2038 2092
f 2092 2038 2040
f 2092 2040 2093
f 2093 2040 2042
f 2093 2042 2094
f 2094 2042 2044
f 2094 2044 2095
f 2095 2044 2046
f 2095 2046 2096
f 2096 2046 2048
f 2096 2048 2097
f 2097 2048 2050
f 2097 2050 2098
f 2098 2050 2052
f 2098 2052 2099
f 2099 2052 2054
f 2099 2054 2100
f 2100 2054 2056
f 2100 2056 2101
f 2101 2056 2058
f 2101 2058 2102
f 2102 2058 2060
f 2102 2060 2103
f 2103 2060 2062
f 2103 2062 2104
f 2104 2062 2064
f 2104 2064 2105
f 2105 2064 2066
f 2105 2066 2106
f 2106 2066 2068
f 2106 2068 2107
f 2107 2068 2070
f 2107 2070 2108
f 2108 2070 2072
f 2108 2072 2109
f 2109 2072 2074
f 2109 2074 2110
f 2110 2074 2076
f 2110 2076 2111
f 2111 2076 2078
f 2111 2078 2112
f 2112 2078 2080
f 2112 2080 2113
f 2113 2080 2082
f 2113 2082 2114
f 2114 2082 1536
f 2114 1536 1534
f 1672 2016 1983
f 1983 2016 2083
f 1983 2083 1984
f 1984 2083 2084
f 1984 2084 1985
f 1985 2084 2085
f 1985 2085 1986
f 1986 2085 2086
f 1986 2086 1987
f 1987 2086 2087
f 1987 2087 1988
f 1988 2087 2088
f 1988 2088 1989
f 1989 2088 2089
f 1989 2089 1990
f 1990 2089 2090
f 1990 2090 1991
f 1991 2090 2091
f 1991 2091 1992
f 1992 2091 2092
f 1992 2092 1993
f 1993 2092 2093
f 1993 2093 1994
f 1994 2093 2094
f 1994 2094 1995
f 1995 2094 2095
f 1995 2095 1996
f 1996 2095 2096
f 1996 2096 1997
f 1997 2096 2097
f 1997 2097 1998
f 1998 2097 2098
f 1998 2098 1999
f 1999 2098 2099
f 1999 2099 2000
f 2000 2099 2100
f 2000 2100 2001
f 2001 2100 2101
f 2001 2101 2002
f 2002 2101 2102
f 2002 2102 2003
f 2003 2102 2103
f 2003 2103 2004
f 2004 2103 2104
f 2004 2104 2005
f 2005 2104 2105
f 2005 2105 2006
f 2006 2105 2106
f 2006 2106 2007
f 2007 2106 2107
f 2007 2107 2008
f 2008 2107 2108
f 2008 2108 2009
f 2009 2108 2109
f 2009 2109 2010
f 2010 2109 2110
f 2010 2110 2011
f 2011 2110 2111
f 2011 2111 2012
f 2012 2111 2112
f 2012 2112 2013
f 2013 2112 2113
f 2013 2113 2014
f 2014 2113 2114
f 2014 2114 2015
f 2015 2114 1534
f 2015 1534 1533
f 1552 1522 1554
f 1554 1522 1523
f 1554 1523 1556
f 1568 1525 1570
f 1570 1525 1526
f 1570 1526 1572
f 1552 1550 1522
f 1522 1550 1548
f 1522 1548 1521
f 1568 1566 1525
f 1525 1566 1564
f 1525 1564 1524
f 1598 1596 1531
f 1531 1596 1530
f 1540 1539 1520
f 1520 1539 1519
f 1548 1546 1521
f 1521 1546 1544
f 1521 1544 1520
f 1520 1544 1542
f 1520 1542 1540
f 1564 1562 1524
f 1524 1562 1560
f 1524 1560 1523
f 1523 1560 1558
f 1523 1558 1556
f 1584 1582 1528
f 1528 1582 1580
f 1528 1580 1527
f 1584 1528 1586
f 1586 1528 1529
f 1586 1529 1588
f 2019 2018 2115
f 2115 2018 1532
f 2116 2023 2115
f 2115 2023 2021
f 2115 2021 2019
f 2031 2117 2033
f 2033 2117 2118
f 1580 1578 1527
f 1527 1578 1576
f 1527 1576 1526
f 1526 1576 1574
f 1526 1574 1572
f 1596 1594 1530
f 1530 1594 1592
f 1530 1592 1529
f 1529 1592 1590
f 1529 1590 1588
f 2018 1604 1532
f 1532 1604 1602
f 1532 1602 1531
f 1531 1602 1600
f 1531 1600 1598
f 2031 2029 2117
f 2117 2029 2027
f 2117 2027 2116
f 2116 2027 2025
f 2116 2025 2023
f 2077 2075 2119
f 2119 2075 2120
f 2051 2049 2121
f 2121 2049 2122
f 1539 1538 1519
f 1519 1538 2081
f 1519 2081 2119
f 2119 2081 2079
f 2119 2079 2077
f 2041 2039 2123
f 2123 2039 2037
f 2123 2037 2118
f 2118 2037 2035
f 2118 2035 2033
f 2063 2061 2124
f 2124 2061 2059
f 2124 2059 2125
f 2063 2124 2065
f 2065 2124 2126
f 2065 2126 2067
f 2075 2073 2120
f 2120 2073 2071
f 2120 2071 2126
f 2126 2071 2069
f 2126 2069 2067
f 2049 2047 2122
f 2122 2047 2045
f 2122 2045 2123
f 2123 2045 2043
f 2123 2043 2041
f 2059 2057 2125
f 2125 2057 2055
f 2125 2055 2121
f 2121 2055 2053
f 2121 2053 2051
f 1532 1492 2127
f 1532 2127 2115
f 2115 2127 2128
f 2115 2128 2116
f 2116 2128 2129
f 2116 2129 2117
f 2117 2129 2130
f 2117 2130 2118
f 2118 2130 2131
f 2118 2131 2123
f 2123 2131 2132
f 2123 2132 2122
f 2122 2132 2133
f 2122 2133 2121
f 2121 2133 2134
f 2121 2134 2125
f 2125 2134 2135
f 2125 2135 2124
f 2124 2135 2136
f 2124 2136 2126
f 2126 2136 2137
f 2126 2137 2120
f 2120 2137 2138
f 2120 2138 2119
f 2119 2138 1517
f 2119 1517 1519
f 1518 1517 2138
f 1518 2138 2139
f 2139 2138 2137
f 2139 2137 2140
f 2140 2137 2136
f 2140 2136 2141
f 2141 2136 2135
f 2141 2135 2142
f 2142 2135 2134
f 2142 2134 2143
f 2143 2134 2133
f 2143 2133 2144
f 2144 2133 2132
f 2144 2132 2145
f 2145 2132 2131
f 2145 2131 2146
f 2146 2131 2130
f 2146 2130 2147
f 2147 2130 2129
f 2147 2129 2148
f 2148 2129 2128
f 2148 2128 2149
f 2149 2128 2127
f 2149 2127 2150
f 2150 2127 1492
f 2150 1492 1491
f 2151 1504 2152
f 2152 1504 1506
f 2152 1506 2153
f 2153 1506 1508
f 2153 1508 2154
f 2154 1508 1510
f 2154 1510 2155
f 2156 1496 2157
f 2157 1496 1498
f 2157 1498 2158
f 2158 1498 1500
f 2158 1500 2151
f 2151 1500 1502
f 2151 1502 1504
f 1482 2149 1480
f 1480 2149 2150
f 1480 2150 1481
f 1481 2150 1491
f 1481 1491 2156
f 2156 1491 1494
f 2156 1494 1496
f 1485 2145 1484
f 1484 2145 2146
f 1484 2146 1483
f 1483 2146 2147
f 1483 2147 1482
f 1482 2147 2148
f 1482 2148 2149
f 1510 1512 2155
f 2155 1512 1514
f 2155 1514 2159
f 2159 1514 1516
f 2159 1516 1489
f 1489 1516 1518
f 1489 1518 1490
f 1518 2139 1490
f 1490 2139 2140
f 1490 2140 1488
f 1488 2140 2141
f 1488 2141 1487
f 1487 2141 2142
f 1487 2142 1486
f 1486 2142 2143
f 1486 2143 1485
f 1485 2143 2144
f 1485 2144 2145
f 2159 1489 1461
f 1461 2160 2159
f 2159 2160 2161
f 2159 2161 2155
f 2161 2162 2155
f 2155 2162 2163
f 2155 2163 2154
f 2163 2164 2154
f 2154 2164 2165
f 2154 2165 2153
f 2165 2166 2153
f 2153 2166 2167
f 2153 2167 2152
f 2167 2168 2152
f 2152 2168 2169
f 2152 2169 2151
f 2169 2170 2151
f 2151 2170 2171
f 2151 2171 2158
f 2171 2172 2158
f 2158 2172 2173
f 2158 2173 2157
f 1479 1481 2174
f 2174 1481 2156
f 2174 2156 2175
f 2175 2156 2157
f 2175 2157 2176
f 2176 2157 2173
f 1455 1479 2177
f 2177 1479 2174
f 2177 2174 2178
f 2178 2174 2175
f 2178 2175 2179
f 2179 2175 2176
f 2179 2176 2180
f 2180 2176 2173
f 2180 2173 2181
f 2181 2173 2172
f 2181 2172 2182
f 2182 2172 2171
f 2182 2171 2183
f 2183 2171 2170
f 2183 2170 2184
f 2184 2170 2169
f 2184 2169 2185
f 2185 2169 2168
f 2185 2168 2186
f 2186 2168 2167
f 2186 2167 2187
f 2187 2167 2166
f 2187 2166 2188
f 2188 2166 2165
f 2188 2165 2189
f 2189 2165 2164
f 2189 2164 2190
f 2190 2164 2163
f 2190 2163 2191
f 2191 2163 2162
f 2191 2162 2192
f 2192 2162 2161
f 2192 2161 2193
f 2193 2161 2160
f 2193 2160 1433
f 1433 2160 1461
f 2194 1456 1455
f 1455 2177 2194
f 2194 2177 2178
f 2194 2178 2195
f 2178 2179 2195
f 2195 2179 2180
f 2195 2180 2196
f 2180 2181 2196
f 2196 2181 2182
f 2196 2182 2197
f 2182 2183 2197
f 2197 2183 2184
f 2197 2184 2198
f 2184 2185 2198
f 2198 2185 2186
f 2198 2186 2199
f 2186 2187 2199
f 2199 2187 2188
f 2199 2188 2200
f 2188 2189 2200
f 2200 2189 2190
f 2200 2190 2201
f 1433 1432 2193
f 2193 1432 2202
f 2193 2202 2192
f 2192 2202 2201
f 2192 2201 2191
f 2191 2201 2190
f 1458 2203 1454
f 1454 2203 2204
f 1454 2204 1451
f 1451 2204 2205
f 1451 2205 1448
f 1448 2205 2206
f 1448 2206 1445
f 1436 2207 1431
f 1431 2207 2208
f 1431 2208 1432
f 1432 2208 1403
f 1432 1403 2202
f 2206 2209 1445
f 1445 2209 2210
f 1445 2210 1442
f 1442 2210 2211
f 1442 2211 1439
f 1439 2211 2212
f 1439 2212 1436
f 1436 2212 2213
f 1436 2213 2207
f 2199 1416 2198
f 2198 1416 1418
f 2198 1418 2197
f 2197 1418 1420
f 2197 1420 2196
f 2196 1420 1422
f 2196 1422 2195
f 1422 1424 2195
f 2195 1424 1426
f 2195 1426 2194
f 2194 1426 1428
f 2194 1428 1456
f 1456 1428 1430
f 1456 1430 1458
f 1458 1430 2214
f 1458 2214 2203
f 1403 1406 2202
f 2202 1406 1408
f 2202 1408 2201
f 2201 1408 1410
f 2201 1410 2200
f 2200 1410 1412
f 2200 1412 2199
f 2199 1412 1414
f 2199 1414 1416
f 1430 1429 1828
f 1430 1828 2214
f 2214 1828 1830
f 2214 1830 2203
f 2203 1830 1832
f 2203 1832 2204
f 2204 1832 1834
f 2204 1834 2205
f 2205 1834 1836
f 2205 1836 2206
f 2206 1836 1838
f 2206 1838 2209
f 2209 1838 1840
f 2209 1840 2210
f 2210 1840 1842
f 2210 1842 2211
f 2211 1842 1844
f 2211 1844 2212
f 2212 1844 1846
f 2212 1846 2213
f 2213 1846 1848
f 2213 1848 2207
f 2207 1848 1850
f 2207 1850 2208
f 2208 1850 1404
f 2208 1404 1403
f 2215 2216 2217
f 2215 2217 2218
f 2218 2217 2219
f 2218 2219 2220
f 2220 2219 2221
f 2220 2221 2222
f 2222 2221 2223
f 2222 2223 2224
f 2224 2223 2225
f 2224 2225 2226
f 2226 2225 2227
f 2226 2227 2228
f 2228 2227 2229
f 2228 2229 2230
f 2230 2229 2231
f 2230 2231 2232
f 2232 2231 2233
f 2232 2233 2234
f 2234 2233 2235
f 2234 2235 2236
f 2236 2235 2237
f 2236 2237 2238
f 2238 2237 2239
f 2238 2239 2240
f 2240 2239 2241
f 2240 2241 2242
f 2242 2241 2243
f 2242 2243 2244
f 2244 2243 2245
f 2244 2245 2246
f 2246 2245 2247
f 2246 2247 2248
f 2248 2247 2249
f 2248 2249 2250
f 2250 2249 2251
f 2250 2251 2252
f 2252 2251 2253
f 2252 2253 2254
f 2255 2256 2257
f 2255 2257 2258
f 2258 2257 2259
f 2258 2259 2260
f 2260 2259 2261
f 2260 2261 2262
f 2262 2261 2263
f 2262 2263 2264
f 2264 2263 2265
f 2264 2265 2266
f 2266 2265 2267
f 2266 2267 2268
f 2268 2267 2269
f 2268 2269 2270
f 2270 2269 2271
f 2270 2271 2272
f 2272 2271 2273
f 2272 2273 2274
f 2274 2273 2275
f 2274 2275 2276
f 2276 2275 2277
f 2276 2277 2278
f 2278 2277 2279
f 2278 2279 2280
f 2280 2279 2281
f 2280 2281 2282
f 2282 2281 2283
f 2282 2283 2284
f 2284 2283 2285
f 2284 2285 2286
f 2286 2285 2287
f 2286 2287 2288
f 2288 2287 2289
f 2288 2289 2290
f 2290 2289 2291
f 2290 2291 2292
f 2292 2291 2293
f 2292 2293 2294
f 2294 2293 2295
f 2294 2295 2296
f 2296 2295 2297
f 2296 2297 2298
f 2298 2297 2299
f 2298 2299 2300
f 2300 2299 2301
f 2300 2301 2302
f 2302 2301 2303
f 2302 2303 2304
f 2304 2303 2305
f 2304 2305 2306
f 2306 2305 2307
f 2306 2307 2308
f 2308 2307 2309
f 2308 2309 2310
f 2311 2312 2313
f 2311 2313 2314
f 2314 2313 2315
f 2314 2315 2316
f 2316 2315 2317
f 2316 2317 2318
f 2318 2317 2319
f 2318 2319 2320
f 2320 2319 2321
f 2320 2321 2322
f 2322 2321 2323
f 2322 2323 2324
f 2324 2323 2325
f 2324 2325 2326
f 2326 2325 2327
f 2326 2327 2328
f 2328 2327 2329
f 2328 2329 2330
f 2330 2329 2331
f 2330 2331 2332
f 2332 2331 2333
f 2332 2333 2334
f 2334 2333 2335
f 2334 2335 2336
f 2336 2335 2337
f 2336 2337 2338
f 2338 2337 2339
f 2338 2339 2340
f 2340 2339 2341
f 2340 2341 2342
f 2342 2341 2343
f 2342 2343 2344
f 2344 2343 2345
f 2344 2345 2346
f 2346 2345 2347
f 2346 2347 2348
f 2348 2347 2349
f 2348 2349 2350
f 2350 2349 2351
f 2350 2351 2352
f 2352 2351 2353
f 2352 2353 2354
f 2354 2353 2355
f 2354 2355 2356
f 2356 2355 2357
f 2356 2357 2358
f 2358 2357 2359
f 2358 2359 2360
f 2360 2359 2361
f 2360 2361 2362
f 2362 2361 2363
f 2362 2363 2364
f 2364 2363 2365
f 2364 2365 2366
f 2367 2368 2369
f 2367 2369 2370
f 2370 2369 2371
f 2370 2371 2372
f 2372 2371 2373
f 2372 2373 2374
f 2374 2373 2375
f 2374 2375 2376
f 2376 2375 2377
f 2376 2377 2378
f 2378 2377 2379
f 2378 2379 2380
f 2380 2379 2381
f 2380 2381 2382
f 2382 2381 2383
f 2382 2383 2384
f 2384 2383 2385
f 2384 2385 2386
f 2386 2385 2387
f 2386 2387 2388
f 2388 2387 2389
f 2388 2389 2390
f 2390 2389 2391
f 2390 2391 2392
f 2392 2391 2393
f 2392 2393 2394
f 2394 2393 2395
f 2394 2395 2396
f 2396 2395 2397
f 2396 2397 2398
f 2398 2397 2399
f 2398 2399 2400
f 2400 2399 2401
f 2400 2401 2402
f 2402 2401 2403
f 2402 2403 2404
f 2404 2403 2405
f 2404 2405 2406
f 2407 2408 2409
f 2407 2409 2410
f 2410 2409 2411
f 2410 2411 2412
f 2412 2411 2413
f 2412 2413 2414
f 2414 2413 2415
f 2414 2415 2416
f 2416 2415 2417
f 2416 2417 2418
f 2418 2417 2419
f 2418 2419 2420
f 2420 2419 2421
f 2420 2421 2422
f 2422 2421 2423
f 2422 2423 2424
f 2424 2423 2425
f 2424 2425 2426
f 2426 2425 2427
f 2426 2427 2428
f 2428 2427 2429
f 2428 2429 2430
f 2430 2429 2431
f 2430 2431 2432
f 2432 2431 2433
f 2432 2433 2434
f 2434 2433 2435
f 2434 2435 2436
f 2436 2435 2437
f 2436 2437 2438
f 2438 2437 2439
f 2438 2439 2440
f 2440 2439 2441
f 2440 2441 2442
f 2442 2441 2443
f 2442 2443 2444
f 2444 2443 2445
f 2444 2445 2446
f 2447 2448 2449
f 2447 2449 2450
f 2450 2449 2451
f 2450 2451 2452
f 2452 2451 2453
f 2452 2453 2454
f 2454 2453 2455
f 2454 2455 2456
f 2456 2455 2457
f 2456 2457 2458
f 2458 2457 2459
f 2458 2459 2460
f 2460 2459 2461
f 2460 2461 2462
f 2462 2461 2463
f 2462 2463 2464
f 2464 2463 2465
f 2464 2465 2466
f 2466 2465 2467
f 2466 2467 2468
f 2468 2467 2469
f 2468 2469 2470
f 2470 2469 2471
f 2470 2471 2472
f 2472 2471 2473
f 2472 2473 2474
f 2474 2473 2475
f 2474 2475 2476
f 2476 2475 2477
f 2476 2477 2478
f 2478 2477 2479
f 2478 2479 2480
f 2480 2479 2481
f 2480 2481 2482
f 2482 2481 2483
f 2482 2483 2484
f 2484 2483 2485
f 2484 2485 2486
f 2486 2485 2487
f 2486 2487 2488
f 2488 2487 2489
f 2488 2489 2490
f 2490 2489 2491
f 2490 2491 2492
f 2492 2491 2493
f 2492 2493 2494
f 2494 2493 2495
f 2494 2495 2496
f 2496 2495 2497
f 2496 2497 2498
f 2498 2497 2499
f 2498 2499 2500
f 2500 2499 2501
f 2500 2501 2502
f 2503 2504 2505
f 2503 2505 2506
f 2506 2505 2507
f 2506 2507 2508
f 2508 2507 2509
f 2508 2509 2510
f 2510 2509 2511
f 2510 2511 2512
f 2512 2511 2513
f 2512 2513 2514
f 2514 2513 2515
f 2514 2515 2516
f 2516 2515 2517
f 2516 2517 2518
f 2518 2517 2519
f 2518 2519 2520
f 2520 2519 2521
f 2520 2521 2522
f 2522 2521 2523
f 2522 2523 2524
f 2524 2523 2525
f 2524 2525 2526
f 2526 2525 2527
f 2526 2527 2528
f 2528 2527 2529
f 2528 2529 2530
f 2530 2529 2531
f 2530 2531 2532
f 2532 2531 2533
f 2532 2533 2534
f 2534 2533 2535
f 2534 2535 2536
f 2536 2535 2537
f 2536 2537 2538
f 2538 2537 2539
f 2538 2539 2540
f 2540 2539 2541
f 2540 2541 2542
f 2543 2544 2545
f 2544 2546 2547
f 2546 2548 2549
f 2546 2549 2547
f 2547 2549 2550
f 2547 2550 2551
f 2551 2550 2552
f 2551 2552 2553
f 2553 2552 2554
f 2553 2554 2555
f 2555 2554 2556
f 2555 2556 2557
f 2557 2556 2558
f 2557 2558 2559
f 2559 2558 2560
f 2559 2560 2561
f 2561 2560 2562
f 2561 2562 2563
f 2563 2562 2564
f 2563 2564 2565
f 2565 2564 2566
f 2565 2566 2567
f 2567 2566 2568
f 2567 2568 2569
f 2569 2568 2570
f 2569 2570 2571
f 2571 2570 2572
f 2571 2572 2573
f 2573 2572 2574
f 2573 2574 2575
f 2575 2574 2576
f 2575 2576 2577
f 2577 2576 2578
f 2577 2578 2579
f 2579 2578 2580
f 2579 2580 2581
f 2581 2580 2582
f 2581 2582 2583
f 2583 2582 2584
f 2583 2584 2585
f 2585 2584 2586
f 2585 2586 2587
f 2587 2586 2588
f 2587 2588 2589
f 2589 2588 2590
f 2589 2590 2591
f 2591 2590 2592
f 2591 2592 2593
f 2593 2592 2594
f 2593 2594 2595
f 2595 2594 2596
f 2595 2596 2597
f 2544 2547 2545
f 2545 2547 2551
f 2545 2551 2598
f 2598 2551 2553
f 2598 2553 2599
f 2599 2553 2555
f 2599 2555 2600
f 2600 2555 2557
f 2600 2557 2601
f 2601 2557 2559
f 2601 2559 2602
f 2602 2559 2561
f 2602 2561 2603
f 2603 2561 2563
f 2603 2563 2604
f 2604 2563 2565
f 2604 2565 2605
f 2605 2565 2567
f 2605 2567 2606
f 2606 2567 2569
f 2606 2569 2607
f 2607 2569 2571
f 2607 2571 2608
f 2608 2571 2573
f 2608 2573 2609
f 2609 2573 2575
f 2609 2575 2610
f 2610 2575 2577
f 2610 2577 2611
f 2611 2577 2579
f 2611 2579 2612
f 2612 2579 2581
f 2612 2581 2613
f 2613 2581 2583
f 2613 2583 2614
f 2614 2583 2585
f 2614 2585 2615
f 2615 2585 2587
f 2615 2587 2616
f 2616 2587 2589
f 2616 2589 2617
f 2617 2589 2591
f 2617 2591 2618
f 2618 2591 2593
f 2618 2593 2619
f 2619 2593 2595
f 2619 2595 2620
f 2620 2595 2597
f 2620 2597 2621
f 2543 2545 2622
f 2622 2545 2598
f 2622 2598 2623
f 2623 2598 2599
f 2623 2599 2624
f 2624 2599 2600
f 2624 2600 2625
f 2625 2600 2601
f 2625 2601 2626
f 2626 2601 2602
f 2626 2602 2627
f 2627 2602 2603
f 2627 2603 2628
f 2628 2603 2604
f 2628 2604 2629
f 2629 2604 2605
f 2629 2605 2630
f 2630 2605 2606
f 2630 2606 2631
f 2631 2606 2607
f 2631 2607 2632
f 2632 2607 2608
f 2632 2608 2633
f 2633 2608 2609
f 2633 2609 2634
f 2634 2609 2610
f 2634 2610 2635
f 2635 2610 2611
f 2635 2611 2636
f 2636 2611 2612
f 2636 2612 2637
f 2637 2612 2613
f 2637 2613 2638
f 2638 2613 2614
f 2638 2614 2639
f 2639 2614 2615
f 2639 2615 2640
f 2640 2615 2616
f 2640 2616 2641
f 2641 2616 2617
f 2641 2617 2642
f 2642 2617 2618
f 2642 2618 2643
f 2643 2618 2619
f 2643 2619 2644
f 2644 2619 2620
f 2644 2620 2645
f 2645 2620 2621
f 2645 2621 2646
f 2647 2648 2649
f 2648 2650 2651
f 2650 2652 2653
f 2650 2653 2651
f 2651 2653 2654
f 2651 2654 2655
f 2655 2654 2656
f 2655 2656 2657
f 2657 2656 2658
f 2657 2658 2659
f 2659 2658 2660
f 2659 2660 2661
f 2661 2660 2662
f 2661 2662 2663
f 2663 2662 2664
f 2663 2664 2665
f 2665 2664 2666
f 2665 2666 2667
f 2667 2666 2668
f 2667 2668 2669
f 2669 2668 2670
f 2669 2670 2671
f 2671 2670 2672
f 2671 2672 2673
f 2673 2672 2674
f 2673 2674 2675
f 2675 2674 2676
f 2675 2676 2677
f 2677 2676 2678
f 2677 2678 2679
f 2679 2678 2680
f 2679 2680 2681
f 2681 2680 2682
f 2681 2682 2683
f 2683 2682 2684
f 2683 2684 2685
f 2685 2684 2686
f 2685 2686 2687
f 2687 2686 2688
f 2687 2688 2689
f 2689 2688 2690
f 2689 2690 2691
f 2691 2690 2692
f 2691 2692 2693
f 2693 2692 2694
f 2693 2694 2695
f 2695 2694 2696
f 2695 2696 2697
f 2697 2696 2698
f 2697 2698 2699
f 2699 2698 2700
f 2699 2700 2701
f 2648 2651 2649
f 2649 2651 2655
f 2649 2655 2702
f 2702 2655 2657
f 2702 2657 2703
f 2703 2657 2659
f 2703 2659 2704
f 2704 2659 2661
f 2704 2661 2705
f 2705 2661 2663
f 2705 2663 2706
f 2706 2663 2665
f 2706 2665 2707
f 2707 2665 2667
f 2707 2667 2708
f 2708 2667 2669
f 2708 2669 2709
f 2709 2669 2671
f 2709 2671 2710
f 2710 2671 2673
f 2710 2673 2711
f 2711 2673 2675
f 2711 2675 2712
f 2712 2675 2677
f 2712 2677 2713
f 2713 2677 2679
f 2713 2679 2714
f 2714 2679 2681
f 2714 2681 2715
f 2715 2681 2683
f 2715 2683 2716
f 2716 2683 2685
f 2716 2685 2717
f 2717 2685 2687
f 2717 2687 2718
f 2718 2687 2689
f 2718 2689 2719
f 2719 2689 2691
f 2719 2691 2720
f 2720 2691 2693
f 2720 2693 2721
f 2721 2693 2695
f 2721 2695 2722
f 2722 2695 2697
f 2722 2697 2723
f 2723 2697 2699
f 2723 2699 2724
f 2724 2699 2701
f 2724 2701 2725
f 2647 2649 2726
f 2726 2649 2702
f 2726 2702 2727
f 2727 2702 2703
f 2727 2703 2728
f 2728 2703 2704
f 2728 2704 2729
f 2729 2704 2705
f 2729 2705 2730
f 2730 2705 2706
f 2730 2706 2731
f 2731 2706 2707
f 2731 2707 2732
f 2732 2707 2708
f 2732 2708 2733
f 2733 2708 2709
f 2733 2709 2734
f 2734 2709 2710
f 2734 2710 2735
f 2735 2710 2711
f 2735 2711 2736
f 2736 2711 2712
f 2736 2712 2737
f 2737 2712 2713
f 2737 2713 2738
f 2738 2713 2714
f 2738 2714 2739
f 2739 2714 2715
f 2739 2715 2740
f 2740 2715 2716
f 2740 2716 2741
f 2741 2716 2717
f 2741 2717 2742
f 2742 2717 2718
f 2742 2718 2743
f 2743 2718 2719
f 2743 2719 2744
f 2744 2719 2720
f 2744 2720 2745
f 2745 2720 2721
f 2745 2721 2746
f 2746 2721 2722
f 2746 2722 2747
f 2747 2722 2723
f 2747 2723 2748
f 2748 2723 2724
f 2748 2724 2749
f 2749 2724 2725
f 2749 2725 2750
f 2751 2752 2753
f 2752 2754 2755
f 2754 2756 2757
f 2754 2757 2755
f 2755 2757 2758
f 2755 2758 2759
f 2759 2758 2760
f 2759 2760 2761
f 2761 2760 2762
f 2761 2762 2763
f 2763 2762 2764
f 2763 2764 2765
f 2765 2764 2766
f 2765 2766 2767
f 2767 2766 2768
f 2767 2768 2769
f 2769 2768 2770
f 2769 2770 2771
f 2771 2770 2772
f 2771 2772 2773
f 2773 2772 2774
f 2773 2774 2775
f 2775 2774 2776
f 2775 2776 2777
f 2777 2776 2778
f 2777 2778 2779
f 2779 2778 2780
f 2779 2780 2781
f 2781 2780 2782
f 2781 2782 2783
f 2783 2782 2784
f 2783 2784 2785
f 2785 2784 2786
f 2785 2786 2787
f 2787 2786 2788
f 2787 2788 2789
f 2789 2788 2790
f 2789 2790 2791
f 2791 2790 2792
f 2791 2792 2793
f 2793 2792 2794
f 2793 2794 2795
f 2795 2794 2796
f 2795 2796 2797
f 2797 2796 2798
f 2797 2798 2799
f 2799 2798 2800
f 2799 2800 2801
f 2801 2800 2802
f 2801 2802 2803
f 2803 2802 2804
f 2803 2804 2805
f 2805 2804 2806
f 2805 2806 2807
f 2807 2806 2808
f 2807 2808 2809
f 2809 2808 2810
f 2809 2810 2811
f 2811 2810 2812
f 2811 2812 2813
f 2813 2812 2814
f 2813 2814 2815
f 2815 2814 2816
f 2815 2816 2817
f 2817 2816 2818
f 2817 2818 2819
f 2819 2818 2820
f 2819 2820 2821
f 2821 2820 2822
f 2821 2822 2823
f 2752 2755 2753
f 2753 2755 2759
f 2753 2759 2824
f 2824 2759 2761
f 2824 2761 2825
f 2825 2761 2763
f 2825 2763 2826
f 2826 2763 2765
f 2826 2765 2827
f 2827 2765 2767
f 2827 2767 2828
f 2828 2767 2769
f 2828 2769 2829
f 2829 2769 2771
f 2829 2771 2830
f 2830 2771 2773
f 2830 2773 2831
f 2831 2773 2775
f 2831 2775 2832
f 2832 2775 2777
f 2832 2777 2833
f 2833 2777 2779
f 2833 2779 2834
f 2834 2779 2781
f 2834 2781 2835
f 2835 2781 2783
f 2835 2783 2836
f 2836 2783 2785
f 2836 2785 2837
f 2837 2785 2787
f 2837 2787 2838
f 2838 2787 2789
f 2838 2789 2839
f 2839 2789 2791
f 2839 2791 2840
f 2840 2791 2793
f 2840 2793 2841
f 2841 2793 2795
f 2841 2795 2842
f 2842 2795 2797
f 2842 2797 2843
f 2843 2797 2799
f 2843 2799 2844
f 2844 2799 2801
f 2844 2801 2845
f 2845 2801 2803
f 2845 2803 2846
f 2846 2803 2805
f 2846 2805 2847
f 2847 2805 2807
f 2847 2807 2848
f 2848 2807 2809
f 2848 2809 2849
f 2849 2809 2811
f 2849 2811 2850
f 2850 2811 2813
f 2850 2813 2851
f 2851 2813 2815
f 2851 2815 2852
f 2852 2815 2817
f 2852 2817 2853
f 2853 2817 2819
f 2853 2819 2854
f 2854 2819 2821
f 2854 2821 2855
f 2855 2821 2823
f 2855 2823 2856
f 2751 2753 2857
f 2857 2753 2824
f 2857 2824 2858
f 2858 2824 2825
f 2858 2825 2859
f 2859 2825 2826
f 2859 2826 2860
f 2860 2826 2827
f 2860 2827 2861
f 2861 2827 2828
f 2861 2828 2862
f 2862 2828 2829
f 2862 2829 2863
f 2863 2829 2830
f 2863 2830 2864
f 2864 2830 2831
f 2864 2831 2865
f 2865 2831 2832
f 2865 2832 2866
f 2866 2832 2833
f 2866 2833 2867
f 2867 2833 2834
f 2867 2834 2868
f 2868 2834 2835
f 2868 2835 2869
f 2869 2835 2836
f 2869 2836 2870
f 2870 2836 2837
f 2870 2837 2871
f 2871 2837 2838
f 2871 2838 2872
f 2872 2838 2839
f 2872 2839 2873
f 2873 2839 2840
f 2873 2840 2874
f 2874 2840 2841
f 2874 2841 2875
f 2875 2841 2842
f 2875 2842 2876
f 2876 2842 2843
f 2876 2843 2877
f 2877 2843 2844
f 2877 2844 2878
f 2878 2844 2845
f 2878 2845 2879
f 2879 2845 2846
f 2879 2846 2880
f 2880 2846 2847
f 2880 2847 2881
f 2881 2847 2848
f 2881 2848 2882
f 2882 2848 2849
f 2882 2849 2883
f 2883 2849 2850
f 2883 2850 2884
f 2884 2850 2851
f 2884 2851 2885
f 2885 2851 2852
f 2885 2852 2886
f 2886 2852 2853
f 2886 2853 2887
f 2887 2853 2854
f 2887 2854 2888
f 2888 2854 2855
f 2888 2855 2889
f 2889 2855 2856
f 2889 2856 2890
f 2891 2892 2893
f 2892 2894 2895
f 2894 2896 2897
f 2896 2898 2899
f 2896 2899 2897
f 2897 2899 2900
f 2897 2900 2901
f 2900 2902 2901
f 2901 2902 2903
f 2901 2903 2904
f 2903 2905 2904
f 2904 2905 2906
f 2904 2906 2907
f 2907 2906 2908
f 2907 2908 2909
f 2908 2910 2909
f 2909 2910 2911
f 2909 2911 2912
f 2911 2913 2912
f 2912 2913 2914
f 2912 2914 2915
f 2915 2914 2916
f 2915 2916 2917
f 2917 2916 2918
f 2917 2918 2919
f 2919 2918 2920
f 2920 2921 2919
f 2919 2921 2922
f 2919 2922 2923
f 2923 2922 2924
f 2923 2924 2925
f 2925 2924 2926
f 2925 2926 2927
f 2927 2926 2928
f 2928 2929 2927
f 2927 2929 2930
f 2927 2930 2931
f 2931 2930 2932
f 2931 2932 2933
f 2933 2932 2934
f 2933 2934 2935
f 2935 2934 2936
f 2936 2937 2935
f 2935 2937 2938
f 2935 2938 2939
f 2939 2938 2940
f 2939 2940 2941
f 2941 2940 2942
f 2941 2942 2943
f 2943 2942 2944
f 2944 2945 2943
f 2943 2945 2946
f 2943 2946 2947
f 2947 2946 2948
f 2947 2948 2949
f 2949 2948 2950
f 2949 2950 2951
f 2951 2950 2952
f 2952 2953 2951
f 2951 2953 2954
f 2951 2954 2955
f 2894 2897 2895
f 2895 2897 2901
f 2895 2901 2956
f 2956 2901 2904
f 2956 2904 2957
f 2957 2904 2907
f 2957 2907 2958
f 2958 2907 2909
f 2958 2909 2959
f 2959 2909 2912
f 2959 2912 2960
f 2960 2912 2915
f 2960 2915 2961
f 2961 2915 2917
f 2961 2917 2962
f 2962 2917 2919
f 2962 2919 2963
f 2963 2919 2923
f 2963 2923 2964
f 2964 2923 2925
f 2964 2925 2965
f 2965 2925 2927
f 2965 2927 2966
f 2966 2927 2931
f 2966 2931 2967
f 2967 2931 2933
f 2967 2933 2968
f 2968 2933 2935
f 2968 2935 2969
f 2969 2935 2939
f 2969 2939 2970
f 2970 2939 2941
f 2970 2941 2971
f 2971 2941 2943
f 2971 2943 2972
f 2972 2943 2947
f 2972 2947 2973
f 2973 2947 2949
f 2973 2949 2974
f 2974 2949 2951
f 2974 2951 2975
f 2975 2951 2955
f 2975 2955 2976
f 2892 2895 2893
f 2893 2895 2956
f 2893 2956 2977
f 2977 2956 2957
f 2977 2957 2978
f 2978 2957 2958
f 2978 2958 2979
f 2979 2958 2959
f 2979 2959 2980
f 2980 2959 2960
f 2980 2960 2981
f 2981 2960 2961
f 2981 2961 2982
f 2982 2961 2962
f 2982 2962 2983
f 2983 2962 2963
f 2983 2963 2984
f 2984 2963 2964
f 2984 2964 2985
f 2985 2964 2965
f 2985 2965 2986
f 2986 2965 2966
f 2986 2966 2987
f 2987 2966 2967
f 2987 2967 2988
f 2988 2967 2968
f 2988 2968 2989
f 2989 2968 2969
f 2989 2969 2990
f 2990 2969 2970
f 2990 2970 2991
f 2991 2970 2971
f 2991 2971 2992
f 2992 2971 2972
f 2992 2972 2993
f 2993 2972 2973
f 2993 2973 2994
f 2994 2973 2974
f 2994 2974 2995
f 2995 2974 2975
f 2995 2975 2996
f 2996 2975 2976
f 2996 2976 2997
f 2891 2893 2998
f 2998 2893 2977
f 2998 2977 2999
f 2999 2977 2978
f 2999 2978 3000
f 3000 2978 2979
f 3000 2979 3001
f 3001 2979 2980
f 3001 2980 3002
f 3002 2980 2981
f 3002 2981 3003
f 3003 2981 2982
f 3003 2982 3004
f 3004 2982 2983
f 3004 2983 3005
f 3005 2983 2984
f 3005 2984 3006
f 3006 2984 2985
f 3006 2985 3007
f 3007 2985 2986
f 3007 2986 3008
f 3008 2986 2987
f 3008 2987 3009
f 3009 2987 2988
f 3009 2988 3010
f 3010 2988 2989
f 3010 2989 3011
f 3011 2989 2990
f 3011 2990 3012
f 3012 2990 2991
f 3012 2991 3013
f 3013 2991 2992
f 3013 2992 3014
f 3014 2992 2993
f 3014 2993 3015
f 3015 2993 2994
f 3015 2994 3016
f 3016 2994 2995
f 3016 2995 3017
f 3017 2995 2996
f 3017 2996 3018
f 3018 2996 2997
f 3018 2997 3019
f 2954 3020 3021
f 3021 3020 3022
f 3021 3022 3023
f 3023 3022 3024
f 3023 3024 3025
f 3025 3024 3026
f 3025 3026 3027
f 3027 3026 3028
f 3027 3028 3029
f 3029 3028 3030
f 3029 3030 3031
f 3031 3030 3032
f 3031 3032 3033
f 3033 3032 3034
f 3033 3034 3035
f 3035 3034 3036
f 3035 3036 3037
f 3037 3036 3038
f 3037 3038 3039
f 3039 3038 3040
f 3039 3040 3041
f 3041 3040 3042
f 3043 3044 3045
f 3045 3044 3046
f 3045 3046 3047
f 3047 3046 3048
f 3047 3048 3049
f 3049 3048 3050
f 3049 3050 3051
f 3051 3050 3052
f 3051 3052 3053
f 3053 3052 3054
f 3053 3054 3055
f 3055 3054 3056
f 3055 3056 3057
f 3057 3056 3058
f 3057 3058 3042
f 3042 3058 3059
f 3042 3059 3041
f 3060 3061 3062
f 3062 3061 3063
f 3062 3063 3064
f 3064 3063 3065
f 3064 3065 3066
f 3066 3065 3067
f 3066 3067 3043
f 3043 3067 3068
f 3043 3068 3044
f 3069 2898 3070
f 3070 2898 3071
f 3070 3071 3072
f 3072 3071 3073
f 3072 3073 3074
f 3074 3073 3075
f 3074 3075 3076
f 3076 3075 3077
f 3076 3077 3078
f 3078 3077 3079
f 3078 3079 3080
f 3080 3079 3081
f 3080 3081 3082
f 3082 3081 3083
f 3082 3083 3084
f 3084 3083 3085
f 3084 3085 3086
f 3086 3085 3087
f 3086 3087 3060
f 3060 3087 3088
f 3060 3088 3061
f 3089 3090 3091
f 3092 3093 3094
f 3095 3096 3097
f 3098 3099 3100
f 3101 3098 3102
f 3103 3104 3105
f 3106 3103 3107
f 3108 3109 3110
f 3111 3108 3112
f 3113 3096 3114
f 3114 3096 3095
f 3114 3095 3115
f 3116 3093 3117
f 3117 3093 3092
f 3117 3092 3118
f 3119 3090 3120
f 3120 3090 3089
f 3120 3089 3121
f 3122 3123 3124
f 3125 3097 3126
f 3126 3097 3096
f 3126 3096 3127
f 3127 3096 3113
f 3127 3113 3111
f 3128 3129 3130
f 3131 3094 3132
f 3132 3094 3093
f 3132 3093 3133
f 3133 3093 3116
f 3133 3116 3106
f 3134 3135 3136
f 3137 3091 3138
f 3138 3091 3090
f 3138 3090 3139
f 3139 3090 3119
f 3139 3119 3101
f 3140 3123 3141
f 3141 3123 3122
f 3141 3122 3142
f 3143 3144 3124
f 3124 3144 3145
f 3124 3145 3122
f 3122 3145 3146
f 3122 3146 3142
f 3142 3146 3147
f 3142 3147 3032
f 3032 3147 3034
f 3148 3129 3149
f 3149 3129 3128
f 3149 3128 3150
f 3109 3151 3130
f 3130 3151 3152
f 3130 3152 3128
f 3128 3152 3153
f 3128 3153 3150
f 3150 3153 3154
f 3150 3154 3047
f 3047 3154 3045
f 3155 3135 3156
f 3156 3135 3134
f 3156 3134 3157
f 3104 3158 3136
f 3136 3158 3159
f 3136 3159 3134
f 3134 3159 3160
f 3134 3160 3157
f 3157 3160 3161
f 3157 3161 3078
f 3078 3161 3076
f 3143 3124 3162
f 3162 3124 3123
f 3162 3123 3163
f 3163 3123 3140
f 3163 3140 3164
f 3164 3140 3022
f 3164 3022 3020
f 3032 3030 3142
f 3142 3030 3028
f 3142 3028 3141
f 3141 3028 3026
f 3141 3026 3140
f 3140 3026 3024
f 3140 3024 3022
f 3036 3034 3125
f 3125 3034 3147
f 3125 3147 3097
f 3097 3147 3146
f 3097 3146 3095
f 3095 3146 3145
f 3095 3145 3115
f 3115 3145 3144
f 3165 3040 3038
f 3111 3112 3127
f 3127 3112 3166
f 3127 3166 3126
f 3126 3166 3165
f 3126 3165 3125
f 3125 3165 3038
f 3125 3038 3036
f 3108 3110 3112
f 3112 3110 3167
f 3112 3167 3166
f 3166 3167 3168
f 3166 3168 3165
f 3165 3168 3042
f 3165 3042 3040
f 3109 3130 3110
f 3110 3130 3129
f 3110 3129 3167
f 3167 3129 3148
f 3167 3148 3168
f 3168 3148 3057
f 3168 3057 3042
f 3047 3049 3150
f 3150 3049 3051
f 3150 3051 3149
f 3149 3051 3053
f 3149 3053 3148
f 3148 3053 3055
f 3148 3055 3057
f 3043 3045 3131
f 3131 3045 3154
f 3131 3154 3094
f 3094 3154 3153
f 3094 3153 3092
f 3092 3153 3152
f 3092 3152 3118
f 3118 3152 3151
f 3169 3064 3066
f 3106 3107 3133
f 3133 3107 3170
f 3133 3170 3132
f 3132 3170 3169
f 3132 3169 3131
f 3131 3169 3066
f 3131 3066 3043
f 3103 3105 3107
f 3107 3105 3171
f 3107 3171 3170
f 3170 3171 3172
f 3170 3172 3169
f 3169 3172 3062
f 3169 3062 3064
f 3104 3136 3105
f 3105 3136 3135
f 3105 3135 3171
f 3171 3135 3155
f 3171 3155 3172
f 3172 3155 3060
f 3172 3060 3062
f 3078 3080 3157
f 3157 3080 3082
f 3157 3082 3156
f 3156 3082 3084
f 3156 3084 3155
f 3155 3084 3086
f 3155 3086 3060
f 3074 3076 3137
f 3137 3076 3161
f 3137 3161 3091
f 3091 3161 3160
f 3091 3160 3089
f 3089 3160 3159
f 3089 3159 3121
f 3121 3159 3158
f 3173 3070 3072
f 3101 3102 3139
f 3139 3102 3174
f 3139 3174 3138
f 3138 3174 3173
f 3138 3173 3137
f 3137 3173 3072
f 3137 3072 3074
f 3098 3100 3102
f 3102 3100 3175
f 3102 3175 3174
f 3174 3175 3176
f 3174 3176 3173
f 3173 3176 3069
f 3173 3069 3070
f 3177 3178 3179
f 3179 3178 3180
f 3179 3180 3181
f 3180 3182 3181
f 3181 3182 3183
f 3181 3183 3184
f 3183 3185 3184
f 3184 3185 3186
f 3184 3186 3187
f 3187 3186 3188
f 3187 3188 3189
f 3188 3190 3189
f 3189 3190 3191
f 3189 3191 3192
f 3191 3193 3192
f 3192 3193 3194
f 3192 3194 3195
f 3194 3196 3195
f 3195 3196 3197
f 3195 3197 3198
f 3198 3197 3199
f 3198 3199 3200
f 3199 3201 3200
f 3200 3201 3202
f 3200 3202 3203
f 3202 3204 3203
f 3203 3204 3205
f 3203 3205 3206
f 3206 3205 3207
f 3206 3207 3208
f 3207 3209 3208
f 3208 3209 3210
f 3208 3210 3211
f 3210 3212 3211
f 3211 3212 3213
f 3211 3213 3214
f 3214 3213 3215
f 3214 3215 3216
f 3217 3218 3219
f 3219 3218 3220
f 3219 3220 3221
f 3221 3220 3216
f 3221 3216 3222
f 3222 3216 3215
f 3218 3223 3220
f 3220 3223 3224
f 3220 3224 3216
f 3216 3224 3225
f 3216 3225 3214
f 3214 3225 3226
f 3214 3226 3211
f 3211 3226 3227
f 3211 3227 3208
f 3208 3227 3228
f 3208 3228 3206
f 3206 3228 3229
f 3206 3229 3203
f 3203 3229 3230
f 3203 3230 3200
f 3200 3230 3231
f 3200 3231 3198
f 3198 3231 3232
f 3198 3232 3195
f 3195 3232 3233
f 3195 3233 3192
f 3192 3233 3234
f 3192 3234 3189
f 3189 3234 3235
f 3189 3235 3187
f 3187 3235 3236
f 3187 3236 3184
f 3184 3236 3237
f 3184 3237 3181
f 3181 3237 3238
f 3181 3238 3179
f 3179 3238 3239
f 3179 3239 3177
f 3177 3239 3240
f 3223 3241 3224
f 3224 3241 3242
f 3224 3242 3225
f 3225 3242 3243
f 3225 3243 3226
f 3226 3243 3244
f 3226 3244 3227
f 3227 3244 3245
f 3227 3245 3228
f 3228 3245 3246
f 3228 3246 3229
f 3229 3246 3247
f 3229 3247 3230
f 3230 3247 3248
f 3230 3248 3231
f 3231 3248 3249
f 3231 3249 3232
f 3232 3249 3250
f 3232 3250 3233
f 3233 3250 3251
f 3233 3251 3234
f 3234 3251 3252
f 3234 3252 3235
f 3235 3252 3253
f 3235 3253 3236
f 3236 3253 3254
f 3236 3254 3237
f 3237 3254 3255
f 3237 3255 3238
f 3238 3255 3256
f 3238 3256 3239
f 3239 3256 3257
f 3239 3257 3240
f 3240 3257 3258
f 3241 3259 3242
f 3242 3259 3260
f 3242 3260 3243
f 3243 3260 3261
f 3243 3261 3244
f 3244 3261 3262
f 3244 3262 3245
f 3245 3262 3263
f 3245 3263 3246
f 3246 3263 3264
f 3246 3264 3247
f 3247 3264 3265
f 3247 3265 3248
f 3248 3265 3266
f 3248 3266 3249
f 3249 3266 3267
f 3249 3267 3250
f 3250 3267 3268
f 3250 3268 3251
f 3251 3268 3269
f 3251 3269 3252
f 3252 3269 3270
f 3252 3270 3253
f 3253 3270 3271
f 3253 3271 3254
f 3254 3271 3272
f 3254 3272 3255
f 3255 3272 3273
f 3255 3273 3256
f 3256 3273 3274
f 3256 3274 3257
f 3257 3274 3275
f 3257 3275 3258
f 3258 3275 3276
f 3277 3178 3278
f 3278 3178 3279
f 3278 3279 3280
f 3280 3279 3281
f 3280 3281 3282
f 3281 3283 3282
f 3282 3283 3284
f 3282 3284 3285
f 3285 3284 3286
f 3285 3286 3287
f 3287 3286 3288
f 3287 3288 3289
f 3289 3288 3290
f 3289 3290 3291
f 3290 3292 3291
f 3291 3292 3293
f 3291 3293 3294
f 3294 3293 3295
f 3294 3295 3296
f 3296 3295 3297
f 3296 3297 3298
f 3298 3297 3299
f 3298 3299 3300
f 3299 3301 3300
f 3300 3301 3302
f 3300 3302 3303
f 3303 3302 3304
f 3303 3304 3305
f 3305 3304 3306
f 3305 3306 3307
f 3306 3308 3307
f 3307 3308 3309
f 3307 3309 3310
f 3310 3309 3311
f 3310 3311 3312
f 3312 3311 3313
f 3312 3313 3314
f 3314 3313 3315
f 3314 3315 3316
f 3315 3317 3316
f 3316 3317 3318
f 3316 3318 3319
f 3319 3318 3320
f 3319 3320 3321
f 3321 3320 3322
f 3321 3322 3323
f 3323 3322 3324
f 3323 3324 3325
f 3325 3324 3217
f 3325 3326 3327
f 3326 3328 3329
f 3328 3330 3331
f 3328 3331 3329
f 3329 3331 3332
f 3329 3332 3333
f 3333 3332 3334
f 3333 3334 3335
f 3335 3334 3336
f 3335 3336 3337
f 3337 3336 3338
f 3337 3338 3339
f 3339 3338 3340
f 3339 3340 3341
f 3341 3340 3342
f 3341 3342 3343
f 3343 3342 3344
f 3343 3344 3345
f 3345 3344 3346
f 3345 3346 3347
f 3347 3346 3348
f 3347 3348 3349
f 3349 3348 3350
f 3349 3350 3351
f 3351 3350 3352
f 3351 3352 3353
f 3353 3352 3354
f 3353 3354 3355
f 3355 3354 3356
f 3355 3356 3357
f 3357 3356 3358
f 3357 3358 3359
f 3359 3358 3360
f 3359 3360 3361
f 3361 3360 3362
f 3361 3362 3363
f 3363 3362 3364
f 3363 3364 3365
f 3365 3364 3366
f 3365 3366 3367
f 3367 3366 3368
f 3367 3368 3369
f 3369 3368 3370
f 3369 3370 3371
f 3371 3370 3372
f 3371 3372 3373
f 3326 3329 3327
f 3327 3329 3333
f 3327 3333 3374
f 3374 3333 3335
f 3374 3335 3375
f 3375 3335 3337
f 3375 3337 3376
f 3376 3337 3339
f 3376 3339 3377
f 3377 3339 3341
f 3377 3341 3378
f 3378 3341 3343
f 3378 3343 3379
f 3379 3343 3345
f 3379 3345 3380
f 3380 3345 3347
f 3380 3347 3381
f 3381 3347 3349
f 3381 3349 3382
f 3382 3349 3351
f 3382 3351 3383
f 3383 3351 3353
f 3383 3353 3384
f 3384 3353 3355
f 3384 3355 3385
f 3385 3355 3357
f 3385 3357 3386
f 3386 3357 3359
f 3386 3359 3387
f 3387 3359 3361
f 3387 3361 3388
f 3388 3361 3363
f 3388 3363 3389
f 3389 3363 3365
f 3389 3365 3390
f 3390 3365 3367
f 3390 3367 3391
f 3391 3367 3369
f 3391 3369 3392
f 3392 3369 3371
f 3392 3371 3393
f 3393 3371 3373
f 3393 3373 3394
f 3325 3327 3323
f 3323 3327 3374
f 3323 3374 3321
f 3321 3374 3375
f 3321 3375 3319
f 3319 3375 3376
f 3319 3376 3316
f 3316 3376 3377
f 3316 3377 3314
f 3314 3377 3378
f 3314 3378 3312
f 3312 3378 3379
f 3312 3379 3310
f 3310 3379 3380
f 3310 3380 3307
f 3307 3380 3381
f 3307 3381 3305
f 3305 3381 3382
f 3305 3382 3303
f 3303 3382 3383
f 3303 3383 3300
f 3300 3383 3384
f 3300 3384 3298
f 3298 3384 3385
f 3298 3385 3296
f 3296 3385 3386
f 3296 3386 3294
f 3294 3386 3387
f 3294 3387 3291
f 3291 3387 3388
f 3291 3388 3289
f 3289 3388 3389
f 3289 3389 3287
f 3287 3389 3390
f 3287 3390 3285
f 3285 3390 3391
f 3285 3391 3282
f 3282 3391 3392
f 3282 3392 3280
f 3280 3392 3393
f 3280 3393 3278
f 3278 3393 3394
f 3278 3394 3277
f 3395 3396 3397
f 3397 3398 3395
f 3395 3398 3399
f 3395 3399 3400
f 3399 3401 3400
f 3400 3401 3402
f 3400 3402 3403
f 3402 3404 3403
f 3403 3404 3405
f 3403 3405 3406
f 3405 3407 3406
f 3406 3407 3408
f 3406 3408 3409
f 3408 3410 3409
f 3409 3410 3411
f 3409 3411 3412
f 3412 3411 3413
f 3412 3413 3414
f 3413 3415 3414
f 3414 3415 3416
f 3414 3416 3417
f 3416 3418 3417
f 3417 3418 3419
f 3417 3419 3420
f 3421 3422 3423
f 3423 3422 3420
f 3423 3420 3424
f 3424 3420 3419
f 3425 3421 3426
f 3426 3421 3423
f 3426 3423 3427
f 3427 3423 3424
f 3427 3424 3428
f 3428 3424 3419
f 3428 3419 3429
f 3429 3419 3418
f 3429 3418 3430
f 3430 3418 3416
f 3430 3416 3431
f 3431 3416 3415
f 3431 3415 3432
f 3432 3415 3413
f 3432 3413 3433
f 3433 3413 3411
f 3433 3411 3434
f 3434 3411 3410
f 3434 3410 3435
f 3435 3410 3408
f 3435 3408 3436
f 3436 3408 3407
f 3436 3407 3437
f 3437 3407 3405
f 3437 3405 3438
f 3438 3405 3404
f 3438 3404 3439
f 3439 3404 3402
f 3439 3402 3440
f 3440 3402 3401
f 3440 3401 3441
f 3441 3401 3399
f 3441 3399 3442
f 3442 3399 3398
f 3442 3398 3443
f 3443 3398 3397
f 3444 3445 3425
f 3425 3426 3444
f 3444 3426 3427
f 3444 3427 3446
f 3427 3428 3446
f 3446 3428 3429
f 3446 3429 3447
f 3429 3430 3447
f 3447 3430 3431
f 3447 3431 3448
f 3431 3432 3448
f 3448 3432 3433
f 3448 3433 3449
f 3433 3434 3449
f 3449 3434 3435
f 3449 3435 3450
f 3450 3435 3436
f 3450 3436 3451
f 3436 3437 3451
f 3451 3437 3438
f 3451 3438 3452
f 3438 3439 3452
f 3452 3439 3440
f 3452 3440 3453
f 3443 3454 3442
f 3442 3454 3453
f 3442 3453 3441
f 3441 3453 3440
f 3455 3456 3457
f 3456 3458 3459
f 3458 3460 3461
f 3458 3461 3459
f 3459 3461 3462
f 3459 3462 3463
f 3463 3462 3464
f 3463 3464 3465
f 3465 3464 3466
f 3465 3466 3467
f 3467 3466 3468
f 3467 3468 3469
f 3469 3468 3470
f 3469 3470 3471
f 3471 3470 3472
f 3471 3472 3473
f 3473 3472 3474
f 3473 3474 3475
f 3475 3474 3476
f 3475 3476 3477
f 3477 3476 3478
f 3477 3478 3479
f 3479 3478 3480
f 3479 3480 3481
f 3481 3480 3482
f 3481 3482 3483
f 3483 3482 3484
f 3483 3484 3485
f 3485 3484 3486
f 3485 3486 3487
f 3487 3486 3488
f 3487 3488 3489
f 3489 3488 3490
f 3489 3490 3491
f 3491 3490 3492
f 3491 3492 3493
f 3493 3492 3494
f 3493 3494 3495
f 3495 3494 3496
f 3495 3496 3497
f 3497 3496 3498
f 3497 3498 3499
f 3499 3498 3500
f 3499 3500 3501
f 3501 3500 3502
f 3501 3502 3503
f 3456 3459 3457
f 3457 3459 3463
f 3457 3463 3504
f 3504 3463 3465
f 3504 3465 3505
f 3505 3465 3467
f 3505 3467 3506
f 3506 3467 3469
f 3506 3469 3507
f 3507 3469 3471
f 3507 3471 3508
f 3508 3471 3473
f 3508 3473 3509
f 3509 3473 3475
f 3509 3475 3510
f 3510 3475 3477
f 3510 3477 3511
f 3511 3477 3479
f 3511 3479 3512
f 3512 3479 3481
f 3512 3481 3513
f 3513 3481 3483
f 3513 3483 3514
f 3514 3483 3485
f 3514 3485 3515
f 3515 3485 3487
f 3515 3487 3516
f 3516 3487 3489
f 3516 3489 3517
f 3517 3489 3491
f 3517 3491 3518
f 3518 3491 3493
f 3518 3493 3519
f 3519 3493 3495
f 3519 3495 3520
f 3520 3495 3497
f 3520 3497 3521
f 3521 3497 3499
f 3521 3499 3522
f 3522 3499 3501
f 3522 3501 3523
f 3523 3501 3503
f 3523 3503 3524
f 3455 3457 3525
f 3525 3457 3504
f 3525 3504 3526
f 3526 3504 3505
f 3526 3505 3527
f 3527 3505 3506
f 3527 3506 3528
f 3528 3506 3507
f 3528 3507 3529
f 3529 3507 3508
f 3529 3508 3530
f 3530 3508 3509
f 3530 3509 3531
f 3531 3509 3510
f 3531 3510 3532
f 3532 3510 3511
f 3532 3511 3533
f 3533 3511 3512
f 3533 3512 3534
f 3534 3512 3513
f 3534 3513 3535
f 3535 3513 3514
f 3535 3514 3536
f 3536 3514 3515
f 3536 3515 3537
f 3537 3515 3516
f 3537 3516 3538
f 3538 3516 3517
f 3538 3517 3539
f 3539 3517 3518
f 3539 3518 3540
f 3540 3518 3519
f 3540 3519 3541
f 3541 3519 3520
f 3541 3520 3542
f 3542 3520 3521
f 3542 3521 3543
f 3543 3521 3522
f 3543 3522 3544
f 3544 3522 3523
f 3544 3523 3545
f 3545 3523 3524
f 3545 3524 3546
f 3464 3462 3547
f 3547 3462 3548
f 3548 3462 3461
f 3548 3461 3549
f 3549 3461 3460
f 3549 3460 3550
f 3547 3551 3464
f 3464 3551 3552
f 3464 3552 3466
f 3466 3552 3553
f 3466 3553 3468
f 3468 3553 3554
f 3468 3554 3470
f 3470 3554 3555
f 3470 3555 3472
f 3555 3556 3472
f 3472 3556 3557
f 3472 3557 3474
f 3474 3557 3558
f 3474 3558 3476
f 3476 3558 3559
f 3476 3559 3478
f 3559 3560 3478
f 3478 3560 3561
f 3478 3561 3480
f 3480 3561 3562
f 3480 3562 3482
f 3482 3562 3563
f 3482 3563 3484
f 3484 3563 3564
f 3484 3564 3486
f 3564 3565 3486
f 3486 3565 3566
f 3486 3566 3488
f 3488 3566 3567
f 3488 3567 3490
f 3490 3567 3568
f 3490 3568 3492
f 3492 3568 3569
f 3492 3569 3494
f 3570 3502 3571
f 3571 3502 3500
f 3569 3572 3494
f 3494 3572 3573
f 3494 3573 3496
f 3496 3573 3574
f 3496 3574 3498
f 3498 3574 3575
f 3498 3575 3500
f 3500 3575 3576
f 3500 3576 3571
f 3577 3578 3579
f 3580 3581 3582
f 3583 3584 3585
f 3584 3583 3586
f 3587 3588 3583
f 3589 3590 3591
f 3592 3593 3594
f 3595 3596 3597
f 3598 3599 3600
f 3601 3602 3603
f 3604 3605 3606
f 3607 3608 3604
f 3609 3610 3611
f 3611 3610 3612
f 3611 3612 3613
f 3598 3600 3614
f 3595 3597 3615
f 3616 3617 3618
f 3589 3591 3619
f 3583 3588 3586
f 3586 3588 3620
f 3586 3620 3621
f 3622 3623 3624
f 3590 3587 3591
f 3591 3587 3583
f 3591 3583 3625
f 3625 3583 3585
f 3625 3585 3626
f 3581 3623 3582
f 3582 3623 3622
f 3582 3622 3627
f 3628 3629 3630
f 3630 3629 3627
f 3630 3627 3631
f 3631 3627 3622
f 3631 3622 3632
f 3632 3622 3624
f 3632 3624 3607
f 3605 3633 3606
f 3606 3633 3634
f 3606 3634 3635
f 3635 3634 3636
f 3635 3636 3637
f 3637 3636 3638
f 3633 3639 3634
f 3634 3639 3640
f 3634 3640 3636
f 3636 3640 3641
f 3636 3641 3638
f 3638 3641 3642
f 3638 3642 3643
f 3643 3642 3644
f 3645 3646 3647
f 3647 3646 3648
f 3647 3648 3649
f 3649 3648 3650
f 3649 3650 3651
f 3651 3650 3652
f 3646 3653 3648
f 3648 3653 3654
f 3648 3654 3650
f 3650 3654 3655
f 3650 3655 3652
f 3652 3655 3656
f 3652 3656 3657
f 3657 3656 3658
f 3602 3614 3603
f 3603 3614 3600
f 3603 3600 3659
f 3659 3600 3660
f 3659 3660 3661
f 3661 3660 3662
f 3593 3616 3594
f 3594 3616 3618
f 3594 3618 3663
f 3663 3618 3664
f 3663 3664 3665
f 3665 3664 3666
f 3570 3580 3667
f 3667 3580 3582
f 3667 3582 3668
f 3668 3582 3627
f 3668 3627 3669
f 3669 3627 3629
f 3607 3604 3632
f 3632 3604 3606
f 3632 3606 3631
f 3631 3606 3635
f 3631 3635 3630
f 3630 3635 3637
f 3630 3637 3628
f 3643 3670 3638
f 3638 3670 3671
f 3638 3671 3637
f 3637 3671 3672
f 3637 3672 3628
f 3639 3645 3640
f 3640 3645 3647
f 3640 3647 3641
f 3641 3647 3649
f 3641 3649 3642
f 3642 3649 3651
f 3642 3651 3644
f 3657 3673 3652
f 3652 3673 3674
f 3652 3674 3651
f 3651 3674 3675
f 3651 3675 3644
f 3578 3658 3579
f 3579 3658 3656
f 3579 3656 3676
f 3676 3656 3655
f 3676 3655 3611
f 3611 3655 3654
f 3611 3654 3609
f 3609 3654 3653
f 3613 3601 3611
f 3611 3601 3603
f 3611 3603 3676
f 3676 3603 3659
f 3676 3659 3579
f 3579 3659 3661
f 3579 3661 3577
f 3677 3678 3679
f 3679 3678 3662
f 3679 3662 3680
f 3680 3662 3660
f 3680 3660 3597
f 3597 3660 3600
f 3597 3600 3615
f 3615 3600 3599
f 3678 3681 3662
f 3662 3681 3682
f 3662 3682 3661
f 3661 3682 3683
f 3661 3683 3577
f 3596 3592 3597
f 3597 3592 3594
f 3597 3594 3680
f 3680 3594 3663
f 3680 3663 3679
f 3679 3663 3665
f 3679 3665 3677
f 3684 3685 3666
f 3666 3685 3686
f 3666 3686 3665
f 3665 3686 3687
f 3665 3687 3677
f 3688 3619 3689
f 3689 3619 3591
f 3689 3591 3690
f 3690 3591 3625
f 3690 3625 3691
f 3691 3625 3626
f 3691 3626 3692
f 3617 3688 3618
f 3618 3688 3689
f 3618 3689 3664
f 3664 3689 3690
f 3664 3690 3666
f 3666 3690 3691
f 3666 3691 3684
f 3684 3691 3692
f 3684 3692 3550
f 3693 3694 3695
f 3696 3697 3698
f 3699 3700 3701
f 3702 3703 3704
f 3705 3706 3707
f 3708 3709 3710
f 3711 3708 3712
f 3713 3714 3715
f 3716 3717 3718
f 3719 3720 3705
f 3721 3722 3723
f 3724 3725 3726
f 3727 3728 3729
f 3729 3728 3730
f 3730 3731 3732
f 3732 3731 3733
f 3732 3733 3734
f 3734 3733 3735
f 3734 3735 3736
f 3735 3737 3736
f 3736 3737 3738
f 3736 3738 3739
f 3739 3738 3740
f 3739 3740 3741
f 3742 3743 3744
f 3744 3743 3745
f 3744 3745 3746
f 3746 3745 3741
f 3746 3741 3747
f 3747 3741 3740
f 3705 3720 3706
f 3706 3720 3748
f 3706 3748 3749
f 3750 3751 3752
f 3752 3751 3753
f 3753 3754 3755
f 3755 3754 3716
f 3717 3756 3757
f 3757 3756 3713
f 3711 3712 3714
f 3758 3732 3759
f 3759 3732 3734
f 3759 3734 3760
f 3760 3734 3736
f 3760 3736 3761
f 3761 3736 3739
f 3761 3739 3762
f 3762 3739 3741
f 3762 3741 3763
f 3763 3741 3745
f 3763 3745 3764
f 3764 3745 3743
f 3764 3743 3765
f 3701 3707 3766
f 3766 3707 3706
f 3766 3706 3767
f 3767 3706 3749
f 3767 3749 3750
f 3768 3758 3769
f 3769 3758 3759
f 3769 3759 3770
f 3770 3759 3760
f 3770 3760 3771
f 3771 3760 3761
f 3771 3761 3772
f 3772 3761 3762
f 3772 3762 3773
f 3773 3762 3763
f 3773 3763 3774
f 3774 3763 3764
f 3774 3764 3775
f 3775 3764 3765
f 3775 3765 3776
f 3725 3777 3726
f 3726 3777 3778
f 3726 3778 3779
f 3779 3778 3780
f 3779 3780 3781
f 3781 3780 3782
f 3750 3752 3767
f 3767 3752 3783
f 3767 3783 3766
f 3766 3783 3784
f 3766 3784 3701
f 3753 3755 3752
f 3752 3755 3785
f 3752 3785 3783
f 3783 3785 3786
f 3783 3786 3784
f 3727 3729 3787
f 3787 3729 3788
f 3787 3788 3789
f 3789 3788 3790
f 3789 3790 3791
f 3791 3790 3792
f 3791 3792 3793
f 3730 3732 3729
f 3729 3732 3758
f 3729 3758 3788
f 3788 3758 3768
f 3788 3768 3790
f 3790 3768 3794
f 3790 3794 3792
f 3776 3795 3775
f 3775 3795 3796
f 3775 3796 3774
f 3774 3796 3797
f 3774 3797 3773
f 3773 3797 3798
f 3773 3798 3772
f 3772 3798 3799
f 3772 3799 3771
f 3771 3799 3800
f 3771 3800 3770
f 3770 3800 3801
f 3770 3801 3769
f 3769 3801 3802
f 3769 3802 3768
f 3768 3802 3803
f 3768 3803 3794
f 3804 3805 3776
f 3776 3805 3806
f 3776 3806 3795
f 3807 3804 3781
f 3781 3804 3776
f 3781 3776 3779
f 3779 3776 3765
f 3779 3765 3726
f 3726 3765 3743
f 3726 3743 3724
f 3724 3743 3742
f 3782 3808 3781
f 3781 3808 3809
f 3781 3809 3807
f 3810 3811 3782
f 3782 3811 3812
f 3782 3812 3808
f 3703 3810 3704
f 3704 3810 3782
f 3704 3782 3813
f 3813 3782 3780
f 3813 3780 3723
f 3723 3780 3778
f 3723 3778 3721
f 3721 3778 3777
f 3700 3702 3701
f 3701 3702 3704
f 3701 3704 3707
f 3707 3704 3813
f 3707 3813 3705
f 3705 3813 3723
f 3705 3723 3719
f 3719 3723 3722
f 3716 3718 3755
f 3755 3718 3814
f 3755 3814 3785
f 3785 3814 3698
f 3785 3698 3786
f 3786 3698 3697
f 3786 3697 3815
f 3815 3816 3786
f 3786 3816 3817
f 3786 3817 3784
f 3784 3817 3818
f 3784 3818 3701
f 3701 3818 3819
f 3701 3819 3699
f 3717 3757 3718
f 3718 3757 3820
f 3718 3820 3814
f 3814 3820 3695
f 3814 3695 3698
f 3698 3695 3694
f 3698 3694 3696
f 3821 3822 3823
f 3713 3715 3757
f 3757 3715 3824
f 3757 3824 3820
f 3820 3824 3821
f 3820 3821 3695
f 3695 3821 3823
f 3695 3823 3693
f 3714 3712 3715
f 3715 3712 3825
f 3715 3825 3824
f 3824 3825 3826
f 3824 3826 3821
f 3821 3826 3827
f 3821 3827 3822
f 3708 3710 3712
f 3712 3710 3828
f 3712 3828 3825
f 3825 3828 3829
f 3825 3829 3826
f 3826 3829 3830
f 3826 3830 3827
f 3831 3709 3832
f 3832 3709 3708
f 3832 3708 3833
f 3833 3708 3711
f 3833 3711 3834
f 3834 3711 3714
f 3834 3714 3835
f 3835 3714 3713
f 3835 3713 3836
f 3836 3713 3756
f 3836 3756 3837
f 3837 3756 3717
f 3837 3717 3838
f 3838 3717 3716
f 3838 3716 3839
f 3839 3716 3754
f 3839 3754 3840
f 3840 3754 3753
f 3840 3753 3841
f 3841 3753 3751
f 3841 3751 3842
f 3842 3751 3750
f 3725 3843 3777
f 3777 3843 3844
f 3777 3844 3721
f 3721 3844 3845
f 3721 3845 3722
f 3722 3845 3846
f 3722 3846 3719
f 3719 3846 3847
f 3719 3847 3720
f 3720 3847 3848
f 3720 3848 3748
f 3748 3848 3849
f 3748 3849 3749
f 3749 3849 3850
f 3749 3850 3750
f 3750 3850 3851
f 3750 3851 3842
f 3746 3852 3744
f 3744 3852 3853
f 3744 3853 3742
f 3742 3853 3854
f 3742 3854 3724
f 3724 3854 3855
f 3724 3855 3725
f 3725 3855 3856
f 3725 3856 3843
f 3727 3857 3728
f 3728 3857 3858
f 3728 3858 3730
f 3730 3858 3859
f 3730 3859 3731
f 3731 3859 3860
f 3731 3860 3733
f 3733 3860 3861
f 3733 3861 3735
f 3735 3861 3862
f 3735 3862 3737
f 3737 3862 3863
f 3737 3863 3738
f 3738 3863 3864
f 3738 3864 3740
f 3740 3864 3865
f 3740 3865 3747
f 3747 3865 3866
f 3747 3866 3746
f 3746 3866 3867
f 3746 3867 3852
f 3868 3869 3870
f 3871 3872 3873
f 3874 3875 3876
f 3877 3878 3879
f 3880 3881 3882
f 3883 3884 3885
f 3886 3887 3888
f 3889 3890 3891
f 3891 3890 3892
f 3891 3892 3893
f 3893 3892 3894
f 3893 3894 3895
f 3895 3894 3888
f 3896 3897 3898
f 3898 3897 3899
f 3898 3899 3900
f 3900 3899 3901
f 3900 3901 3902
f 3902 3901 3885
f 3903 3904 3905
f 3905 3904 3906
f 3905 3906 3907
f 3907 3906 3908
f 3907 3908 3909
f 3909 3908 3882
f 3910 3911 3912
f 3912 3911 3913
f 3912 3913 3914
f 3914 3913 3915
f 3914 3915 3916
f 3916 3915 3879
f 3917 3918 3919
f 3919 3918 3920
f 3919 3920 3921
f 3921 3920 3922
f 3921 3922 3923
f 3923 3922 3924
f 3918 3925 3920
f 3920 3925 3926
f 3920 3926 3922
f 3922 3926 3927
f 3922 3927 3924
f 3924 3927 3928
f 3925 3929 3926
f 3926 3929 3930
f 3926 3930 3927
f 3927 3930 3931
f 3927 3931 3928
f 3928 3931 3932
f 3933 3889 3934
f 3934 3889 3891
f 3934 3891 3935
f 3935 3891 3893
f 3935 3893 3936
f 3936 3893 3895
f 3936 3895 3831
f 3831 3895 3937
f 3888 3887 3895
f 3895 3887 3938
f 3895 3938 3937
f 3939 3886 3940
f 3940 3886 3888
f 3940 3888 3941
f 3941 3888 3894
f 3941 3894 3942
f 3942 3894 3892
f 3942 3892 3943
f 3943 3892 3890
f 3943 3896 3942
f 3942 3896 3898
f 3942 3898 3941
f 3941 3898 3900
f 3941 3900 3940
f 3940 3900 3902
f 3940 3902 3939
f 3939 3902 3944
f 3885 3884 3902
f 3902 3884 3945
f 3902 3945 3944
f 3946 3883 3947
f 3947 3883 3885
f 3947 3885 3948
f 3948 3885 3901
f 3948 3901 3949
f 3949 3901 3899
f 3949 3899 3950
f 3950 3899 3897
f 3950 3903 3949
f 3949 3903 3905
f 3949 3905 3948
f 3948 3905 3907
f 3948 3907 3947
f 3947 3907 3909
f 3947 3909 3946
f 3946 3909 3951
f 3882 3881 3909
f 3909 3881 3952
f 3909 3952 3951
f 3953 3880 3954
f 3954 3880 3882
f 3954 3882 3955
f 3955 3882 3908
f 3955 3908 3956
f 3956 3908 3906
f 3956 3906 3957
f 3957 3906 3904
f 3957 3910 3956
f 3956 3910 3912
f 3956 3912 3955
f 3955 3912 3914
f 3955 3914 3954
f 3954 3914 3916
f 3954 3916 3953
f 3953 3916 3958
f 3879 3878 3916
f 3916 3878 3959
f 3916 3959 3958
f 3960 3877 3961
f 3961 3877 3879
f 3961 3879 3962
f 3962 3879 3915
f 3962 3915 3963
f 3963 3915 3913
f 3963 3913 3964
f 3964 3913 3911
f 3964 3917 3963
f 3963 3917 3919
f 3963 3919 3962
f 3962 3919 3921
f 3962 3921 3961
f 3961 3921 3923
f 3961 3923 3960
f 3960 3923 3965
f 3966 3967 3932
f 3932 3967 3968
f 3932 3968 3928
f 3928 3968 3969
f 3928 3969 3924
f 3924 3969 3970
f 3924 3970 3923
f 3923 3970 3971
f 3923 3971 3965
f 3875 3966 3876
f 3876 3966 3932
f 3876 3932 3972
f 3972 3932 3931
f 3972 3931 3973
f 3973 3931 3930
f 3973 3930 3974
f 3974 3930 3929
f 3975 3874 3976
f 3976 3874 3876
f 3976 3876 3977
f 3977 3876 3972
f 3977 3972 3978
f 3978 3972 3973
f 3978 3973 3979
f 3979 3973 3974
f 3979 3980 3978
f 3978 3980 3981
f 3978 3981 3977
f 3977 3981 3982
f 3977 3982 3976
f 3976 3982 3873
f 3976 3873 3975
f 3975 3873 3872
f 3869 3871 3870
f 3870 3871 3873
f 3870 3873 3983
f 3983 3873 3982
f 3983 3982 3984
f 3984 3982 3981
f 3984 3981 3985
f 3985 3981 3980
f 3986 3868 3987
f 3987 3868 3870
f 3987 3870 3988
f 3988 3870 3983
f 3988 3983 3989
f 3989 3983 3984
f 3989 3984 3990
f 3990 3984 3985
f 3990 3991 3989
f 3989 3991 3992
f 3989 3992 3988
f 3988 3992 3993
f 3988 3993 3987
f 3987 3993 3994
f 3987 3994 3986
f 3986 3994 3857
f 3995 3996 3997
f 3996 3998 3999
f 3998 4000 4001
f 3998 4001 3999
f 3999 4001 4002
f 3999 4002 4003
f 4003 4002 4004
f 4003 4004 4005
f 4005 4004 4006
f 4005 4006 4007
f 4007 4006 4008
f 4007 4008 4009
f 4009 4008 4010
f 4009 4010 4011
f 4011 4010 4012
f 4011 4012 4013
f 4013 4012 4014
f 4013 4014 4015
f 4015 4014 4016
f 4015 4016 4017
f 4017 4016 4018
f 4017 4018 4019
f 4019 4018 4020
f 4019 4020 4021
f 4021 4020 4022
f 4021 4022 4023
f 4023 4022 4024
f 4023 4024 4025
f 4025 4024 4026
f 4025 4026 4027
f 4027 4026 4028
f 4027 4028 4029
f 4029 4028 4030
f 4029 4030 4031
f 4031 4030 4032
f 4031 4032 4033
f 4033 4032 4034
f 4033 4034 4035
f 4035 4034 4036
f 4035 4036 4037
f 4037 4036 4038
f 4037 4038 4039
f 4039 4038 4040
f 4039 4040 4041
f 4041 4040 4042
f 4041 4042 4043
f 4043 4042 4044
f 4043 4044 4045
f 4045 4044 4046
f 4045 4046 4047
f 4047 4046 4048
f 4047 4048 4049
f 4049 4048 4050
f 4049 4050 4051
f 4051 4050 4052
f 4051 4052 4053
f 4053 4052 4054
f 4053 4054 4055
f 4055 4054 4056
f 4055 4056 4057
f 4057 4056 4058
f 4057 4058 4059
f 4059 4058 4060
f 4059 4060 4061
f 4061 4060 4062
f 4061 4062 4063
f 4063 4062 4064
f 4063 4064 4065
f 4065 4064 4066
f 4065 4066 4067
f 3996 3999 3997
f 3997 3999 4003
f 3997 4003 4068
f 4068 4003 4005
f 4068 4005 4069
f 4069 4005 4007
f 4069 4007 4070
f 4070 4007 4009
f 4070 4009 4071
f 4071 4009 4011
f 4071 4011 4072
f 4072 4011 4013
f 4072 4013 4073
f 4073 4013 4015
f 4073 4015 4074
f 4074 4015 4017
f 4074 4017 4075
f 4075 4017 4019
f 4075 4019 4076
f 4076 4019 4021
f 4076 4021 4077
f 4077 4021 4023
f 4077 4023 4078
f 4078 4023 4025
f 4078 4025 4079
f 4079 4025 4027
f 4079 4027 4080
f 4080 4027 4029
f 4080 4029 4081
f 4081 4029 4031
f 4081 4031 4082
f 4082 4031 4033
f 4082 4033 4083
f 4083 4033 4035
f 4083 4035 4084
f 4084 4035 4037
f 4084 4037 4085
f 4085 4037 4039
f 4085 4039 4086
f 4086 4039 4041
f 4086 4041 4087
f 4087 4041 4043
f 4087 4043 4088
f 4088 4043 4045
f 4088 4045 4089
f 4089 4045 4047
f 4089 4047 4090
f 4090 4047 4049
f 4090 4049 4091
f 4091 4049 4051
f 4091 4051 4092
f 4092 4051 4053
f 4092 4053 4093
f 4093 4053 4055
f 4093 4055 4094
f 4094 4055 4057
f 4094 4057 4095
f 4095 4057 4059
f 4095 4059 4096
f 4096 4059 4061
f 4096 4061 4097
f 4097 4061 4063
f 4097 4063 4098
f 4098 4063 4065
f 4098 4065 4099
f 4099 4065 4067
f 4099 4067 4100
f 3995 3997 4101
f 4101 3997 4068
f 4101 4068 4102
f 4102 4068 4069
f 4102 4069 4103
f 4103 4069 4070
f 4103 4070 4104
f 4104 4070 4071
f 4104 4071 4105
f 4105 4071 4072
f 4105 4072 4106
f 4106 4072 4073
f 4106 4073 4107
f 4107 4073 4074
f 4107 4074 4108
f 4108 4074 4075
f 4108 4075 4109
f 4109 4075 4076
f 4109 4076 4110
f 4110 4076 4077
f 4110 4077 4111
f 4111 4077 4078
f 4111 4078 4112
f 4112 4078 4079
f 4112 4079 4113
f 4113 4079 4080
f 4113 4080 4114
f 4114 4080 4081
f 4114 4081 4115
f 4115 4081 4082
f 4115 4082 4116
f 4116 4082 4083
f 4116 4083 4117
f 4117 4083 4084
f 4117 4084 4118
f 4118 4084 4085
f 4118 4085 4119
f 4119 4085 4086
f 4119 4086 4120
f 4120 4086 4087
f 4120 4087 4121
f 4121 4087 4088
f 4121 4088 4122
f 4122 4088 4089
f 4122 4089 4123
f 4123 4089 4090
f 4123 4090 4124
f 4124 4090 4091
f 4124 4091 4125
f 4125 4091 4092
f 4125 4092 4126
f 4126 4092 4093
f 4126 4093 4127
f 4127 4093 4094
f 4127 4094 4128
f 4128 4094 4095
f 4128 4095 4129
f 4129 4095 4096
f 4129 4096 4130
f 4130 4096 4097
f 4130 4097 4131
f 4131 4097 4098
f 4131 4098 4132
f 4132 4098 4099
f 4132 4099 4133
f 4133 4099 4100
f 4133 4100 4134
f 4008 4006 4135
f 4135 4006 4004
f 4135 4004 4136
f 4136 4004 4002
f 4136 4002 4137
f 4137 4002 4001
f 4137 4001 4000
f 4008 4135 4010
f 4010 4135 4138
f 4010 4138 4012
f 4012 4138 4139
f 4012 4139 4014
f 4014 4139 4016
f 4016 4139 4140
f 4016 4140 4018
f 4141 4024 4142
f 4142 4024 4022
f 4142 4022 4140
f 4140 4022 4020
f 4140 4020 4018
f 4143 4028 4141
f 4141 4028 4026
f 4141 4026 4024
f 4036 4034 4144
f 4144 4034 4032
f 4144 4032 4143
f 4143 4032 4030
f 4143 4030 4028
f 4036 4144 4038
f 4038 4144 4145
f 4038 4145 4040
f 4040 4145 4146
f 4040 4146 4042
f 4042 4146 4044
f 4044 4146 4147
f 4044 4147 4046
f 4148 4052 4149
f 4149 4052 4050
f 4149 4050 4147
f 4147 4050 4048
f 4147 4048 4046
f 4060 4058 4150
f 4150 4058 4056
f 4150 4056 4148
f 4148 4056 4054
f 4148 4054 4052
f 4060 4150 4062
f 4062 4150 4151
f 4062 4151 4064
f 4064 4151 4152
f 4064 4152 4066
f 2859 4153 2858
f 2858 4153 4154
f 2858 4154 2857
f 2857 4154 4155
f 2857 4155 2751
f 2859 2860 4153
f 4153 2860 2861
f 4153 2861 4156
f 4156 2861 2862
f 4156 2862 4157
f 2862 2863 4157
f 4157 2863 2864
f 4157 2864 4158
f 4158 2864 2865
f 2865 2866 4158
f 4158 2866 2867
f 4158 2867 4159
f 4159 2867 2868
f 4159 2868 4160
f 2868 2869 4160
f 4160 2869 2870
f 4160 2870 4161
f 2870 2871 4161
f 4161 2871 2872
f 4161 2872 4162
f 4162 2872 2873
f 2873 2874 4162
f 4162 2874 2875
f 4162 2875 4163
f 4163 2875 2876
f 4163 2876 4164
f 2876 2877 4164
f 4164 2877 2878
f 4164 2878 4165
f 4165 2878 2879
f 2879 2880 4165
f 4165 2880 2881
f 4165 2881 4166
f 4166 2881 2882
f 4166 2882 4167
f 2882 2883 4167
f 4167 2883 2884
f 4167 2884 4168
f 4168 2884 2885
f 2885 2886 4168
f 4168 2886 2887
f 4168 2887 4169
f 4169 2887 2888
f 4169 2888 4170
f 4170 2888 2889
f 4170 2889 2890
f 4171 4172 4173
f 4172 4174 4175
f 4174 4176 4177
f 4176 4178 4179
f 4176 4179 4177
f 4177 4179 4180
f 4177 4180 4181
f 4181 4180 4182
f 4181 4182 4183
f 4183 4182 4184
f 4183 4184 4185
f 4185 4184 4186
f 4185 4186 4187
f 4187 4186 4188
f 4187 4188 4189
f 4189 4188 4190
f 4189 4190 4191
f 4191 4190 4192
f 4191 4192 4193
f 4193 4192 4194
f 4193 4194 4195
f 4195 4194 4196
f 4195 4196 4197
f 4197 4196 4198
f 4197 4198 4199
f 4199 4198 4200
f 4199 4200 4201
f 4201 4200 4202
f 4201 4202 4203
f 4203 4202 4204
f 4203 4204 4205
f 4205 4204 4206
f 4205 4206 4207
f 4207 4206 4208
f 4207 4208 4209
f 4209 4208 4210
f 4209 4210 4211
f 4211 4210 4212
f 4211 4212 4213
f 4213 4212 4214
f 4213 4214 4215
f 4215 4214 4216
f 4215 4216 4217
f 4217 4216 4218
f 4217 4218 4219
f 4219 4218 4220
f 4219 4220 4221
f 4221 4220 4222
f 4221 4222 4223
f 4223 4222 4224
f 4223 4224 4225
f 4225 4224 4226
f 4225 4226 4227
f 4227 4226 4228
f 4227 4228 4229
f 4229 4228 4230
f 4229 4230 4231
f 4174 4177 4175
f 4175 4177 4181
f 4175 4181 4232
f 4232 4181 4183
f 4232 4183 4233
f 4233 4183 4185
f 4233 4185 4234
f 4234 4185 4187
f 4234 4187 4235
f 4235 4187 4189
f 4235 4189 4236
f 4236 4189 4191
f 4236 4191 4237
f 4237 4191 4193
f 4237 4193 4238
f 4238 4193 4195
f 4238 4195 4239
f 4239 4195 4197
f 4239 4197 4240
f 4240 4197 4199
f 4240 4199 4241
f 4241 4199 4201
f 4241 4201 4242
f 4242 4201 4203
f 4242 4203 4243
f 4243 4203 4205
f 4243 4205 4244
f 4244 4205 4207
f 4244 4207 4245
f 4245 4207 4209
f 4245 4209 4246
f 4246 4209 4211
f 4246 4211 4247
f 4247 4211 4213
f 4247 4213 4248
f 4248 4213 4215
f 4248 4215 4249
f 4249 4215 4217
f 4249 4217 4250
f 4250 4217 4219
f 4250 4219 4251
f 4251 4219 4221
f 4251 4221 4252
f 4252 4221 4223
f 4252 4223 4253
f 4253 4223 4225
f 4253 4225 4254
f 4254 4225 4227
f 4254 4227 4255
f 4255 4227 4229
f 4255 4229 4256
f 4256 4229 4231
f 4256 4231 4257
f 4172 4175 4173
f 4173 4175 4232
f 4173 4232 4258
f 4258 4232 4233
f 4258 4233 4259
f 4259 4233 4234
f 4259 4234 4260
f 4260 4234 4235
f 4260 4235 4261
f 4261 4235 4236
f 4261 4236 4262
f 4262 4236 4237
f 4262 4237 4263
f 4263 4237 4238
f 4263 4238 4264
f 4264 4238 4239
f 4264 4239 4265
f 4265 4239 4240
f 4265 4240 4266
f 4266 4240 4241
f 4266 4241 4267
f 4267 4241 4242
f 4267 4242 4268
f 4268 4242 4243
f 4268 4243 4269
f 4269 4243 4244
f 4269 4244 4270
f 4270 4244 4245
f 4270 4245 4271
f 4271 4245 4246
f 4271 4246 4272
f 4272 4246 4247
f 4272 4247 4273
f 4273 4247 4248
f 4273 4248 4274
f 4274 4248 4249
f 4274 4249 4275
f 4275 4249 4250
f 4275 4250 4276
f 4276 4250 4251
f 4276 4251 4277
f 4277 4251 4252
f 4277 4252 4278
f 4278 4252 4253
f 4278 4253 4279
f 4279 4253 4254
f 4279 4254 4280
f 4280 4254 4255
f 4280 4255 4281
f 4281 4255 4256
f 4281 4256 4282
f 4282 4256 4257
f 4282 4257 4283
f 4171 4173 4284
f 4284 4173 4258
f 4284 4258 4285
f 4285 4258 4259
f 4285 4259 4286
f 4286 4259 4260
f 4286 4260 4287
f 4287 4260 4261
f 4287 4261 4288
f 4288 4261 4262
f 4288 4262 4289
f 4289 4262 4263
f 4289 4263 4290
f 4290 4263 4264
f 4290 4264 4291
f 4291 4264 4265
f 4291 4265 4292
f 4292 4265 4266
f 4292 4266 4293
f 4293 4266 4267
f 4293 4267 4294
f 4294 4267 4268
f 4294 4268 4295
f 4295 4268 4269
f 4295 4269 4296
f 4296 4269 4270
f 4296 4270 4297
f 4297 4270 4271
f 4297 4271 4298
f 4298 4271 4272
f 4298 4272 4299
f 4299 4272 4273
f 4299 4273 4300
f 4300 4273 4274
f 4300 4274 4301
f 4301 4274 4275
f 4301 4275 4302
f 4302 4275 4276
f 4302 4276 4303
f 4303 4276 4277
f 4303 4277 4304
f 4304 4277 4278
f 4304 4278 4305
f 4305 4278 4279
f 4305 4279 4306
f 4306 4279 4280
f 4306 4280 4307
f 4307 4280 4281
f 4307 4281 4308
f 4308 4281 4282
f 4308 4282 4309
f 4309 4282 4283
f 4309 4283 4310
f 4311 4312 4313
f 4312 4314 4315
f 4314 4316 4317
f 4316 4318 4319
f 4316 4319 4317
f 4317 4319 4320
f 4317 4320 4321
f 4321 4320 4322
f 4321 4322 4323
f 4323 4322 4324
f 4323 4324 4325
f 4325 4324 4326
f 4325 4326 4327
f 4327 4326 4328
f 4327 4328 4329
f 4329 4328 4330
f 4329 4330 4331
f 4331 4330 4332
f 4331 4332 4333
f 4333 4332 4334
f 4333 4334 4335
f 4335 4334 4336
f 4335 4336 4337
f 4337 4336 4338
f 4337 4338 4339
f 4339 4338 4340
f 4339 4340 4341
f 4341 4340 4342
f 4341 4342 4343
f 4343 4342 4344
f 4343 4344 4345
f 4345 4344 4346
f 4345 4346 4347
f 4347 4346 4348
f 4347 4348 4349
f 4349 4348 4350
f 4349 4350 4351
f 4351 4350 4352
f 4351 4352 4353
f 4353 4352 4354
f 4353 4354 4355
f 4355 4354 4356
f 4355 4356 4357
f 4357 4356 4358
f 4357 4358 4359
f 4359 4358 4360
f 4359 4360 4361
f 4361 4360 4362
f 4361 4362 4363
f 4363 4362 4364
f 4363 4364 4365
f 4365 4364 4366
f 4365 4366 4367
f 4367 4366 4368
f 4367 4368 4369
f 4369 4368 4370
f 4369 4370 4371
f 4314 4317 4315
f 4315 4317 4321
f 4315 4321 4372
f 4372 4321 4323
f 4372 4323 4373
f 4373 4323 4325
f 4373 4325 4374
f 4374 4325 4327
f 4374 4327 4375
f 4375 4327 4329
f 4375 4329 4376
f 4376 4329 4331
f 4376 4331 4377
f 4377 4331 4333
f 4377 4333 4378
f 4378 4333 4335
f 4378 4335 4379
f 4379 4335 4337
f 4379 4337 4380
f 4380 4337 4339
f 4380 4339 4381
f 4381 4339 4341
f 4381 4341 4382
f 4382 4341 4343
f 4382 4343 4383
f 4383 4343 4345
f 4383 4345 4384
f 4384 4345 4347
f 4384 4347 4385
f 4385 4347 4349
f 4385 4349 4386
f 4386 4349 4351
f 4386 4351 4387
f 4387 4351 4353
f 4387 4353 4388
f 4388 4353 4355
f 4388 4355 4389
f 4389 4355 4357
f 4389 4357 4390
f 4390 4357 4359
f 4390 4359 4391
f 4391 4359 4361
f 4391 4361 4392
f 4392 4361 4363
f 4392 4363 4393
f 4393 4363 4365
f 4393 4365 4394
f 4394 4365 4367
f 4394 4367 4395
f 4395 4367 4369
f 4395 4369 4396
f 4396 4369 4371
f 4396 4371 4397
f 4312 4315 4313
f 4313 4315 4372
f 4313 4372 4398
f 4398 4372 4373
f 4398 4373 4399
f 4399 4373 4374
f 4399 4374 4400
f 4400 4374 4375
f 4400 4375 4401
f 4401 4375 4376
f 4401 4376 4402
f 4402 4376 4377
f 4402 4377 4403
f 4403 4377 4378
f 4403 4378 4404
f 4404 4378 4379
f 4404 4379 4405
f 4405 4379 4380
f 4405 4380 4406
f 4406 4380 4381
f 4406 4381 4407
f 4407 4381 4382
f 4407 4382 4408
f 4408 4382 4383
f 4408 4383 4409
f 4409 4383 4384
f 4409 4384 4410
f 4410 4384 4385
f 4410 4385 4411
f 4411 4385 4386
f 4411 4386 4412
f 4412 4386 4387
f 4412 4387 4413
f 4413 4387 4388
f 4413 4388 4414
f 4414 4388 4389
f 4414 4389 4415
f 4415 4389 4390
f 4415 4390 4416
f 4416 4390 4391
f 4416 4391 4417
f 4417 4391 4392
f 4417 4392 4418
f 4418 4392 4393
f 4418 4393 4419
f 4419 4393 4394
f 4419 4394 4420
f 4420 4394 4395
f 4420 4395 4421
f 4421 4395 4396
f 4421 4396 4422
f 4422 4396 4397
f 4422 4397 4423
f 4311 4313 4424
f 4424 4313 4398
f 4424 4398 4425
f 4425 4398 4399
f 4425 4399 4426
f 4426 4399 4400
f 4426 4400 4427
f 4427 4400 4401
f 4427 4401 4428
f 4428 4401 4402
f 4428 4402 4429
f 4429 4402 4403
f 4429 4403 4430
f 4430 4403 4404
f 4430 4404 4431
f 4431 4404 4405
f 4431 4405 4432
f 4432 4405 4406
f 4432 4406 4433
f 4433 4406 4407
f 4433 4407 4434
f 4434 4407 4408
f 4434 4408 4435
f 4435 4408 4409
f 4435 4409 4436
f 4436 4409 4410
f 4436 4410 4437
f 4437 4410 4411
f 4437 4411 4438
f 4438 4411 4412
f 4438 4412 4439
f 4439 4412 4413
f 4439 4413 4440
f 4440 4413 4414
f 4440 4414 4441
f 4441 4414 4415
f 4441 4415 4442
f 4442 4415 4416
f 4442 4416 4443
f 4443 4416 4417
f 4443 4417 4444
f 4444 4417 4418
f 4444 4418 4445
f 4445 4418 4419
f 4445 4419 4446
f 4446 4419 4420
f 4446 4420 4447
f 4447 4420 4421
f 4447 4421 4448
f 4448 4421 4422
f 4448 4422 4449
f 4449 4422 4423
f 4449 4423 4450
f 4451 4452 4453
f 4454 4455 4456
f 4457 4458 4459
f 4460 4461 4462
f 4462 4461 4463
f 4464 4465 4466
f 4467 4468 4469
f 4470 4471 4472
f 4473 4474 4475
f 4476 4477 4478
f 4479 4480 4481
f 4482 4483 4484
f 4485 4486 4471
f 4487 4488 4489
f 4489 4488 4490
f 4489 4490 4491
f 4492 4493 4494
f 4494 4493 4495
f 4494 4495 4496
f 4496 4495 4497
f 4496 4497 4498
f 4498 4497 4499
f 4500 4501 4502
f 4502 4501 4503
f 4502 4503 4504
f 4504 4503 4491
f 4505 4506 4496
f 4496 4506 4507
f 4496 4507 4494
f 4494 4507 4508
f 4509 4510 4511
f 4511 4510 4512
f 4511 4501 4509
f 4509 4501 4500
f 4509 4500 4513
f 4513 4500 4498
f 4513 4498 4514
f 4514 4498 4499
f 4514 4499 4515
f 4515 4499 4516
f 4515 4516 4517
f 4517 4516 4485
f 4517 4485 4518
f 4519 4520 4521
f 4521 4522 4519
f 4519 4522 4523
f 4519 4523 4508
f 4508 4523 4524
f 4508 4524 4494
f 4525 4526 4527
f 4486 4528 4471
f 4471 4528 4529
f 4471 4529 4472
f 4472 4529 4530
f 4472 4530 4525
f 4525 4530 4531
f 4525 4531 4526
f 4532 4533 4534
f 4535 4536 4537
f 4537 4536 4538
f 4537 4538 4539
f 4518 4485 4540
f 4540 4485 4471
f 4540 4471 4541
f 4541 4471 4470
f 4541 4470 4542
f 4542 4470 4543
f 4542 4543 4544
f 4545 4546 4547
f 4547 4546 4548
f 4547 4548 4549
f 4549 4548 4550
f 4551 4552 4553
f 4553 4552 4554
f 4553 4554 4539
f 4543 4475 4544
f 4544 4475 4474
f 4544 4474 4545
f 4545 4474 4552
f 4545 4552 4546
f 4546 4552 4551
f 4548 4555 4556
f 4550 4548 4556
f 4550 4556 4557
f 4558 4559 4560
f 4560 4561 4562
f 4563 4564 4565
f 4565 4564 4566
f 4565 4566 4567
f 4560 4563 4561
f 4561 4563 4565
f 4561 4565 4568
f 4568 4565 4569
f 4562 4570 4560
f 4560 4570 4571
f 4560 4571 4558
f 4572 4573 4574
f 4575 4576 4577
f 4577 4576 4578
f 4577 4578 4579
f 4580 4581 4573
f 4573 4581 4582
f 4573 4582 4574
f 4583 4584 4585
f 4586 4587 4588
f 4483 4589 4484
f 4484 4589 4590
f 4484 4590 4586
f 4586 4590 4591
f 4586 4591 4587
f 4566 4592 4567
f 4567 4592 4593
f 4567 4593 4594
f 4594 4593 4583
f 4594 4583 4595
f 4595 4583 4585
f 4588 4596 4586
f 4586 4596 4597
f 4586 4597 4583
f 4583 4597 4598
f 4583 4598 4584
f 4599 4600 4601
f 4602 4603 4604
f 4605 4606 4607
f 4608 4609 4610
f 3693 3823 4602
f 4602 3823 3822
f 4602 3822 4603
f 4603 3822 3827
f 4603 3827 4611
f 4611 3827 3830
f 4611 3830 4609
f 4609 3830 4605
f 4609 4605 4610
f 4610 4605 4607
f 4612 4613 4614
f 4614 4613 4608
f 4614 4608 4615
f 4615 4608 4610
f 4616 4617 4618
f 4619 4614 4620
f 4620 4614 4616
f 4620 4616 4621
f 4621 4616 4618
f 4619 4622 4614
f 4614 4622 4623
f 4614 4623 4612
f 4479 4624 4625
f 4626 4568 4627
f 4627 4568 4628
f 4627 4628 4629
f 4629 4628 4630
f 4479 4625 4631
f 4631 4625 4632
f 4631 4632 4633
f 4630 4634 4629
f 4629 4634 4635
f 4629 4635 4481
f 4481 4635 4636
f 4481 4636 4479
f 4479 4636 4637
f 4479 4637 4624
f 4476 4478 4638
f 4639 4638 4640
f 4640 4638 4478
f 4640 4478 4480
f 4480 4478 4641
f 4480 4641 4481
f 4642 4475 4643
f 4642 4643 4644
f 4473 4475 4645
f 4645 4475 4642
f 4645 4642 4646
f 4646 4642 4647
f 4646 4647 4648
f 4649 4650 4651
f 4651 4650 4532
f 4652 4653 4654
f 4654 4653 4655
f 4654 4655 4650
f 4650 4655 4525
f 4650 4525 4532
f 4532 4525 4527
f 4532 4527 4533
f 4656 4657 4658
f 4658 4657 4649
f 4658 4649 4659
f 4659 4649 4651
f 4660 4661 4653
f 4653 4661 4662
f 4662 4661 4663
f 4662 4663 4664
f 4665 4666 4667
f 4667 4666 4664
f 4667 4664 4668
f 4668 4664 4663
f 4669 4670 4671
f 4665 4667 4671
f 4671 4667 4672
f 4671 4672 4669
f 4673 4674 4675
f 4675 4674 4676
f 4467 4469 4677
f 4677 4469 4678
f 4677 4678 4679
f 4678 4680 4681
f 4679 4678 4682
f 4682 4678 4681
f 4682 4681 4683
f 4684 4685 4686
f 4686 4685 4687
f 4686 4687 4683
f 4683 4687 4688
f 4683 4688 4682
f 4689 4690 4691
f 4684 4686 4691
f 4691 4686 4692
f 4691 4692 4689
f 3604 3608 3793
f 3793 3608 4693
f 3793 4693 4694
f 4694 4693 4695
f 4694 4695 4696
f 4696 4695 4697
f 4696 4697 4698
f 4698 4697 4699
f 4698 4699 4700
f 4700 4699 4701
f 4700 4701 4702
f 4702 4701 4703
f 4702 4703 4704
f 4704 4703 4705
f 4704 4705 4690
f 4690 4705 4706
f 4690 4706 4691
f 3793 3792 3604
f 3604 3792 3794
f 3604 3794 3605
f 3605 3794 3803
f 3605 3803 3633
f 3633 3803 3802
f 3633 3802 3639
f 3639 3802 3801
f 3639 3801 3645
f 3645 3801 3800
f 3645 3800 3646
f 3646 3800 3799
f 3646 3799 3653
f 3799 3798 3653
f 3653 3798 3797
f 3653 3797 3609
f 3609 3797 3796
f 3609 3796 3610
f 3610 3796 3795
f 3610 3795 3612
f 3612 3795 3806
f 3612 3806 3613
f 3613 3806 3805
f 3613 3805 3601
f 3619 3688 3816
f 3619 3816 3589
f 3805 3804 3601
f 3601 3804 3807
f 3601 3807 3602
f 3602 3807 3809
f 3602 3809 3614
f 3614 3809 3808
f 3614 3808 3598
f 3598 3808 3812
f 3598 3812 3599
f 3599 3812 3811
f 3599 3811 3615
f 3615 3811 3810
f 3615 3810 3595
f 3595 3810 3703
f 3595 3703 3596
f 3596 3703 3702
f 3596 3702 3592
f 3592 3702 3700
f 3592 3700 3593
f 3593 3700 3699
f 3593 3699 3616
f 3616 3699 3819
f 3616 3819 3617
f 3617 3819 3818
f 3617 3818 3688
f 3688 3818 3817
f 3688 3817 3816
f 4601 3587 4707
f 4707 3587 3590
f 4707 3590 3589
f 4708 4709 4710
f 4710 4709 3621
f 4710 3621 4600
f 4600 3621 3620
f 4600 3620 4601
f 4601 3620 3588
f 4601 3588 3587
f 4711 4712 4628
f 4628 4712 4713
f 4628 4713 4630
f 4714 4711 4484
f 4484 4711 4628
f 4484 4628 4482
f 4482 4628 4568
f 4482 4568 4715
f 4715 4568 4569
f 4715 4569 4574
f 4574 4569 4579
f 4574 4579 4572
f 4572 4579 4578
f 4716 4717 4586
f 4586 4717 4718
f 4586 4718 4719
f 4719 4720 4586
f 4586 4720 4721
f 4586 4721 4484
f 4484 4721 4722
f 4484 4722 4714
f 4723 4724 4725
f 4725 4724 4726
f 4725 4726 4716
f 4716 4726 4727
f 4716 4727 4717
f 4633 4728 4631
f 4631 4728 4729
f 4631 4729 4730
f 4730 4729 4731
f 4724 4732 4726
f 4726 4732 4733
f 4726 4733 4730
f 4730 4733 4734
f 4730 4734 4631
f 4735 4736 4737
f 4731 4738 4730
f 4730 4738 4739
f 4730 4739 4740
f 4740 4739 4735
f 4740 4735 4741
f 4741 4735 4737
f 4643 4478 4644
f 4644 4478 4477
f 4644 4477 4742
f 4742 4477 4743
f 4742 4743 4744
f 4744 4743 4745
f 4744 4745 4746
f 4747 4748 4749
f 4749 4748 4746
f 4750 4749 4751
f 4751 4749 4746
f 4751 4746 4745
f 4752 4753 4751
f 4751 4753 4754
f 4751 4754 4750
f 4755 4756 4757
f 4757 4756 4639
f 4757 4639 4758
f 4758 4639 4640
f 4759 4760 4761
f 4761 4760 4762
f 4761 4762 4763
f 4764 4765 4766
f 4766 4767 4764
f 4764 4767 4755
f 4764 4755 4763
f 4763 4755 4757
f 4763 4757 4761
f 4452 4768 4769
f 4769 4770 4452
f 4452 4770 4771
f 4452 4771 4772
f 4772 4771 4773
f 4772 4773 4774
f 4772 4775 4452
f 4452 4775 4776
f 4452 4776 4725
f 4725 4776 4777
f 4725 4777 4723
f 4647 4778 4648
f 4648 4778 4779
f 4648 4779 4780
f 4780 4779 4781
f 4780 4781 4782
f 4783 4784 4648
f 4648 4784 4785
f 4648 4785 4646
f 4539 4554 4537
f 4537 4554 4786
f 4537 4786 4787
f 4512 4535 4511
f 4511 4535 4537
f 4511 4537 4788
f 4788 4537 4787
f 4788 4787 4789
f 4789 4790 4788
f 4788 4790 4791
f 4788 4791 4780
f 4780 4791 4464
f 4780 4464 4648
f 4648 4464 4466
f 4648 4466 4783
f 4792 4793 4532
f 4532 4793 4794
f 4794 4795 4532
f 4532 4795 4796
f 4532 4796 4651
f 4797 4798 4799
f 4799 4798 4800
f 4799 4800 4792
f 4792 4800 4801
f 4792 4801 4793
f 4802 4803 4804
f 4802 4804 4805
f 4805 4804 4806
f 4805 4806 4807
f 4807 4806 4808
f 4807 4808 4809
f 4810 4811 4812
f 4812 4811 4813
f 4812 4813 4814
f 4814 4813 4815
f 4815 4816 4814
f 4814 4816 4817
f 4814 4817 4818
f 4818 4817 4819
f 4818 4819 4820
f 4820 4819 4821
f 4820 4821 4806
f 4806 4821 4822
f 4806 4822 4808
f 4823 4824 4802
f 4802 4824 4825
f 4802 4825 4803
f 4803 4825 4826
f 4803 4826 4827
f 4818 4828 4814
f 4814 4828 4660
f 4814 4660 4812
f 4812 4660 4653
f 4812 4653 4810
f 4810 4653 4652
f 4829 4830 4823
f 4823 4830 4831
f 4832 4833 4834
f 4834 4833 4831
f 4833 4835 4831
f 4831 4835 4836
f 4831 4836 4823
f 4823 4836 4837
f 4823 4837 4824
f 4838 4839 4840
f 4841 4842 4843
f 4843 4842 4844
f 4843 4844 4845
f 4845 4844 4846
f 4847 4848 4849
f 4849 4848 4850
f 4849 4850 4851
f 4672 4852 4853
f 4854 4855 4856
f 4856 4855 4839
f 4856 4839 4857
f 4857 4839 4838
f 4857 4838 4848
f 4848 4838 4858
f 4848 4858 4850
f 4853 4855 4672
f 4672 4855 4854
f 4672 4854 4669
f 4669 4854 4859
f 4669 4859 4860
f 4861 4862 4863
f 4863 4862 4864
f 4863 4864 4460
f 4460 4864 4827
f 4460 4827 4461
f 4461 4827 4826
f 4461 4826 4463
f 4832 4834 4865
f 4865 4834 4852
f 4865 4852 4866
f 4866 4852 4672
f 4866 4672 4867
f 4867 4672 4667
f 4867 4667 4868
f 4868 4667 4668
f 4868 4668 4861
f 4861 4668 4663
f 4861 4663 4862
f 4869 4870 4871
f 4871 4872 4869
f 4869 4872 4847
f 4869 4847 4873
f 4873 4847 4849
f 4873 4849 4874
f 4670 4669 4676
f 4676 4669 4860
f 4676 4860 4675
f 4675 4860 4875
f 4675 4875 4876
f 4877 4844 4878
f 4878 4844 4879
f 4859 4880 4860
f 4860 4880 4881
f 4860 4881 4875
f 4875 4881 4882
f 4875 4882 4883
f 4877 4884 4844
f 4844 4884 4885
f 4844 4885 4846
f 4883 4886 4875
f 4875 4886 4887
f 4875 4887 4877
f 4877 4887 4888
f 4877 4888 4884
f 4889 4890 4891
f 4891 4890 4892
f 4891 4892 4459
f 4459 4892 4893
f 4894 4675 4879
f 4879 4675 4876
f 4879 4876 4878
f 4894 4895 4675
f 4675 4895 4468
f 4675 4468 4673
f 4673 4468 4467
f 4896 4897 4898
f 4898 4897 4899
f 4898 4899 4900
f 4901 4902 4468
f 4468 4902 4903
f 4468 4903 4904
f 4891 4905 4906
f 4907 4908 4909
f 4909 4908 4910
f 4909 4910 4906
f 4906 4910 4901
f 4906 4901 4891
f 4891 4901 4468
f 4891 4468 4889
f 4889 4468 4895
f 4459 4458 4891
f 4891 4458 4911
f 4891 4911 4905
f 4912 4913 4914
f 4915 4916 4917
f 4917 4918 4915
f 4915 4918 4919
f 4915 4919 4912
f 4912 4919 4920
f 4912 4920 4913
f 4921 4922 4923
f 4923 4922 4924
f 4923 4924 4925
f 4904 4926 4468
f 4468 4926 4927
f 4468 4927 4469
f 4469 4927 4928
f 4469 4928 4921
f 4921 4928 4929
f 4921 4929 4922
f 4923 4930 4921
f 4921 4930 4931
f 4921 4931 4469
f 4469 4931 4932
f 4469 4932 4933
f 4934 4678 4935
f 4935 4678 4469
f 4935 4469 4936
f 4936 4469 4933
f 4455 4937 4456
f 4456 4937 4938
f 4456 4938 4925
f 4925 4938 4939
f 4939 4940 4925
f 4925 4940 4941
f 4925 4941 4923
f 4923 4941 4942
f 4923 4942 4930
f 4943 4944 4945
f 4944 4943 4946
f 4946 4943 4947
f 4946 4947 4948
f 4948 4947 4949
f 4948 4949 4950
f 4951 4952 4953
f 4934 4953 4678
f 4678 4953 4952
f 4678 4952 4680
f 4680 4952 4954
f 4680 4954 4955
f 4955 4956 4680
f 4680 4956 4957
f 4680 4957 4958
f 4959 4960 4961
f 4961 4960 4962
f 4950 4949 4963
f 4963 4949 4964
f 4963 4964 4958
f 4958 4964 4965
f 4958 4965 4680
f 4957 4966 4958
f 4958 4966 4967
f 4958 4967 4968
f 4968 4967 4969
f 4968 4969 4970
f 4970 4969 4971
f 4970 4971 4972
f 4972 4971 4959
f 4972 4959 4973
f 4973 4959 4961
f 4960 4974 4962
f 4962 4974 4975
f 4962 4975 4976
f 4976 4975 4977
f 4976 4977 4953
f 4953 4977 4978
f 4953 4978 4951
f 4599 4601 4604
f 4604 4601 4979
f 4604 4979 4602
f 4602 4979 3694
f 4602 3694 3693
f 3589 3816 4707
f 4707 3816 3815
f 4707 3815 4601
f 4601 3815 3697
f 4601 3697 4979
f 4979 3697 3696
f 4979 3696 3694
f 4945 4454 4943
f 4943 4454 4456
f 4943 4456 4980
f 4980 4456 4981
f 4981 4456 4982
f 4982 4456 4925
f 4982 4925 4916
f 4916 4925 4924
f 4916 4924 4917
f 4983 4984 4985
f 4985 4984 4986
f 4985 4986 4987
f 4987 4986 4988
f 4987 4988 4989
f 4990 4991 4992
f 4992 4991 4993
f 4992 4993 4994
f 4995 4996 4997
f 4491 4503 4489
f 4489 4503 4998
f 4489 4998 4999
f 4999 4998 5000
f 4999 5000 4995
f 4995 5000 5001
f 4995 5001 4996
f 5002 5003 4788
f 4788 5003 5004
f 4788 5004 4511
f 5002 4788 4451
f 4451 4788 4780
f 4451 4780 4452
f 4452 4780 4782
f 4452 4782 4768
f 4453 4452 5005
f 5005 4452 4725
f 5005 4725 5006
f 5006 4725 4716
f 5006 4716 5007
f 5007 4716 5008
f 5008 4716 4586
f 5008 4586 4606
f 4606 4586 4583
f 4606 4583 4607
f 4809 5009 4807
f 4807 5009 4797
f 4807 4797 4997
f 4997 4797 4799
f 4997 4799 4995
f 4995 4799 4792
f 4995 4792 4999
f 4999 4792 4532
f 4999 4532 4489
f 4489 4532 4534
f 4489 4534 4487
f 4842 5010 4844
f 4844 5010 5011
f 4844 5011 4879
f 4879 5011 4900
f 4879 4900 4894
f 4894 4900 4899
f 4805 4990 4802
f 4802 4990 4992
f 4802 4992 4823
f 4823 4992 4994
f 4823 4994 4829
f 4829 4994 5010
f 4829 5010 5012
f 5012 5010 4842
f 5012 4842 4840
f 4840 4842 4841
f 4840 4841 4838
f 5013 4898 5014
f 5014 4898 4900
f 5014 4900 5015
f 5015 4900 5011
f 5015 5011 5016
f 5013 4987 4898
f 4898 4987 4989
f 4898 4989 4896
f 4896 4989 5017
f 4896 5017 5018
f 5018 5017 4915
f 5018 4915 4893
f 4893 4915 4912
f 4893 4912 4459
f 4459 4912 4914
f 4459 4914 4457
f 4993 5019 4994
f 4994 5019 4983
f 4994 4983 5010
f 5010 4983 4985
f 5010 4985 5011
f 5011 4985 4987
f 5011 4987 5016
f 5016 4987 5013
f 4450 4423 5020
f 4423 4397 5021
f 4397 4371 5022
f 4371 4370 5023
f 4371 5023 5022
f 5022 5023 5024
f 5022 5024 5025
f 5025 5024 5026
f 5025 5026 5027
f 5027 5026 5028
f 5027 5028 5029
f 5029 5028 5030
f 5029 5030 5031
f 5031 5030 5032
f 5031 5032 5033
f 5033 5032 5034
f 5033 5034 5035
f 5035 5034 5036
f 5035 5036 5037
f 5037 5036 5038
f 5037 5038 5039
f 5039 5038 5040
f 5039 5040 5041
f 5041 5040 5042
f 5041 5042 5043
f 5043 5042 5044
f 5043 5044 5045
f 5045 5044 5046
f 5045 5046 5047
f 5047 5046 5048
f 5047 5048 5049
f 5049 5048 5050
f 5049 5050 5051
f 5051 5050 5052
f 5051 5052 5053
f 5053 5052 5054
f 5053 5054 5055
f 5055 5054 5056
f 5055 5056 5057
f 5057 5056 5058
f 5057 5058 5059
f 5059 5058 5060
f 5059 5060 5061
f 5061 5060 5062
f 5061 5062 5063
f 5063 5062 5064
f 5063 5064 5065
f 5065 5064 5066
f 5065 5066 5067
f 5067 5066 406
f 5067 406 405
f 402 401 4318
f 402 4318 4316
f 4397 5022 5021
f 5021 5022 5025
f 5021 5025 5068
f 5068 5025 5027
f 5068 5027 5069
f 5069 5027 5029
f 5069 5029 5070
f 5070 5029 5031
f 5070 5031 5071
f 5071 5031 5033
f 5071 5033 5072
f 5072 5033 5035
f 5072 5035 5073
f 5073 5035 5037
f 5073 5037 5074
f 5074 5037 5039
f 5074 5039 5075
f 5075 5039 5041
f 5075 5041 5076
f 5076 5041 5043
f 5076 5043 5077
f 5077 5043 5045
f 5077 5045 5078
f 5078 5045 5047
f 5078 5047 5079
f 5079 5047 5049
f 5079 5049 5080
f 5080 5049 5051
f 5080 5051 5081
f 5081 5051 5053
f 5081 5053 5082
f 5082 5053 5055
f 5082 5055 5083
f 5083 5055 5057
f 5083 5057 5084
f 5084 5057 5059
f 5084 5059 5085
f 5085 5059 5061
f 5085 5061 5086
f 5086 5061 5063
f 5086 5063 5087
f 5087 5063 5065
f 5087 5065 5088
f 5088 5065 5067
f 5088 5067 5089
f 5089 5067 405
f 5089 405 404
f 403 402 5090
f 5090 402 4316
f 5090 4316 4314
f 4423 5021 5020
f 5020 5021 5068
f 5020 5068 5091
f 5091 5068 5069
f 5091 5069 5092
f 5092 5069 5070
f 5092 5070 5093
f 5093 5070 5071
f 5093 5071 5094
f 5094 5071 5072
f 5094 5072 5095
f 5095 5072 5073
f 5095 5073 5096
f 5096 5073 5074
f 5096 5074 5097
f 5097 5074 5075
f 5097 5075 5098
f 5098 5075 5076
f 5098 5076 5099
f 5099 5076 5077
f 5099 5077 5100
f 5100 5077 5078
f 5100 5078 5101
f 5101 5078 5079
f 5101 5079 5102
f 5102 5079 5080
f 5102 5080 5103
f 5103 5080 5081
f 5103 5081 5104
f 5104 5081 5082
f 5104 5082 5105
f 5105 5082 5083
f 5105 5083 5106
f 5106 5083 5084
f 5106 5084 5107
f 5107 5084 5085
f 5107 5085 5108
f 5108 5085 5086
f 5108 5086 5109
f 5109 5086 5087
f 5109 5087 5110
f 5110 5087 5088
f 5110 5088 5111
f 5111 5088 5089
f 5111 5089 5112
f 5112 5089 404
f 5112 404 5113
f 5113 404 403
f 5113 403 5114
f 5114 403 5090
f 5114 5090 5115
f 5115 5090 4314
f 5115 4314 4312
f 4450 5020 5116
f 5116 5020 5091
f 5116 5091 5117
f 5117 5091 5092
f 5117 5092 5118
f 5118 5092 5093
f 5118 5093 5119
f 5119 5093 5094
f 5119 5094 5120
f 5120 5094 5095
f 5120 5095 5121
f 5121 5095 5096
f 5121 5096 5122
f 5122 5096 5097
f 5122 5097 5123
f 5123 5097 5098
f 5123 5098 5124
f 5124 5098 5099
f 5124 5099 5125
f 5125 5099 5100
f 5125 5100 5126
f 5126 5100 5101
f 5126 5101 5127
f 5127 5101 5102
f 5127 5102 5128
f 5128 5102 5103
f 5128 5103 5129
f 5129 5103 5104
f 5129 5104 5130
f 5130 5104 5105
f 5130 5105 5131
f 5131 5105 5106
f 5131 5106 5132
f 5132 5106 5107
f 5132 5107 5133
f 5133 5107 5108
f 5133 5108 5134
f 5134 5108 5109
f 5134 5109 5135
f 5135 5109 5110
f 5135 5110 5136
f 5136 5110 5111
f 5136 5111 5137
f 5137 5111 5112
f 5137 5112 5138
f 5138 5112 5113
f 5138 5113 5139
f 5139 5113 5114
f 5139 5114 5140
f 5140 5114 5115
f 5140 5115 5141
f 5141 5115 4312
f 5141 4312 4311
f 4310 4283 5142
f 4283 4257 5143
f 4257 4231 5144
f 4231 4230 5145
f 4231 5145 5144
f 5144 5145 5146
f 5144 5146 5147
f 5147 5146 5148
f 5147 5148 5149
f 5149 5148 5150
f 5149 5150 5151
f 5151 5150 5152
f 5151 5152 5153
f 5153 5152 5154
f 5153 5154 5155
f 5155 5154 5156
f 5155 5156 5157
f 5157 5156 5158
f 5157 5158 5159
f 5159 5158 5160
f 5159 5160 5161
f 5161 5160 5162
f 5161 5162 5163
f 5163 5162 5164
f 5163 5164 5165
f 5165 5164 5166
f 5165 5166 5167
f 5167 5166 5168
f 5167 5168 5169
f 5169 5168 5170
f 5169 5170 5171
f 5171 5170 5172
f 5171 5172 5173
f 5173 5172 5174
f 5173 5174 5175
f 5175 5174 5176
f 5175 5176 5177
f 5177 5176 5178
f 5177 5178 5179
f 5179 5178 5180
f 5179 5180 5181
f 5181 5180 5182
f 5181 5182 5183
f 5183 5182 5184
f 5183 5184 5185
f 5185 5184 5186
f 5185 5186 5187
f 5187 5186 5188
f 5187 5188 5189
f 5189 5188 5190
f 5189 5190 5191
f 5191 5190 5192
f 5191 5192 5193
f 5193 5192 5194
f 5193 5194 5195
f 5195 5194 4178
f 5195 4178 4176
f 4257 5144 5143
f 5143 5144 5147
f 5143 5147 5196
f 5196 5147 5149
f 5196 5149 5197
f 5197 5149 5151
f 5197 5151 5198
f 5198 5151 5153
f 5198 5153 5199
f 5199 5153 5155
f 5199 5155 5200
f 5200 5155 5157
f 5200 5157 5201
f 5201 5157 5159
f 5201 5159 5202
f 5202 5159 5161
f 5202 5161 5203
f 5203 5161 5163
f 5203 5163 5204
f 5204 5163 5165
f 5204 5165 5205
f 5205 5165 5167
f 5205 5167 5206
f 5206 5167 5169
f 5206 5169 5207
f 5207 5169 5171
f 5207 5171 5208
f 5208 5171 5173
f 5208 5173 5209
f 5209 5173 5175
f 5209 5175 5210
f 5210 5175 5177
f 5210 5177 5211
f 5211 5177 5179
f 5211 5179 5212
f 5212 5179 5181
f 5212 5181 5213
f 5213 5181 5183
f 5213 5183 5214
f 5214 5183 5185
f 5214 5185 5215
f 5215 5185 5187
f 5215 5187 5216
f 5216 5187 5189
f 5216 5189 5217
f 5217 5189 5191
f 5217 5191 5218
f 5218 5191 5193
f 5218 5193 5219
f 5219 5193 5195
f 5219 5195 5220
f 5220 5195 4176
f 5220 4176 4174
f 4283 5143 5142
f 5142 5143 5196
f 5142 5196 5221
f 5221 5196 5197
f 5221 5197 5222
f 5222 5197 5198
f 5222 5198 5223
f 5223 5198 5199
f 5223 5199 5224
f 5224 5199 5200
f 5224 5200 5225
f 5225 5200 5201
f 5225 5201 5226
f 5226 5201 5202
f 5226 5202 5227
f 5227 5202 5203
f 5227 5203 5228
f 5228 5203 5204
f 5228 5204 5229
f 5229 5204 5205
f 5229 5205 5230
f 5230 5205 5206
f 5230 5206 5231
f 5231 5206 5207
f 5231 5207 5232
f 5232 5207 5208
f 5232 5208 5233
f 5233 5208 5209
f 5233 5209 5234
f 5234 5209 5210
f 5234 5210 5235
f 5235 5210 5211
f 5235 5211 5236
f 5236 5211 5212
f 5236 5212 5237
f 5237 5212 5213
f 5237 5213 5238
f 5238 5213 5214
f 5238 5214 5239
f 5239 5214 5215
f 5239 5215 5240
f 5240 5215 5216
f 5240 5216 5241
f 5241 5216 5217
f 5241 5217 5242
f 5242 5217 5218
f 5242 5218 5243
f 5243 5218 5219
f 5243 5219 5244
f 5244 5219 5220
f 5244 5220 5245
f 5245 5220 4174
f 5245 4174 4172
f 4310 5142 5246
f 5246 5142 5221
f 5246 5221 5247
f 5247 5221 5222
f 5247 5222 5248
f 5248 5222 5223
f 5248 5223 5249
f 5249 5223 5224
f 5249 5224 5250
f 5250 5224 5225
f 5250 5225 5251
f 5251 5225 5226
f 5251 5226 5252
f 5252 5226 5227
f 5252 5227 5253
f 5253 5227 5228
f 5253 5228 5254
f 5254 5228 5229
f 5254 5229 5255
f 5255 5229 5230
f 5255 5230 5256
f 5256 5230 5231
f 5256 5231 5257
f 5257 5231 5232
f 5257 5232 5258
f 5258 5232 5233
f 5258 5233 5259
f 5259 5233 5234
f 5259 5234 5260
f 5260 5234 5235
f 5260 5235 5261
f 5261 5235 5236
f 5261 5236 5262
f 5262 5236 5237
f 5262 5237 5263
f 5263 5237 5238
f 5263 5238 5264
f 5264 5238 5239
f 5264 5239 5265
f 5265 5239 5240
f 5265 5240 5266
f 5266 5240 5241
f 5266 5241 5267
f 5267 5241 5242
f 5267 5242 5268
f 5268 5242 5243
f 5268 5243 5269
f 5269 5243 5244
f 5269 5244 5270
f 5270 5244 5245
f 5270 5245 5271
f 5271 5245 4172
f 5271 4172 4171
f 5272 5273 5274
f 5274 5273 5275
f 5274 5275 5276
f 5276 5275 4170
f 5276 4170 2890
f 5272 5277 5273
f 5273 5277 5278
f 5273 5278 5279
f 5278 5280 5279
f 5279 5280 5281
f 5279 5281 5282
f 5282 5281 5283
f 5282 5283 5284
f 5284 5283 5285
f 5285 5286 5284
f 5284 5286 5287
f 5284 5287 5288
f 5288 5287 5289
f 5288 5289 5290
f 5289 5291 5290
f 5290 5291 5292
f 5290 5292 5293
f 5292 5294 5293
f 5293 5294 5295
f 5293 5295 5296
f 5295 5297 5296
f 5296 5297 5298
f 5296 5298 5299
f 5298 5300 5299
f 5299 5300 5301
f 5299 5301 5302
f 5302 5301 5303
f 5303 5304 5302
f 5302 5304 5305
f 5302 5305 5306
f 5306 5305 5307
f 5306 5307 5308
f 5307 5309 5308
f 5308 5309 5310
f 5308 5310 5311
f 5310 5312 5311
f 5311 5312 5313
f 5311 5313 5314
f 5313 5315 5314
f 5314 5315 5316
f 5314 5316 5317
f 5316 5318 5317
f 5317 5318 5319
f 5317 5319 4155
f 4155 5319 5320
f 4155 5320 2751
f 5321 5322 5323
f 5324 4066 4152
f 5324 4152 5325
f 5325 4152 5326
f 5325 5326 5327
f 5327 5326 5328
f 5327 5328 5329
f 5323 5322 5328
f 5328 5322 5330
f 5328 5330 5329
f 5321 5323 5331
f 5331 5323 5332
f 5331 5332 5333
f 5333 5332 5334
f 5333 5334 5335
f 5336 5337 5338
f 5338 5337 5339
f 5338 5339 5334
f 5334 5339 5340
f 5334 5340 5335
f 5341 5342 5336
f 5336 5342 5343
f 5336 5343 5337
f 5344 5345 5341
f 5341 5345 5346
f 5341 5346 5342
f 5347 5348 5344
f 5344 5348 5349
f 5344 5349 5345
f 5350 5351 5352
f 5352 5351 5353
f 5352 5353 5347
f 5347 5353 5354
f 5347 5354 5348
f 5350 5352 5355
f 5355 5352 5356
f 5355 5356 5357
f 5357 5356 5358
f 5357 5358 5359
f 5359 5358 5360
f 5360 5358 5361
f 5360 5361 5362
f 5362 5361 5363
f 5363 5361 5364
f 5363 5364 5365
f 5365 5364 5366
f 5366 5364 5367
f 5366 5367 5368
f 5368 5367 5369
f 5369 5367 4137
f 5369 4137 4000
f 4134 4100 5370
f 4100 4067 5371
f 4067 4066 5324
f 4067 5324 5371
f 5371 5324 5325
f 5371 5325 5372
f 5372 5325 5327
f 5372 5327 5373
f 5373 5327 5329
f 5373 5329 5374
f 5374 5329 5330
f 5374 5330 5375
f 5375 5330 5322
f 5375 5322 5376
f 5376 5322 5321
f 5376 5321 5377
f 5377 5321 5331
f 5377 5331 5378
f 5378 5331 5333
f 5378 5333 5379
f 5379 5333 5335
f 5379 5335 5380
f 5380 5335 5340
f 5380 5340 5381
f 5381 5340 5339
f 5381 5339 5382
f 5382 5339 5337
f 5382 5337 5383
f 5383 5337 5343
f 5383 5343 5384
f 5384 5343 5342
f 5384 5342 5385
f 5385 5342 5346
f 5385 5346 5386
f 5386 5346 5345
f 5386 5345 5387
f 5387 5345 5349
f 5387 5349 5388
f 5388 5349 5348
f 5388 5348 5389
f 5389 5348 5354
f 5389 5354 5390
f 5390 5354 5353
f 5390 5353 5391
f 5391 5353 5351
f 5391 5351 5392
f 5392 5351 5350
f 5392 5350 5393
f 5393 5350 5355
f 5393 5355 5394
f 5394 5355 5357
f 5394 5357 5395
f 5395 5357 5359
f 5395 5359 5396
f 5396 5359 5360
f 5396 5360 5397
f 5397 5360 5362
f 5397 5362 5398
f 5398 5362 5363
f 5398 5363 5399
f 5399 5363 5365
f 5399 5365 5400
f 5400 5365 5366
f 5400 5366 5401
f 5401 5366 5368
f 5401 5368 5402
f 5402 5368 5369
f 5402 5369 5403
f 5403 5369 4000
f 5403 4000 3998
f 4100 5371 5370
f 5370 5371 5372
f 5370 5372 5404
f 5404 5372 5373
f 5404 5373 5405
f 5405 5373 5374
f 5405 5374 5406
f 5406 5374 5375
f 5406 5375 411
f 411 5375 5376
f 411 5376 412
f 412 5376 5377
f 412 5377 5407
f 5407 5377 5378
f 5407 5378 5408
f 5408 5378 5379
f 5408 5379 5409
f 5409 5379 5380
f 5409 5380 5410
f 5410 5380 5381
f 5410 5381 5411
f 5411 5381 5382
f 5411 5382 5412
f 5412 5382 5383
f 5412 5383 5413
f 5413 5383 5384
f 5413 5384 5414
f 5414 5384 5385
f 5414 5385 5415
f 5415 5385 5386
f 5415 5386 5416
f 5416 5386 5387
f 5416 5387 5417
f 5417 5387 5388
f 5417 5388 5418
f 5418 5388 5389
f 5418 5389 5419
f 5419 5389 5390
f 5419 5390 5420
f 5420 5390 5391
f 5420 5391 5421
f 5421 5391 5392
f 5421 5392 5422
f 5422 5392 5393
f 5422 5393 5423
f 5423 5393 5394
f 5423 5394 5424
f 5424 5394 5395
f 5424 5395 5425
f 5425 5395 5396
f 5425 5396 5426
f 5426 5396 5397
f 5426 5397 5427
f 5427 5397 5398
f 5427 5398 5428
f 5428 5398 5399
f 5428 5399 5429
f 5429 5399 5400
f 5429 5400 5430
f 5430 5400 5401
f 5430 5401 5431
f 5431 5401 5402
f 5431 5402 5432
f 5432 5402 5403
f 5432 5403 5433
f 5433 5403 3998
f 5433 3998 3996
f 4134 5370 5434
f 5434 5370 5404
f 5434 5404 5435
f 5435 5404 5405
f 5435 5405 5436
f 5436 5405 5406
f 5436 5406 414
f 414 5406 411
f 409 412 5407
f 409 5407 5437
f 5437 5407 5408
f 5437 5408 5438
f 5438 5408 5409
f 5438 5409 5439
f 5439 5409 5410
f 5439 5410 5440
f 5440 5410 5411
f 5440 5411 5441
f 5441 5411 5412
f 5441 5412 5442
f 5442 5412 5413
f 5442 5413 5443
f 5443 5413 5414
f 5443 5414 5444
f 5444 5414 5415
f 5444 5415 5445
f 5445 5415 5416
f 5445 5416 5446
f 5446 5416 5417
f 5446 5417 5447
f 5447 5417 5418
f 5447 5418 5448
f 5448 5418 5419
f 5448 5419 5449
f 5449 5419 5420
f 5449 5420 5450
f 5450 5420 5421
f 5450 5421 5451
f 5451 5421 5422
f 5451 5422 5452
f 5452 5422 5423
f 5452 5423 5453
f 5453 5423 5424
f 5453 5424 5454
f 5454 5424 5425
f 5454 5425 5455
f 5455 5425 5426
f 5455 5426 5456
f 5456 5426 5427
f 5456 5427 5457
f 5457 5427 5428
f 5457 5428 5458
f 5458 5428 5429
f 5458 5429 5459
f 5459 5429 5430
f 5459 5430 5460
f 5460 5430 5431
f 5460 5431 5461
f 5461 5431 5432
f 5461 5432 5462
f 5462 5432 5433
f 5462 5433 5463
f 5463 5433 3996
f 5463 3996 3995
f 5464 5448 5465
f 5465 5448 5449
f 5465 5449 5466
f 3991 5434 5467
f 5467 5434 5435
f 5467 5435 5468
f 410 5437 5469
f 5469 5437 5438
f 5469 5438 5470
f 5435 5436 5468
f 5468 5436 414
f 5468 414 413
f 410 409 5437
f 3990 4133 3991
f 3991 4133 4134
f 3991 4134 5434
f 5471 5446 5464
f 5464 5446 5447
f 5464 5447 5448
f 5438 5439 5470
f 5470 5439 5440
f 5470 5440 5472
f 5472 5440 5441
f 5472 5441 5473
f 3896 4107 3897
f 3897 4107 4108
f 3897 4108 3950
f 3911 4118 3964
f 3964 4118 4119
f 3964 4119 3917
f 3904 4113 3957
f 3957 4113 4114
f 3957 4114 3910
f 4108 4109 3950
f 3950 4109 4110
f 3950 4110 3903
f 3903 4110 4111
f 3903 4111 3904
f 3904 4111 4112
f 3904 4112 4113
f 3890 4104 3943
f 3943 4104 4105
f 3943 4105 3896
f 3896 4105 4106
f 3896 4106 4107
f 3933 4101 3889
f 3889 4101 4102
f 3889 4102 3890
f 3890 4102 4103
f 3890 4103 4104
f 5441 5442 5473
f 5473 5442 5443
f 5473 5443 5474
f 5474 5443 5444
f 5474 5444 5471
f 5471 5444 5445
f 5471 5445 5446
f 3974 4127 3979
f 3979 4127 4128
f 3979 4128 3980
f 3925 4124 3929
f 3929 4124 4125
f 3929 4125 3974
f 3974 4125 4126
f 3974 4126 4127
f 4119 4120 3917
f 3917 4120 4121
f 3917 4121 3918
f 3918 4121 4122
f 3918 4122 3925
f 3925 4122 4123
f 3925 4123 4124
f 4114 4115 3910
f 3910 4115 4116
f 3910 4116 3911
f 3911 4116 4117
f 3911 4117 4118
f 5475 5463 3933
f 3933 5463 3995
f 3933 3995 4101
f 5476 5460 5477
f 5477 5460 5461
f 5477 5461 5475
f 5475 5461 5462
f 5475 5462 5463
f 4128 4129 3980
f 3980 4129 4130
f 3980 4130 3985
f 3985 4130 4131
f 3985 4131 3990
f 3990 4131 4132
f 3990 4132 4133
f 5478 5457 5479
f 5479 5457 5458
f 5479 5458 5476
f 5476 5458 5459
f 5476 5459 5460
f 5480 5454 5481
f 5481 5454 5455
f 5481 5455 5478
f 5478 5455 5456
f 5478 5456 5457
f 5449 5450 5466
f 5466 5450 5451
f 5466 5451 5482
f 5482 5451 5452
f 5482 5452 5480
f 5480 5452 5453
f 5480 5453 5454
f 3833 3834 5483
f 3835 3836 5484
f 3838 3839 5485
f 3846 3845 5486
f 3855 3854 5487
f 3866 3865 5488
f 3861 3860 5489
f 5467 5468 5490
f 5490 5468 5491
f 5490 5491 5492
f 5492 5491 5493
f 5492 5493 5494
f 5494 5493 5489
f 410 5469 5495
f 5495 5469 5496
f 5495 5496 5497
f 5497 5496 5498
f 5497 5498 5499
f 5499 5498 5488
f 5472 5473 5500
f 5500 5473 5501
f 5500 5501 5502
f 5502 5501 5503
f 5502 5503 5504
f 5504 5503 5487
f 5471 5464 5505
f 5505 5464 5506
f 5505 5506 5507
f 5507 5506 5508
f 5507 5508 5509
f 5509 5508 5486
f 5466 5482 5510
f 5510 5482 5511
f 5510 5511 5512
f 5512 5511 5513
f 5512 5513 5514
f 5514 5513 5515
f 5482 5480 5511
f 5511 5480 5516
f 5511 5516 5513
f 5513 5516 5517
f 5513 5517 5515
f 5515 5517 5518
f 5480 5481 5516
f 5516 5481 5519
f 5516 5519 5517
f 5517 5519 5520
f 5517 5520 5518
f 5518 5520 5521
f 3991 5467 3992
f 3992 5467 5490
f 3992 5490 3993
f 3993 5490 5492
f 3993 5492 3994
f 3994 5492 5494
f 3994 5494 3857
f 3857 5494 3858
f 5489 3860 5494
f 5494 3860 3859
f 5494 3859 3858
f 3862 3861 5522
f 5522 3861 5489
f 5522 5489 5523
f 5523 5489 5493
f 5523 5493 5524
f 5524 5493 5491
f 5524 5491 413
f 413 5491 5468
f 413 410 5524
f 5524 410 5495
f 5524 5495 5523
f 5523 5495 5497
f 5523 5497 5522
f 5522 5497 5499
f 5522 5499 3862
f 3862 5499 3863
f 5488 3865 5499
f 5499 3865 3864
f 5499 3864 3863
f 3867 3866 5525
f 5525 3866 5488
f 5525 5488 5526
f 5526 5488 5498
f 5526 5498 5527
f 5527 5498 5496
f 5527 5496 5470
f 5470 5496 5469
f 5470 5472 5527
f 5527 5472 5500
f 5527 5500 5526
f 5526 5500 5502
f 5526 5502 5525
f 5525 5502 5504
f 5525 5504 3867
f 3867 5504 3852
f 5487 3854 5504
f 5504 3854 3853
f 5504 3853 3852
f 3856 3855 5528
f 5528 3855 5487
f 5528 5487 5529
f 5529 5487 5503
f 5529 5503 5530
f 5530 5503 5501
f 5530 5501 5474
f 5474 5501 5473
f 5474 5471 5530
f 5530 5471 5505
f 5530 5505 5529
f 5529 5505 5507
f 5529 5507 5528
f 5528 5507 5509
f 5528 5509 3856
f 3856 5509 3843
f 5486 3845 5509
f 5509 3845 3844
f 5509 3844 3843
f 3847 3846 5531
f 5531 3846 5486
f 5531 5486 5532
f 5532 5486 5508
f 5532 5508 5533
f 5533 5508 5506
f 5533 5506 5465
f 5465 5506 5464
f 5465 5466 5533
f 5533 5466 5510
f 5533 5510 5532
f 5532 5510 5512
f 5532 5512 5531
f 5531 5512 5514
f 5531 5514 3847
f 3847 5514 3848
f 3840 3841 5521
f 5521 3841 3842
f 5521 3842 5518
f 5518 3842 3851
f 5518 3851 5515
f 5515 3851 3850
f 5515 3850 5514
f 5514 3850 3849
f 5514 3849 3848
f 3839 3840 5485
f 5485 3840 5521
f 5485 5521 5534
f 5534 5521 5520
f 5534 5520 5535
f 5535 5520 5519
f 5535 5519 5478
f 5478 5519 5481
f 3837 3838 5536
f 5536 3838 5485
f 5536 5485 5537
f 5537 5485 5534
f 5537 5534 5538
f 5538 5534 5535
f 5538 5535 5479
f 5479 5535 5478
f 5479 5476 5538
f 5538 5476 5539
f 5538 5539 5537
f 5537 5539 5540
f 5537 5540 5536
f 5536 5540 5484
f 5536 5484 3837
f 3837 5484 3836
f 3834 3835 5483
f 5483 3835 5484
f 5483 5484 5541
f 5541 5484 5540
f 5541 5540 5542
f 5542 5540 5539
f 5542 5539 5477
f 5477 5539 5476
f 3832 3833 5543
f 5543 3833 5483
f 5543 5483 5544
f 5544 5483 5541
f 5544 5541 5545
f 5545 5541 5542
f 5545 5542 5475
f 5475 5542 5477
f 5475 3933 5545
f 5545 3933 3934
f 5545 3934 5544
f 5544 3934 3935
f 5544 3935 5543
f 5543 3935 3936
f 5543 3936 3832
f 3832 3936 3831
f 3857 3727 3986
f 3986 3727 5546
f 3986 5546 3868
f 3868 5546 5547
f 3868 5547 3869
f 3869 5547 5548
f 3869 5548 3871
f 3871 5548 5549
f 3871 5549 3872
f 3872 5549 5550
f 3872 5550 3975
f 3975 5550 5551
f 3975 5551 3874
f 3874 5551 5552
f 3874 5552 3875
f 3875 5552 5553
f 3875 5553 3966
f 3966 5553 5554
f 3966 5554 3967
f 3967 5554 5555
f 3967 5555 3968
f 3968 5555 5556
f 5557 3958 5558
f 5558 3958 3959
f 5558 3959 5559
f 5559 3959 3878
f 5559 3878 5560
f 5560 3878 3877
f 5560 3877 5561
f 5561 3877 3960
f 5561 3960 5562
f 5562 3960 3965
f 5562 3965 5563
f 5563 3965 3971
f 5563 3971 5564
f 5564 3971 3970
f 5564 3970 5556
f 5556 3970 3969
f 5556 3969 3968
f 5565 3951 5566
f 5566 3951 3952
f 5566 3952 5567
f 5567 3952 3881
f 5567 3881 5568
f 5568 3881 3880
f 5568 3880 5557
f 5557 3880 3953
f 5557 3953 3958
f 3709 3831 5569
f 5569 3831 3937
f 5569 3937 5570
f 5570 3937 3938
f 5570 3938 5571
f 5571 3938 3887
f 5571 3887 5572
f 5572 3887 3886
f 5572 3886 5573
f 5573 3886 3939
f 5573 3939 5574
f 5574 3939 3944
f 5574 3944 5575
f 5575 3944 3945
f 5575 3945 5576
f 5576 3945 3884
f 5576 3884 5577
f 5577 3884 3883
f 5577 3883 5565
f 5565 3883 3946
f 5565 3946 3951
f 4696 4698 5578
f 4690 4689 5579
f 4915 5017 5580
f 5004 5003 5581
f 5582 5583 5584
f 5546 3727 3787
f 5547 5546 5585
f 5549 5548 5586
f 5552 5551 5587
f 5564 5556 5588
f 5563 5564 5589
f 5561 5562 5590
f 5566 5567 5591
f 5573 5574 5592
f 5570 5571 5593
f 3709 5569 5594
f 5576 5577 5595
f 5559 5583 5558
f 5558 5583 5582
f 5558 5582 5557
f 5557 5582 5568
f 5596 5560 5561
f 5563 5589 5562
f 5556 5555 5597
f 5597 5555 5554
f 5554 5553 5598
f 5598 5553 5552
f 5551 5550 5599
f 5599 5550 5549
f 5547 5585 5548
f 5600 3828 3710
f 5577 5565 5595
f 5595 5565 5601
f 5595 5601 5602
f 5602 5601 5603
f 5602 5603 5604
f 5605 5584 5606
f 5606 5584 5583
f 5606 5583 5596
f 5596 5583 5559
f 5596 5559 5560
f 3829 3828 5607
f 5607 3828 5600
f 5607 5600 5608
f 5569 5570 5594
f 5594 5570 5593
f 5594 5593 5609
f 5609 5593 5610
f 5609 5610 5611
f 5611 5610 5581
f 3830 3829 4605
f 4605 3829 5607
f 4605 5607 4606
f 4606 5607 5608
f 4606 5608 5008
f 5008 5608 5007
f 5611 5005 5006
f 5006 5007 5611
f 5611 5007 5608
f 5611 5608 5609
f 5609 5608 5600
f 5609 5600 5594
f 5594 5600 3710
f 5594 3710 3709
f 5003 5002 5581
f 5581 5002 4451
f 5581 4451 5611
f 5611 4451 4453
f 5611 4453 5005
f 4503 4501 5612
f 5612 4501 4511
f 4511 5004 5612
f 5612 5004 5581
f 5612 5581 5613
f 5613 5581 5610
f 5613 5610 5614
f 5614 5610 5593
f 5614 5593 5572
f 5572 5593 5571
f 4998 4503 5615
f 5615 4503 5612
f 5615 5612 5616
f 5616 5612 5613
f 5616 5613 5592
f 5592 5613 5614
f 5592 5614 5573
f 5573 5614 5572
f 4996 5001 5615
f 5615 5001 5000
f 5615 5000 4998
f 4805 4807 5617
f 5617 4807 4997
f 4997 4996 5617
f 5617 4996 5615
f 5617 5615 5618
f 5618 5615 5616
f 5618 5616 5619
f 5619 5616 5592
f 5619 5592 5575
f 5575 5592 5574
f 5604 4991 4990
f 4990 4805 5604
f 5604 4805 5617
f 5604 5617 5602
f 5602 5617 5618
f 5602 5618 5595
f 5595 5618 5619
f 5595 5619 5576
f 5576 5619 5575
f 5603 5620 5604
f 5604 5620 4984
f 5604 4984 4983
f 4983 5019 5604
f 5604 5019 4993
f 5604 4993 4991
f 4989 4988 5620
f 5620 4988 4986
f 5620 4986 4984
f 5017 4989 5580
f 5580 4989 5620
f 5580 5620 5621
f 5621 5620 5603
f 5621 5603 5591
f 5591 5603 5601
f 5591 5601 5566
f 5566 5601 5565
f 4981 4982 5605
f 5605 4982 4916
f 4916 4915 5605
f 5605 4915 5580
f 5605 5580 5584
f 5584 5580 5621
f 5584 5621 5582
f 5582 5621 5591
f 5582 5591 5568
f 5568 5591 5567
f 5561 5590 5596
f 5596 5590 5622
f 5596 5622 5606
f 5606 5622 5623
f 5606 5623 5605
f 5605 5623 4980
f 5605 4980 4981
f 5562 5589 5590
f 5590 5589 5624
f 5590 5624 5622
f 5622 5624 5625
f 5622 5625 5623
f 5623 5625 4943
f 5623 4943 4980
f 4964 4949 5625
f 5625 4949 4947
f 5625 4947 4943
f 5564 5588 5589
f 5589 5588 5626
f 5589 5626 5624
f 5624 5626 5627
f 5624 5627 5625
f 5625 5627 4965
f 5625 4965 4964
f 5556 5597 5588
f 5588 5597 5628
f 5588 5628 5626
f 5626 5628 5629
f 5626 5629 5627
f 5627 5629 4680
f 5627 4680 4965
f 4686 4683 5629
f 5629 4683 4681
f 5629 4681 4680
f 5554 5598 5597
f 5597 5598 5630
f 5597 5630 5628
f 5628 5630 5631
f 5628 5631 5629
f 5629 5631 4692
f 5629 4692 4686
f 5552 5587 5598
f 5598 5587 5632
f 5598 5632 5630
f 5630 5632 5579
f 5630 5579 5631
f 5631 5579 4689
f 5631 4689 4692
f 4700 4702 5633
f 5633 4702 4704
f 5551 5599 5587
f 5587 5599 5634
f 5587 5634 5632
f 5632 5634 5633
f 5632 5633 5579
f 5579 5633 4704
f 5579 4704 4690
f 5549 5586 5599
f 5599 5586 5635
f 5599 5635 5634
f 5634 5635 5578
f 5634 5578 5633
f 5633 5578 4698
f 5633 4698 4700
f 5548 5585 5586
f 5586 5585 5636
f 5586 5636 5635
f 5635 5636 5637
f 5635 5637 5578
f 5578 5637 4694
f 5578 4694 4696
f 5546 3787 5585
f 5585 3787 3789
f 5585 3789 5636
f 5636 3789 3791
f 5636 3791 5637
f 5637 3791 3793
f 5637 3793 4694
f 3626 3585 5638
f 3584 3586 5639
f 4475 4543 5640
f 4665 4671 5641
f 3568 3567 5642
f 5642 3567 5643
f 5644 5645 3562
f 5646 3548 5647
f 5647 3548 3549
f 5647 3549 3692
f 3692 3549 3550
f 5648 3553 5649
f 5649 3553 3552
f 5649 3552 5650
f 5650 3552 3551
f 5650 3551 5646
f 5646 3551 3547
f 5646 3547 3548
f 5651 3555 5648
f 5648 3555 3554
f 5648 3554 3553
f 5652 3558 5653
f 5653 3558 3557
f 5653 3557 5651
f 5651 3557 3556
f 5651 3556 3555
f 3562 3561 5644
f 5644 3561 3560
f 5644 3560 5652
f 5652 3560 3559
f 5652 3559 3558
f 3567 3566 5643
f 5643 3566 3565
f 5643 3565 5654
f 5654 3565 3564
f 5654 3564 5645
f 5645 3564 3563
f 5645 3563 3562
f 3568 5642 3569
f 3569 5642 5655
f 3569 5655 3572
f 3572 5655 5656
f 3572 5656 3573
f 3573 5656 3574
f 3574 5656 5657
f 3574 5657 3575
f 3575 5657 5658
f 3575 5658 3576
f 3576 5658 3571
f 3571 5658 5659
f 3571 5659 3570
f 3623 3581 5659
f 5659 3581 3580
f 5659 3580 3570
f 3608 3607 4693
f 4693 3607 5660
f 4693 5660 4695
f 4695 5660 5661
f 5662 4701 5663
f 5663 4701 4699
f 5663 4699 5661
f 5661 4699 4697
f 5661 4697 4695
f 5664 4705 5662
f 5662 4705 4703
f 5662 4703 4701
f 5665 4691 5664
f 5664 4691 4706
f 5664 4706 4705
f 4682 4688 5666
f 5666 4688 4687
f 5666 4687 5667
f 5667 4687 4685
f 5667 4685 5665
f 5665 4685 4684
f 5665 4684 4691
f 4682 5666 4679
f 4679 5666 5668
f 4679 5668 4677
f 4677 5668 4467
f 4467 5668 5669
f 4467 5669 4673
f 4671 4670 5641
f 5641 4670 4676
f 5641 4676 5669
f 5669 4676 4674
f 5669 4674 4673
f 5670 4662 4664
f 5670 4664 5641
f 5641 4664 4666
f 5641 4666 4665
f 4662 5670 4653
f 4653 5670 5671
f 4653 5671 4655
f 4543 4470 5640
f 5640 4470 4472
f 5640 4472 5671
f 5671 4472 4525
f 5671 4525 4655
f 4475 5640 4643
f 4643 5640 5672
f 4643 5672 4478
f 4478 5672 5673
f 4478 5673 4641
f 5674 4627 4629
f 5674 4629 5673
f 5673 4629 4481
f 5673 4481 4641
f 5675 5676 5639
f 5675 5639 4708
f 5676 5677 5639
f 5639 5677 5678
f 5639 5678 5674
f 5674 5678 5679
f 5674 5679 4627
f 4627 5679 5680
f 4627 5680 4626
f 3586 3621 5639
f 5639 3621 4709
f 5639 4709 4708
f 3607 3624 5660
f 5660 3624 5681
f 5660 5681 5661
f 5661 5681 5682
f 5661 5682 5663
f 5663 5682 5683
f 5663 5683 5662
f 5662 5683 5684
f 5662 5684 5664
f 5664 5684 5685
f 5664 5685 5665
f 5665 5685 5686
f 5665 5686 5667
f 5667 5686 5687
f 5667 5687 5666
f 5666 5687 5688
f 5666 5688 5668
f 5668 5688 5689
f 5668 5689 5669
f 5669 5689 5690
f 5669 5690 5641
f 5641 5690 5691
f 5641 5691 5670
f 5670 5691 5692
f 5670 5692 5671
f 5671 5692 5693
f 5671 5693 5640
f 5640 5693 5694
f 5640 5694 5672
f 5672 5694 5695
f 5672 5695 5673
f 5673 5695 5696
f 5673 5696 5674
f 5674 5696 5697
f 5674 5697 5639
f 5639 5697 5638
f 5639 5638 3584
f 3584 5638 3585
f 3624 3623 5681
f 5681 3623 5659
f 5681 5659 5682
f 5682 5659 5658
f 5682 5658 5683
f 5683 5658 5657
f 5683 5657 5684
f 5684 5657 5656
f 5684 5656 5685
f 5685 5656 5655
f 5685 5655 5686
f 5686 5655 5642
f 5686 5642 5687
f 5687 5642 5643
f 5687 5643 5688
f 5688 5643 5654
f 5688 5654 5689
f 5689 5654 5645
f 5689 5645 5690
f 5690 5645 5644
f 5690 5644 5691
f 5691 5644 5652
f 5691 5652 5692
f 5692 5652 5653
f 5692 5653 5693
f 5693 5653 5651
f 5693 5651 5694
f 5694 5651 5648
f 5694 5648 5695
f 5695 5648 5649
f 5695 5649 5696
f 5696 5649 5650
f 5696 5650 5697
f 5697 5650 5646
f 5697 5646 5638
f 5638 5646 5647
f 5638 5647 3626
f 3626 5647 3692
f 3502 3570 5698
f 5698 3570 3667
f 5698 3667 5699
f 5699 3667 3668
f 5699 3668 5700
f 3668 3669 5700
f 5700 3669 3629
f 5700 3629 5701
f 5701 3629 3628
f 5701 3628 5702
f 5702 3628 3672
f 5702 3672 5703
f 5703 3672 3671
f 5703 3671 5704
f 3671 3670 5704
f 5704 3670 3643
f 5704 3643 5705
f 5705 3643 3644
f 5705 3644 5706
f 5706 3644 3675
f 5706 3675 5707
f 3675 3674 5707
f 5707 3674 3673
f 5707 3673 5708
f 5708 3673 3657
f 5708 3657 5709
f 5709 3657 3658
f 5709 3658 5710
f 5710 3658 3578
f 5710 3578 5711
f 3578 3577 5711
f 5711 3577 3683
f 5711 3683 5712
f 5712 3683 3682
f 5712 3682 5713
f 5713 3682 3681
f 5713 3681 5714
f 5714 3681 3678
f 5714 3678 5715
f 3678 3677 5715
f 5715 3677 3687
f 5715 3687 5716
f 5716 3687 3686
f 5716 3686 5717
f 5717 3686 3685
f 5717 3685 5718
f 5718 3685 3684
f 5718 3684 3460
f 3460 3684 3550
f 3546 3524 5719
f 3524 3503 5720
f 3503 3502 5698
f 3503 5698 5720
f 5720 5698 5699
f 5720 5699 5721
f 5721 5699 5700
f 5721 5700 5722
f 5722 5700 5701
f 5722 5701 5723
f 5723 5701 5702
f 5723 5702 5724
f 5724 5702 5703
f 5724 5703 5725
f 5725 5703 5704
f 5725 5704 5726
f 5726 5704 5705
f 5726 5705 5727
f 5727 5705 5706
f 5727 5706 5728
f 5728 5706 5707
f 5728 5707 5729
f 5729 5707 5708
f 5729 5708 5730
f 5730 5708 5709
f 5730 5709 5731
f 5731 5709 5710
f 5731 5710 5732
f 5732 5710 5711
f 5732 5711 5733
f 5733 5711 5712
f 5733 5712 5734
f 5734 5712 5713
f 5734 5713 5735
f 5735 5713 5714
f 5735 5714 5736
f 5736 5714 5715
f 5736 5715 5737
f 5737 5715 5716
f 5737 5716 5738
f 5738 5716 5717
f 5738 5717 5739
f 5739 5717 5718
f 5739 5718 5740
f 5740 5718 3460
f 5740 3460 3458
f 3524 5720 5719
f 5719 5720 5721
f 5719 5721 5741
f 5741 5721 5722
f 5741 5722 5742
f 5742 5722 5723
f 5742 5723 5743
f 5743 5723 5724
f 5743 5724 5744
f 5744 5724 5725
f 5744 5725 5745
f 5745 5725 5726
f 5745 5726 5746
f 5746 5726 5727
f 5746 5727 5747
f 5747 5727 5728
f 5747 5728 5748
f 5748 5728 5729
f 5748 5729 5749
f 5749 5729 5730
f 5749 5730 5750
f 5750 5730 5731
f 5750 5731 5751
f 5751 5731 5732
f 5751 5732 5752
f 5752 5732 5733
f 5752 5733 5753
f 5753 5733 5734
f 5753 5734 5754
f 5754 5734 5735
f 5754 5735 5755
f 5755 5735 5736
f 5755 5736 5756
f 5756 5736 5737
f 5756 5737 5757
f 5757 5737 5738
f 5757 5738 5758
f 5758 5738 5739
f 5758 5739 5759
f 5759 5739 5740
f 5759 5740 5760
f 5760 5740 3458
f 5760 3458 3456
f 3546 5719 5761
f 5761 5719 5741
f 5761 5741 5762
f 5762 5741 5742
f 5762 5742 5763
f 5763 5742 5743
f 5763 5743 5764
f 5764 5743 5744
f 5764 5744 5765
f 5765 5744 5745
f 5765 5745 5766
f 5766 5745 5746
f 5766 5746 5767
f 5767 5746 5747
f 5767 5747 5768
f 5768 5747 5748
f 5768 5748 5769
f 5769 5748 5749
f 5769 5749 5770
f 5770 5749 5750
f 5770 5750 5771
f 5771 5750 5751
f 5771 5751 5772
f 5772 5751 5752
f 5772 5752 5773
f 5773 5752 5753
f 5773 5753 5774
f 5774 5753 5754
f 5774 5754 5775
f 5775 5754 5755
f 5775 5755 5776
f 5776 5755 5756
f 5776 5756 5777
f 5777 5756 5757
f 5777 5757 5778
f 5778 5757 5758
f 5778 5758 5779
f 5779 5758 5759
f 5779 5759 5780
f 5780 5759 5760
f 5780 5760 5781
f 5781 5760 3456
f 5781 3456 3455
f 3445 3455 3525
f 3449 5771 5772
f 3445 3525 5782
f 3449 5772 3448
f 3451 5768 3450
f 3450 5768 5769
f 3450 5769 3449
f 3449 5769 5770
f 3449 5770 5771
f 5764 3452 5763
f 5763 3452 3453
f 3545 3546 3454
f 3454 3546 5761
f 3454 5761 3453
f 3453 5761 5762
f 3453 5762 5763
f 3529 3530 5783
f 5783 3530 5784
f 3525 3526 5782
f 5782 3526 3527
f 5782 3527 5783
f 5783 3527 3528
f 5783 3528 3529
f 3446 5779 3444
f 3444 5779 5780
f 3444 5780 3445
f 3445 5780 5781
f 3445 5781 3455
f 5775 3447 5774
f 5774 3447 3448
f 5774 3448 5773
f 5773 3448 5772
f 5764 5765 3452
f 3452 5765 5766
f 3452 5766 3451
f 3451 5766 5767
f 3451 5767 5768
f 3545 3454 3544
f 3544 3454 5785
f 3544 5785 3543
f 3543 5785 5786
f 3543 5786 3542
f 5775 5776 3447
f 3447 5776 5777
f 3447 5777 3446
f 3446 5777 5778
f 3446 5778 5779
f 5787 3537 3538
f 5787 3538 5788
f 3537 5787 3536
f 3536 5787 5789
f 3536 5789 3535
f 3530 3531 5784
f 5784 3531 3532
f 5784 3532 5790
f 5790 3532 3533
f 5790 3533 5789
f 5789 3533 3534
f 5789 3534 3535
f 3538 3539 5788
f 5788 3539 3540
f 5788 3540 5786
f 5786 3540 3541
f 5786 3541 3542
f 5785 3454 3443
f 3443 5791 5785
f 5785 5791 5792
f 5785 5792 5786
f 5792 5793 5786
f 5786 5793 5794
f 5786 5794 5788
f 5794 5795 5788
f 5788 5795 5796
f 5788 5796 5787
f 5796 5797 5787
f 5787 5797 5798
f 5787 5798 5789
f 5798 5799 5789
f 5789 5799 5800
f 5789 5800 5790
f 5790 5800 5801
f 5790 5801 5784
f 5801 5802 5784
f 5784 5802 5803
f 5784 5803 5783
f 5803 5804 5783
f 5783 5804 5805
f 5783 5805 5782
f 3425 3445 5806
f 5806 3445 5782
f 5806 5782 5807
f 5807 5782 5805
f 3443 3397 5791
f 5791 3397 5808
f 5791 5808 5792
f 5792 5808 5809
f 5792 5809 5793
f 5793 5809 5810
f 5793 5810 5794
f 5794 5810 5811
f 5794 5811 5795
f 5795 5811 5812
f 5795 5812 5796
f 5796 5812 5813
f 5796 5813 5797
f 5797 5813 5814
f 5797 5814 5798
f 5798 5814 5815
f 5798 5815 5799
f 5799 5815 5816
f 5799 5816 5800
f 5800 5816 5817
f 5800 5817 5801
f 5801 5817 5818
f 5801 5818 5802
f 5802 5818 5819
f 5802 5819 5803
f 5803 5819 5820
f 5803 5820 5804
f 5804 5820 5821
f 5804 5821 5805
f 5805 5821 5822
f 5805 5822 5807
f 5807 5822 5823
f 5807 5823 5806
f 5806 5823 5824
f 5806 5824 3425
f 3425 5824 3421
f 5825 3422 3421
f 3421 5824 5825
f 5825 5824 5823
f 5825 5823 5826
f 5823 5822 5826
f 5826 5822 5821
f 5826 5821 5827
f 5821 5820 5827
f 5827 5820 5819
f 5827 5819 5828
f 5819 5818 5828
f 5828 5818 5817
f 5828 5817 5829
f 5817 5816 5829
f 5829 5816 5815
f 5829 5815 5830
f 5830 5815 5814
f 5830 5814 5831
f 5814 5813 5831
f 5831 5813 5812
f 5831 5812 5832
f 5812 5811 5832
f 5832 5811 5810
f 5832 5810 5833
f 3397 3396 5808
f 5808 3396 5833
f 5808 5833 5809
f 5809 5833 5810
f 3352 5829 3354
f 3354 5829 5830
f 3354 5830 3356
f 3356 5830 5831
f 3356 5831 3358
f 5832 5833 3366
f 5834 3372 3396
f 3396 3372 3370
f 3396 3370 5833
f 5833 3370 3368
f 5833 3368 3366
f 3352 3350 5829
f 5829 3350 3348
f 5829 3348 5828
f 3366 3364 5832
f 5832 3364 3362
f 5832 3362 5831
f 5831 3362 3360
f 5831 3360 3358
f 5834 3396 5835
f 5835 3396 3395
f 5835 3395 5836
f 5836 3395 3400
f 5836 3400 5837
f 3414 5838 5839
f 3420 5840 5841
f 3340 3338 5827
f 5827 3338 5826
f 3348 3346 5828
f 5828 3346 3344
f 5828 3344 5827
f 5827 3344 3342
f 5827 3342 3340
f 3406 5842 5843
f 3420 5841 3417
f 3406 5843 3403
f 5842 3406 5844
f 5844 3406 3409
f 5844 3409 5845
f 3414 5839 3412
f 3412 5839 5846
f 3412 5846 3409
f 3409 5846 5847
f 3409 5847 5845
f 5841 5848 3417
f 3417 5848 5849
f 3417 5849 3414
f 3414 5849 5850
f 3414 5850 5838
f 5840 3420 5851
f 5851 3420 3422
f 5851 3422 3330
f 3338 3336 5826
f 5826 3336 3334
f 5826 3334 5825
f 5825 3334 3332
f 5825 3332 3422
f 3422 3332 3331
f 3422 3331 3330
f 5843 5852 3403
f 3403 5852 5853
f 3403 5853 3400
f 3400 5853 5854
f 3400 5854 5837
f 3277 3394 5855
f 3394 3373 5856
f 3373 3372 5834
f 3373 5834 5856
f 5856 5834 5835
f 5856 5835 5857
f 5857 5835 5836
f 5857 5836 5858
f 5858 5836 5837
f 5858 5837 5859
f 5859 5837 5854
f 5859 5854 5860
f 5860 5854 5853
f 5860 5853 5861
f 5861 5853 5852
f 5861 5852 5862
f 5862 5852 5843
f 5862 5843 5863
f 5863 5843 5842
f 5863 5842 5864
f 5864 5842 5844
f 5864 5844 5865
f 5865 5844 5845
f 5865 5845 5866
f 5866 5845 5847
f 5866 5847 5867
f 5867 5847 5846
f 5867 5846 5868
f 5868 5846 5839
f 5868 5839 5869
f 5869 5839 5838
f 5869 5838 5870
f 5870 5838 5850
f 5870 5850 5871
f 5871 5850 5849
f 5871 5849 5872
f 5872 5849 5848
f 5872 5848 5873
f 5873 5848 5841
f 5873 5841 5874
f 5874 5841 5840
f 5874 5840 5875
f 5875 5840 5851
f 5875 5851 5876
f 5876 5851 3330
f 5876 3330 3328
f 3394 5856 5855
f 5855 5856 5857
f 5855 5857 5877
f 5877 5857 5858
f 5877 5858 5878
f 5878 5858 5859
f 5878 5859 5879
f 5879 5859 5860
f 5879 5860 5880
f 5880 5860 5861
f 5880 5861 5881
f 5881 5861 5862
f 5881 5862 5882
f 5882 5862 5863
f 5882 5863 5883
f 5883 5863 5864
f 5883 5864 5884
f 5884 5864 5865
f 5884 5865 5885
f 5885 5865 5866
f 5885 5866 5886
f 5886 5866 5867
f 5886 5867 5887
f 5887 5867 5868
f 5887 5868 5888
f 5888 5868 5869
f 5888 5869 5889
f 5889 5869 5870
f 5889 5870 5890
f 5890 5870 5871
f 5890 5871 5891
f 5891 5871 5872
f 5891 5872 5892
f 5892 5872 5873
f 5892 5873 5893
f 5893 5873 5874
f 5893 5874 5894
f 5894 5874 5875
f 5894 5875 5895
f 5895 5875 5876
f 5895 5876 5896
f 5896 5876 3328
f 5896 3328 3326
f 3277 5855 5897
f 5897 5855 5877
f 5897 5877 5898
f 5898 5877 5878
f 5898 5878 5899
f 5899 5878 5879
f 5899 5879 5900
f 5900 5879 5880
f 5900 5880 5901
f 5901 5880 5881
f 5901 5881 5902
f 5902 5881 5882
f 5902 5882 5903
f 5903 5882 5883
f 5903 5883 5904
f 5904 5883 5884
f 5904 5884 5905
f 5905 5884 5885
f 5905 5885 5906
f 5906 5885 5886
f 5906 5886 5907
f 5907 5886 5887
f 5907 5887 5908
f 5908 5887 5888
f 5908 5888 5909
f 5909 5888 5889
f 5909 5889 5910
f 5910 5889 5890
f 5910 5890 5911
f 5911 5890 5891
f 5911 5891 5912
f 5912 5891 5892
f 5912 5892 5913
f 5913 5892 5893
f 5913 5893 5914
f 5914 5893 5894
f 5914 5894 5915
f 5915 5894 5895
f 5915 5895 5916
f 5916 5895 5896
f 5916 5896 5917
f 5917 5896 3326
f 5917 3326 3325
f 3325 3217 5917
f 5917 3217 3219
f 5917 3219 5916
f 5916 3219 3221
f 5916 3221 5915
f 3221 3222 5915
f 5915 3222 3215
f 5915 3215 5914
f 5914 3215 3213
f 5914 3213 5913
f 5913 3213 3212
f 5913 3212 5912
f 5912 3212 3210
f 5912 3210 5911
f 3210 3209 5911
f 5911 3209 3207
f 5911 3207 5910
f 5910 3207 3205
f 5910 3205 5909
f 5909 3205 3204
f 5909 3204 5908
f 3204 3202 5908
f 5908 3202 3201
f 5908 3201 5907
f 5907 3201 3199
f 5907 3199 5906
f 5906 3199 3197
f 5906 3197 5905
f 5905 3197 3196
f 5905 3196 5904
f 3196 3194 5904
f 5904 3194 3193
f 5904 3193 5903
f 5903 3193 3191
f 5903 3191 5902
f 5902 3191 3190
f 5902 3190 5901
f 5901 3190 3188
f 5901 3188 5900
f 3188 3186 5900
f 5900 3186 3185
f 5900 3185 5899
f 5899 3185 3183
f 5899 3183 5898
f 5898 3183 3182
f 5898 3182 5897
f 5897 3182 3180
f 5897 3180 3277
f 3277 3180 3178
f 3218 3217 5918
f 5918 3217 3324
f 5918 3324 5919
f 3324 3322 5919
f 5919 3322 3320
f 5919 3320 5920
f 3320 3318 5920
f 5920 3318 3317
f 5920 3317 5921
f 5921 3317 3315
f 5921 3315 5922
f 3315 3313 5922
f 5922 3313 3311
f 5922 3311 5923
f 3311 3309 5923
f 5923 3309 3308
f 5923 3308 5924
f 3308 3306 5924
f 5924 3306 3304
f 5924 3304 5925
f 5925 3304 3302
f 5925 3302 5926
f 3302 3301 5926
f 5926 3301 3299
f 5926 3299 5927
f 3299 3297 5927
f 5927 3297 3295
f 5927 3295 5928
f 5928 3295 3293
f 5928 3293 5929
f 3293 3292 5929
f 5929 3292 3290
f 5929 3290 5930
f 3290 3288 5930
f 5930 3288 3286
f 5930 3286 5931
f 5931 3286 3284
f 5931 3284 5932
f 3178 3177 3279
f 3279 3177 5933
f 3279 5933 3281
f 3281 5933 5932
f 3281 5932 3283
f 3283 5932 3284
f 3177 3240 5933
f 5933 3240 5934
f 5933 5934 5932
f 5932 5934 5935
f 5932 5935 5931
f 5931 5935 5936
f 5931 5936 5930
f 5930 5936 5937
f 5930 5937 5929
f 5929 5937 5938
f 5929 5938 5928
f 5928 5938 5939
f 5928 5939 5927
f 5927 5939 5940
f 5927 5940 5926
f 5926 5940 5941
f 5926 5941 5925
f 5925 5941 5942
f 5925 5942 5924
f 5924 5942 5943
f 5924 5943 5923
f 5923 5943 5944
f 5923 5944 5922
f 5922 5944 5945
f 5922 5945 5921
f 5921 5945 5946
f 5921 5946 5920
f 5920 5946 5947
f 5920 5947 5919
f 5919 5947 5948
f 5919 5948 5918
f 5918 5948 5949
f 5918 5949 3218
f 3218 5949 3223
f 3240 3258 5934
f 5934 3258 5950
f 5934 5950 5935
f 5935 5950 5951
f 5935 5951 5936
f 5936 5951 5952
f 5936 5952 5937
f 5937 5952 5953
f 5937 5953 5938
f 5938 5953 5954
f 5938 5954 5939
f 5939 5954 5955
f 5939 5955 5940
f 5940 5955 5956
f 5940 5956 5941
f 5941 5956 5957
f 5941 5957 5942
f 5942 5957 5958
f 5942 5958 5943
f 5943 5958 5959
f 5943 5959 5944
f 5944 5959 5960
f 5944 5960 5945
f 5945 5960 5961
f 5945 5961 5946
f 5946 5961 5962
f 5946 5962 5947
f 5947 5962 5963
f 5947 5963 5948
f 5948 5963 5964
f 5948 5964 5949
f 5949 5964 5965
f 5949 5965 3223
f 3223 5965 3241
f 3258 3276 5950
f 5950 3276 5966
f 5950 5966 5951
f 5951 5966 5967
f 5951 5967 5952
f 5952 5967 5968
f 5952 5968 5953
f 5953 5968 5969
f 5953 5969 5954
f 5954 5969 5970
f 5954 5970 5955
f 5955 5970 5971
f 5955 5971 5956
f 5956 5971 5972
f 5956 5972 5957
f 5957 5972 5973
f 5957 5973 5958
f 5958 5973 5974
f 5958 5974 5959
f 5959 5974 5975
f 5959 5975 5960
f 5960 5975 5976
f 5960 5976 5961
f 5961 5976 5977
f 5961 5977 5962
f 5962 5977 5978
f 5962 5978 5963
f 5963 5978 5979
f 5963 5979 5964
f 5964 5979 5980
f 5964 5980 5965
f 5965 5980 5981
f 5965 5981 3241
f 3241 5981 3259
f 3273 3114 3274
f 3274 3114 3115
f 3274 3115 3275
f 3275 3115 3144
f 3275 3144 3276
f 3276 3144 3143
f 3276 3143 5966
f 5966 3143 5982
f 5966 5982 5967
f 5971 5983 5972
f 5972 5983 5984
f 5972 5984 5973
f 5973 5984 5985
f 5973 5985 5974
f 5974 5985 5986
f 5974 5986 5975
f 5982 5987 5967
f 5967 5987 5988
f 5967 5988 5968
f 5968 5988 5989
f 5968 5989 5969
f 5969 5989 5990
f 5969 5990 5970
f 5970 5990 5991
f 5970 5991 5971
f 5971 5991 5992
f 5971 5992 5983
f 3269 3151 3270
f 3270 3151 3109
f 3270 3109 3271
f 3271 3109 3108
f 3271 3108 3272
f 3272 3108 3111
f 3272 3111 3273
f 3273 3111 3113
f 3273 3113 3114
f 5986 5993 5975
f 5975 5993 5994
f 5975 5994 5976
f 5976 5994 5995
f 5976 5995 5977
f 5977 5995 5996
f 5977 5996 5978
f 5978 5996 5997
f 5978 5997 5979
f 3265 3103 3266
f 3266 3103 3106
f 3266 3106 3267
f 3267 3106 3116
f 3267 3116 3268
f 3268 3116 3117
f 3268 3117 3269
f 3269 3117 3118
f 3269 3118 3151
f 3261 3119 3262
f 3262 3119 3120
f 3262 3120 3263
f 3263 3120 3121
f 3263 3121 3264
f 3264 3121 3158
f 3264 3158 3265
f 3265 3158 3104
f 3265 3104 3103
f 5997 5998 5979
f 5979 5998 5999
f 5979 5999 5980
f 5980 5999 6000
f 5980 6000 5981
f 5981 6000 6001
f 5981 6001 3259
f 3259 6001 3099
f 3259 3099 3260
f 3260 3099 3098
f 3260 3098 3261
f 3261 3098 3101
f 3261 3101 3119
f 6002 6003 6004
f 6005 6006 6007
f 6008 6009 6010
f 5982 3143 3162
f 5987 5982 6011
f 5983 5992 6012
f 5984 5983 6013
f 5996 5995 6014
f 5997 5996 6015
f 5998 6009 5999
f 5999 6009 6008
f 5999 6008 6000
f 5985 6006 5986
f 5986 6006 6005
f 5986 6005 5993
f 5988 6003 5989
f 5989 6003 6002
f 5989 6002 5990
f 6016 6017 6018
f 6019 6010 6020
f 6020 6010 6009
f 6020 6009 6021
f 6021 6009 5998
f 6021 5998 5997
f 6022 6023 6024
f 6025 6007 6026
f 6026 6007 6006
f 6026 6006 6027
f 6027 6006 5985
f 6027 5985 5984
f 6028 6029 6030
f 6031 6004 6032
f 6032 6004 6003
f 6032 6003 6033
f 6033 6003 5988
f 6033 5988 5987
f 6034 6017 6035
f 6035 6017 6016
f 6035 6016 6036
f 3099 6001 6018
f 6018 6001 6037
f 6018 6037 6016
f 6016 6037 6038
f 6016 6038 6036
f 6036 6038 6039
f 6036 6039 6040
f 6040 6039 6041
f 6042 6023 6043
f 6043 6023 6022
f 6043 6022 6044
f 5995 5994 6024
f 6024 5994 6045
f 6024 6045 6022
f 6022 6045 6046
f 6022 6046 6044
f 6044 6046 6047
f 6044 6047 6048
f 6048 6047 6049
f 6050 6029 6051
f 6051 6029 6028
f 6051 6028 6052
f 5992 5991 6030
f 6030 5991 6053
f 6030 6053 6028
f 6028 6053 6054
f 6028 6054 6052
f 6052 6054 6055
f 6052 6055 6056
f 6056 6055 6057
f 3099 6018 3100
f 3100 6018 6017
f 3100 6017 3175
f 3175 6017 6034
f 3175 6034 3176
f 3176 6034 6058
f 3176 6058 3069
f 6040 6059 6036
f 6036 6059 6060
f 6036 6060 6035
f 6035 6060 6061
f 6035 6061 6034
f 6034 6061 6062
f 6034 6062 6058
f 6063 6041 6019
f 6019 6041 6039
f 6019 6039 6010
f 6010 6039 6038
f 6010 6038 6008
f 6008 6038 6037
f 6008 6037 6000
f 6000 6037 6001
f 6064 6065 6066
f 5997 6015 6021
f 6021 6015 6067
f 6021 6067 6020
f 6020 6067 6064
f 6020 6064 6019
f 6019 6064 6066
f 6019 6066 6063
f 5996 6014 6015
f 6015 6014 6068
f 6015 6068 6067
f 6067 6068 6069
f 6067 6069 6064
f 6064 6069 6070
f 6064 6070 6065
f 5995 6024 6014
f 6014 6024 6023
f 6014 6023 6068
f 6068 6023 6042
f 6068 6042 6069
f 6069 6042 6071
f 6069 6071 6070
f 6048 6072 6044
f 6044 6072 6073
f 6044 6073 6043
f 6043 6073 6074
f 6043 6074 6042
f 6042 6074 6075
f 6042 6075 6071
f 6076 6049 6025
f 6025 6049 6047
f 6025 6047 6007
f 6007 6047 6046
f 6007 6046 6005
f 6005 6046 6045
f 6005 6045 5993
f 5993 6045 5994
f 6077 6078 6079
f 5984 6013 6027
f 6027 6013 6080
f 6027 6080 6026
f 6026 6080 6077
f 6026 6077 6025
f 6025 6077 6079
f 6025 6079 6076
f 5983 6012 6013
f 6013 6012 6081
f 6013 6081 6080
f 6080 6081 6082
f 6080 6082 6077
f 6077 6082 6083
f 6077 6083 6078
f 5992 6030 6012
f 6012 6030 6029
f 6012 6029 6081
f 6081 6029 6050
f 6081 6050 6082
f 6082 6050 6084
f 6082 6084 6083
f 6056 6085 6052
f 6052 6085 6086
f 6052 6086 6051
f 6051 6086 6087
f 6051 6087 6050
f 6050 6087 6088
f 6050 6088 6084
f 6089 6057 6031
f 6031 6057 6055
f 6031 6055 6004
f 6004 6055 6054
f 6004 6054 6002
f 6002 6054 6053
f 6002 6053 5990
f 5990 6053 5991
f 6090 6091 6092
f 5987 6011 6033
f 6033 6011 6093
f 6033 6093 6032
f 6032 6093 6090
f 6032 6090 6031
f 6031 6090 6092
f 6031 6092 6089
f 5982 3162 6011
f 6011 3162 3163
f 6011 3163 6093
f 6093 3163 3164
f 6093 3164 6090
f 6090 3164 3020
f 6090 3020 6091
f 2898 3069 2899
f 2899 3069 6058
f 2899 6058 2900
f 2900 6058 6062
f 2900 6062 2902
f 2902 6062 6061
f 2902 6061 2903
f 2903 6061 6060
f 2903 6060 2905
f 2905 6060 6059
f 2905 6059 2906
f 2906 6059 6040
f 2906 6040 2908
f 2908 6040 6041
f 2908 6041 2910
f 2910 6041 6063
f 2910 6063 2911
f 2911 6063 6066
f 2911 6066 2913
f 2913 6066 6065
f 2913 6065 2914
f 2914 6065 6070
f 6076 2929 6049
f 6049 2929 2928
f 6049 2928 6048
f 6048 2928 2926
f 6048 2926 6072
f 6072 2926 2924
f 6072 2924 6073
f 6073 2924 2922
f 6073 2922 6074
f 6074 2922 2921
f 6074 2921 6075
f 6075 2921 2920
f 6075 2920 6071
f 6071 2920 2918
f 6071 2918 6070
f 6070 2918 2916
f 6070 2916 2914
f 6084 2937 6083
f 6083 2937 2936
f 6083 2936 6078
f 6078 2936 2934
f 6078 2934 6079
f 6079 2934 2932
f 6079 2932 6076
f 6076 2932 2930
f 6076 2930 2929
f 3020 2954 6091
f 6091 2954 2953
f 6091 2953 6092
f 6092 2953 2952
f 6092 2952 6089
f 6089 2952 2950
f 6089 2950 6057
f 6057 2950 2948
f 6057 2948 6056
f 6056 2948 2946
f 6056 2946 6085
f 6085 2946 2945
f 6085 2945 6086
f 6086 2945 2944
f 6086 2944 6087
f 6087 2944 2942
f 6087 2942 6088
f 6088 2942 2940
f 6088 2940 6084
f 6084 2940 2938
f 6084 2938 2937
f 3019 2997 6094
f 2997 2976 6095
f 2976 2955 6096
f 2955 2954 3021
f 2955 3021 6096
f 6096 3021 3023
f 6096 3023 6097
f 3023 3025 6097
f 6097 3025 3027
f 6097 3027 6098
f 3027 3029 6098
f 6098 3029 3031
f 6098 3031 6099
f 6099 3031 3033
f 6099 3033 6100
f 3033 3035 6100
f 6100 3035 3037
f 6100 3037 6101
f 3037 3039 6101
f 6101 3039 3041
f 6101 3041 6102
f 6102 3041 3059
f 6102 3059 6103
f 6103 3059 3058
f 6103 3058 6104
f 6104 3058 3056
f 3056 3054 6104
f 6104 3054 3052
f 6104 3052 6105
f 6105 3052 3050
f 6105 3050 6106
f 6106 3050 3048
f 6106 3048 6107
f 6107 3048 3046
f 3046 3044 6107
f 6107 3044 3068
f 6107 3068 6108
f 6108 3068 3067
f 6108 3067 6109
f 6109 3067 3065
f 6109 3065 6110
f 6110 3065 3063
f 3063 3061 6110
f 6110 3061 3088
f 6110 3088 6111
f 6111 3088 3087
f 6111 3087 6112
f 6112 3087 3085
f 6112 3085 6113
f 6113 3085 3083
f 3083 3081 6113
f 6113 3081 3079
f 6113 3079 6114
f 6114 3079 3077
f 6114 3077 6115
f 6115 3077 3075
f 6115 3075 6116
f 6116 3075 3073
f 3073 3071 6116
f 6116 3071 2898
f 6116 2898 2896
f 2976 6096 6095
f 6095 6096 6097
f 6095 6097 6117
f 6117 6097 6098
f 6117 6098 6118
f 6118 6098 6099
f 6118 6099 6119
f 6119 6099 6100
f 6119 6100 6120
f 6120 6100 6101
f 6120 6101 6121
f 6121 6101 6102
f 6121 6102 6122
f 6122 6102 6103
f 6122 6103 6123
f 6123 6103 6104
f 6123 6104 6124
f 6124 6104 6105
f 6124 6105 6125
f 6125 6105 6106
f 6125 6106 6126
f 6126 6106 6107
f 6126 6107 6127
f 6127 6107 6108
f 6127 6108 6128
f 6128 6108 6109
f 6128 6109 6129
f 6129 6109 6110
f 6129 6110 6130
f 6130 6110 6111
f 6130 6111 6131
f 6131 6111 6112
f 6131 6112 6132
f 6132 6112 6113
f 6132 6113 6133
f 6133 6113 6114
f 6133 6114 6134
f 6134 6114 6115
f 6134 6115 6135
f 6135 6115 6116
f 6135 6116 6136
f 6136 6116 2896
f 6136 2896 2894
f 2997 6095 6094
f 6094 6095 6117
f 6094 6117 6137
f 6137 6117 6118
f 6137 6118 6138
f 6138 6118 6119
f 6138 6119 6139
f 6139 6119 6120
f 6139 6120 6140
f 6140 6120 6121
f 6140 6121 6141
f 6141 6121 6122
f 6141 6122 6142
f 6142 6122 6123
f 6142 6123 6143
f 6143 6123 6124
f 6143 6124 6144
f 6144 6124 6125
f 6144 6125 6145
f 6145 6125 6126
f 6145 6126 6146
f 6146 6126 6127
f 6146 6127 6147
f 6147 6127 6128
f 6147 6128 6148
f 6148 6128 6129
f 6148 6129 6149
f 6149 6129 6130
f 6149 6130 6150
f 6150 6130 6131
f 6150 6131 6151
f 6151 6131 6132
f 6151 6132 6152
f 6152 6132 6133
f 6152 6133 6153
f 6153 6133 6134
f 6153 6134 6154
f 6154 6134 6135
f 6154 6135 6155
f 6155 6135 6136
f 6155 6136 6156
f 6156 6136 2894
f 6156 2894 2892
f 3019 6094 6157
f 6157 6094 6137
f 6157 6137 6158
f 6158 6137 6138
f 6158 6138 6159
f 6159 6138 6139
f 6159 6139 6160
f 6160 6139 6140
f 6160 6140 6161
f 6161 6140 6141
f 6161 6141 6162
f 6162 6141 6142
f 6162 6142 6163
f 6163 6142 6143
f 6163 6143 6164
f 6164 6143 6144
f 6164 6144 6165
f 6165 6144 6145
f 6165 6145 6166
f 6166 6145 6146
f 6166 6146 6167
f 6167 6146 6147
f 6167 6147 6168
f 6168 6147 6148
f 6168 6148 6169
f 6169 6148 6149
f 6169 6149 6170
f 6170 6149 6150
f 6170 6150 6171
f 6171 6150 6151
f 6171 6151 6172
f 6172 6151 6152
f 6172 6152 6173
f 6173 6152 6153
f 6173 6153 6174
f 6174 6153 6154
f 6174 6154 6175
f 6175 6154 6155
f 6175 6155 6176
f 6176 6155 6156
f 6176 6156 6177
f 6177 6156 2892
f 6177 2892 2891
f 3008 3009 2790
f 3019 2820 3018
f 3018 2820 2818
f 3018 2818 3017
f 3011 2796 3010
f 3010 2796 2794
f 3010 2794 3009
f 3009 2794 2792
f 3009 2792 2790
f 3015 2808 3014
f 3014 2808 2806
f 3014 2806 3013
f 6157 6178 3019
f 3019 6178 2822
f 3019 2822 2820
f 2818 2816 3017
f 3017 2816 2814
f 3017 2814 3016
f 3016 2814 2812
f 3016 2812 3015
f 3015 2812 2810
f 3015 2810 2808
f 6167 6168 6179
f 3006 2780 3005
f 3005 2780 2778
f 3005 2778 3004
f 2790 2788 3008
f 3008 2788 2786
f 3008 2786 3007
f 3007 2786 2784
f 3007 2784 3006
f 3006 2784 2782
f 3006 2782 2780
f 2806 2804 3013
f 3013 2804 2802
f 3013 2802 3012
f 3012 2802 2800
f 3012 2800 3011
f 3011 2800 2798
f 3011 2798 2796
f 6163 6180 6162
f 6162 6180 6181
f 6162 6181 6161
f 6170 6182 6169
f 6169 6182 6183
f 6169 6183 6168
f 6168 6183 6184
f 6168 6184 6179
f 6159 6185 6158
f 6158 6185 6186
f 6158 6186 6157
f 6157 6186 6187
f 6157 6187 6178
f 6181 6188 6161
f 6161 6188 6189
f 6161 6189 6160
f 6160 6189 6190
f 6160 6190 6159
f 6159 6190 6191
f 6159 6191 6185
f 6174 6192 6173
f 6173 6192 6193
f 6173 6193 6172
f 6176 6194 6175
f 6175 6194 6195
f 6175 6195 6174
f 6174 6195 6196
f 6174 6196 6192
f 6165 6197 6164
f 6164 6197 6198
f 6164 6198 6163
f 6163 6198 6199
f 6163 6199 6180
f 6179 6200 6167
f 6167 6200 6201
f 6167 6201 6166
f 6166 6201 6202
f 6166 6202 6165
f 6165 6202 6203
f 6165 6203 6197
f 2891 6204 6177
f 6177 6204 6205
f 6177 6205 6176
f 6176 6205 6206
f 6176 6206 6194
f 2778 2776 3004
f 3004 2776 2774
f 3004 2774 3003
f 3003 2774 2772
f 3003 2772 3002
f 6193 6207 6172
f 6172 6207 6208
f 6172 6208 6171
f 6171 6208 6209
f 6171 6209 6170
f 6170 6209 6210
f 6170 6210 6182
f 2998 2757 2891
f 2891 2757 2756
f 2891 2756 6204
f 2772 2770 3002
f 3002 2770 2768
f 3002 2768 3001
f 3001 2768 2766
f 3001 2766 3000
f 2766 2764 3000
f 3000 2764 2762
f 3000 2762 2999
f 2999 2762 2760
f 2999 2760 2998
f 2998 2760 2758
f 2998 2758 2757
f 2890 2856 6211
f 2856 2823 6212
f 2823 2822 6178
f 2823 6178 6212
f 6212 6178 6187
f 6212 6187 6213
f 6213 6187 6186
f 6213 6186 6214
f 6214 6186 6185
f 6214 6185 6215
f 6215 6185 6191
f 6215 6191 6216
f 6216 6191 6190
f 6216 6190 6217
f 6217 6190 6189
f 6217 6189 6218
f 6218 6189 6188
f 6218 6188 6219
f 6219 6188 6181
f 6219 6181 6220
f 6220 6181 6180
f 6220 6180 6221
f 6221 6180 6199
f 6221 6199 6222
f 6222 6199 6198
f 6222 6198 6223
f 6223 6198 6197
f 6223 6197 6224
f 6224 6197 6203
f 6224 6203 6225
f 6225 6203 6202
f 6225 6202 6226
f 6226 6202 6201
f 6226 6201 6227
f 6227 6201 6200
f 6227 6200 6228
f 6228 6200 6179
f 6228 6179 6229
f 6229 6179 6184
f 6229 6184 6230
f 6230 6184 6183
f 6230 6183 6231
f 6231 6183 6182
f 6231 6182 6232
f 6232 6182 6210
f 6232 6210 6233
f 6233 6210 6209
f 6233 6209 6234
f 6234 6209 6208
f 6234 6208 6235
f 6235 6208 6207
f 6235 6207 6236
f 6236 6207 6193
f 6236 6193 6237
f 6237 6193 6192
f 6237 6192 6238
f 6238 6192 6196
f 6238 6196 6239
f 6239 6196 6195
f 6239 6195 6240
f 6240 6195 6194
f 6240 6194 6241
f 6241 6194 6206
f 6241 6206 6242
f 6242 6206 6205
f 6242 6205 6243
f 6243 6205 6204
f 6243 6204 6244
f 6244 6204 2756
f 6244 2756 2754
f 2856 6212 6211
f 6211 6212 6213
f 6211 6213 6245
f 6245 6213 6214
f 6245 6214 6246
f 6246 6214 6215
f 6246 6215 6247
f 6247 6215 6216
f 6247 6216 6248
f 6248 6216 6217
f 6248 6217 6249
f 6249 6217 6218
f 6249 6218 6250
f 6250 6218 6219
f 6250 6219 6251
f 6251 6219 6220
f 6251 6220 6252
f 6252 6220 6221
f 6252 6221 6253
f 6253 6221 6222
f 6253 6222 6254
f 6254 6222 6223
f 6254 6223 6255
f 6255 6223 6224
f 6255 6224 6256
f 6256 6224 6225
f 6256 6225 6257
f 6257 6225 6226
f 6257 6226 6258
f 6258 6226 6227
f 6258 6227 6259
f 6259 6227 6228
f 6259 6228 6260
f 6260 6228 6229
f 6260 6229 6261
f 6261 6229 6230
f 6261 6230 6262
f 6262 6230 6231
f 6262 6231 6263
f 6263 6231 6232
f 6263 6232 6264
f 6264 6232 6233
f 6264 6233 6265
f 6265 6233 6234
f 6265 6234 6266
f 6266 6234 6235
f 6266 6235 6267
f 6267 6235 6236
f 6267 6236 6268
f 6268 6236 6237
f 6268 6237 6269
f 6269 6237 6238
f 6269 6238 6270
f 6270 6238 6239
f 6270 6239 6271
f 6271 6239 6240
f 6271 6240 6272
f 6272 6240 6241
f 6272 6241 6273
f 6273 6241 6242
f 6273 6242 6274
f 6274 6242 6243
f 6274 6243 6275
f 6275 6243 6244
f 6275 6244 6276
f 6276 6244 2754
f 6276 2754 2752
f 2890 6211 5276
f 5276 6211 6245
f 5276 6245 5274
f 5274 6245 6246
f 5274 6246 5272
f 5272 6246 6247
f 5272 6247 5277
f 5277 6247 6248
f 5277 6248 5278
f 5278 6248 6249
f 5278 6249 5280
f 5280 6249 6250
f 5280 6250 5281
f 5281 6250 6251
f 5281 6251 5283
f 5283 6251 6252
f 5283 6252 5285
f 5285 6252 6253
f 5285 6253 5286
f 5286 6253 6254
f 5286 6254 5287
f 5287 6254 6255
f 5287 6255 5289
f 5289 6255 6256
f 5289 6256 5291
f 5291 6256 6257
f 5291 6257 5292
f 5292 6257 6258
f 5292 6258 5294
f 5294 6258 6259
f 5294 6259 5295
f 5295 6259 6260
f 5295 6260 5297
f 5297 6260 6261
f 5297 6261 5298
f 5298 6261 6262
f 5298 6262 5300
f 5300 6262 6263
f 5300 6263 5301
f 5301 6263 6264
f 5301 6264 5303
f 5303 6264 6265
f 5303 6265 5304
f 5304 6265 6266
f 5304 6266 5305
f 5305 6266 6267
f 5305 6267 5307
f 5307 6267 6268
f 5307 6268 5309
f 5309 6268 6269
f 5309 6269 5310
f 5310 6269 6270
f 5310 6270 5312
f 5312 6270 6271
f 5312 6271 5313
f 5313 6271 6272
f 5313 6272 5315
f 5315 6272 6273
f 5315 6273 5316
f 5316 6273 6274
f 5316 6274 5318
f 5318 6274 6275
f 5318 6275 5319
f 5319 6275 6276
f 5319 6276 5320
f 5320 6276 2752
f 5320 2752 2751
f 2750 2725 6277
f 2725 2701 6278
f 2701 2700 6279
f 2701 6279 6278
f 6278 6279 6280
f 6278 6280 6281
f 6281 6280 6282
f 6281 6282 6283
f 6283 6282 6284
f 6283 6284 6285
f 6285 6284 6286
f 6285 6286 6287
f 6287 6286 6288
f 6287 6288 6289
f 6289 6288 6290
f 6289 6290 6291
f 6291 6290 6292
f 6291 6292 6293
f 6293 6292 6294
f 6293 6294 6295
f 6295 6294 6296
f 6295 6296 6297
f 6297 6296 6298
f 6297 6298 6299
f 6299 6298 6300
f 6299 6300 6301
f 6301 6300 6302
f 6301 6302 6303
f 6303 6302 6304
f 6303 6304 6305
f 6305 6304 6306
f 6305 6306 6307
f 6307 6306 6308
f 6307 6308 6309
f 6309 6308 6310
f 6309 6310 6311
f 6311 6310 6312
f 6311 6312 6313
f 6313 6312 6314
f 6313 6314 6315
f 6315 6314 6316
f 6315 6316 6317
f 6317 6316 6318
f 6317 6318 6319
f 6319 6318 6320
f 6319 6320 6321
f 6321 6320 6322
f 6321 6322 6323
f 6323 6322 6324
f 6323 6324 6325
f 6325 6324 2652
f 6325 2652 2650
f 2725 6278 6277
f 6277 6278 6281
f 6277 6281 6326
f 6326 6281 6283
f 6326 6283 6327
f 6327 6283 6285
f 6327 6285 6328
f 6328 6285 6287
f 6328 6287 6329
f 6329 6287 6289
f 6329 6289 6330
f 6330 6289 6291
f 6330 6291 6331
f 6331 6291 6293
f 6331 6293 6332
f 6332 6293 6295
f 6332 6295 6333
f 6333 6295 6297
f 6333 6297 6334
f 6334 6297 6299
f 6334 6299 6335
f 6335 6299 6301
f 6335 6301 6336
f 6336 6301 6303
f 6336 6303 6337
f 6337 6303 6305
f 6337 6305 6338
f 6338 6305 6307
f 6338 6307 6339
f 6339 6307 6309
f 6339 6309 6340
f 6340 6309 6311
f 6340 6311 6341
f 6341 6311 6313
f 6341 6313 6342
f 6342 6313 6315
f 6342 6315 6343
f 6343 6315 6317
f 6343 6317 6344
f 6344 6317 6319
f 6344 6319 6345
f 6345 6319 6321
f 6345 6321 6346
f 6346 6321 6323
f 6346 6323 6347
f 6347 6323 6325
f 6347 6325 6348
f 6348 6325 2650
f 6348 2650 2648
f 2750 6277 6349
f 6349 6277 6326
f 6349 6326 6350
f 6350 6326 6327
f 6350 6327 6351
f 6351 6327 6328
f 6351 6328 6352
f 6352 6328 6329
f 6352 6329 6353
f 6353 6329 6330
f 6353 6330 6354
f 6354 6330 6331
f 6354 6331 6355
f 6355 6331 6332
f 6355 6332 6356
f 6356 6332 6333
f 6356 6333 6357
f 6357 6333 6334
f 6357 6334 6358
f 6358 6334 6335
f 6358 6335 6359
f 6359 6335 6336
f 6359 6336 6360
f 6360 6336 6337
f 6360 6337 6361
f 6361 6337 6338
f 6361 6338 6362
f 6362 6338 6339
f 6362 6339 6363
f 6363 6339 6340
f 6363 6340 6364
f 6364 6340 6341
f 6364 6341 6365
f 6365 6341 6342
f 6365 6342 6366
f 6366 6342 6343
f 6366 6343 6367
f 6367 6343 6344
f 6367 6344 6368
f 6368 6344 6345
f 6368 6345 6369
f 6369 6345 6346
f 6369 6346 6370
f 6370 6346 6347
f 6370 6347 6371
f 6371 6347 6348
f 6371 6348 6372
f 6372 6348 2648
f 6372 2648 2647
f 5293 6298 5290
f 5290 6298 6296
f 5290 6296 5288
f 5273 6280 5275
f 5275 6280 6279
f 5275 6279 4170
f 6296 6294 5288
f 5288 6294 6292
f 5288 6292 5284
f 5284 6292 6290
f 5284 6290 5282
f 5299 6304 5296
f 5296 6304 6302
f 5296 6302 5293
f 5293 6302 6300
f 5293 6300 6298
f 6279 2700 4170
f 4170 2700 2698
f 4170 2698 4169
f 4169 2698 2696
f 4169 2696 4168
f 4168 2696 2694
f 4168 2694 4167
f 6290 6288 5282
f 5282 6288 6286
f 5282 6286 5279
f 5279 6286 6284
f 5279 6284 5273
f 5273 6284 6282
f 5273 6282 6280
f 4161 2672 4160
f 4160 2672 2670
f 4160 2670 4159
f 4165 2684 4164
f 4164 2684 2682
f 4164 2682 4163
f 4157 2660 4156
f 4156 2660 2658
f 4156 2658 4153
f 2682 2680 4163
f 4163 2680 2678
f 4163 2678 4162
f 4162 2678 2676
f 4162 2676 4161
f 4161 2676 2674
f 4161 2674 2672
f 2694 2692 4167
f 4167 2692 2690
f 4167 2690 4166
f 4166 2690 2688
f 4166 2688 4165
f 4165 2688 2686
f 4165 2686 2684
f 5306 6310 5302
f 5302 6310 6308
f 5302 6308 5299
f 5299 6308 6306
f 5299 6306 6304
f 5311 6316 5308
f 5308 6316 6314
f 5308 6314 5306
f 5306 6314 6312
f 5306 6312 6310
f 4155 6324 5317
f 5317 6324 6322
f 5317 6322 5314
f 5314 6322 6320
f 5314 6320 5311
f 5311 6320 6318
f 5311 6318 6316
f 2670 2668 4159
f 4159 2668 2666
f 4159 2666 4158
f 4158 2666 2664
f 4158 2664 4157
f 4157 2664 2662
f 4157 2662 2660
f 2658 2656 4153
f 4153 2656 2654
f 4153 2654 4154
f 4154 2654 2653
f 4154 2653 4155
f 4155 2653 2652
f 4155 2652 6324
f 4152 6373 5326
f 5326 6373 6374
f 5326 6374 5328
f 5328 6374 6375
f 5328 6375 5323
f 5344 6376 5347
f 5347 6376 6377
f 5347 6377 5352
f 5334 6378 5338
f 5338 6378 6379
f 5338 6379 5336
f 6379 6380 5336
f 5336 6380 6381
f 5336 6381 5341
f 5341 6381 6382
f 5341 6382 5344
f 5344 6382 6383
f 5344 6383 6376
f 6375 6384 5323
f 5323 6384 6385
f 5323 6385 5332
f 5332 6385 6386
f 5332 6386 5334
f 5334 6386 6387
f 5334 6387 6378
f 4150 2644 4151
f 4151 2644 2645
f 4151 2645 4152
f 4152 2645 2646
f 4152 2646 6373
f 4146 2638 4147
f 4147 2638 2639
f 4147 2639 4149
f 4144 2635 4145
f 4145 2635 2636
f 4145 2636 4146
f 4146 2636 2637
f 4146 2637 2638
f 2639 2640 4149
f 4149 2640 2641
f 4149 2641 4148
f 4148 2641 2642
f 4148 2642 4150
f 4150 2642 2643
f 4150 2643 2644
f 4140 2629 4142
f 4142 2629 2630
f 4142 2630 4141
f 4138 2626 4139
f 4139 2626 2627
f 4139 2627 4140
f 4140 2627 2628
f 4140 2628 2629
f 5358 6388 5361
f 5361 6388 6389
f 5361 6389 5364
f 6389 6390 5364
f 5364 6390 6391
f 5364 6391 5367
f 5367 6391 6392
f 5367 6392 4137
f 6377 6393 5352
f 5352 6393 6394
f 5352 6394 5356
f 5356 6394 6395
f 5356 6395 5358
f 5358 6395 6396
f 5358 6396 6388
f 2630 2631 4141
f 4141 2631 2632
f 4141 2632 4143
f 4143 2632 2633
f 4143 2633 4144
f 4144 2633 2634
f 4144 2634 2635
f 6392 2543 4137
f 4137 2543 2622
f 4137 2622 4136
f 4136 2622 2623
f 4136 2623 4135
f 4135 2623 2624
f 4135 2624 4138
f 4138 2624 2625
f 4138 2625 2626
f 2646 2621 6397
f 2621 2597 6398
f 2597 2596 6399
f 2597 6399 6398
f 6398 6399 6400
f 6398 6400 6401
f 6401 6400 6402
f 6401 6402 6403
f 6403 6402 6404
f 6403 6404 6405
f 6405 6404 6406
f 6405 6406 6407
f 6407 6406 6408
f 6407 6408 6409
f 6409 6408 6410
f 6409 6410 6411
f 6411 6410 6412
f 6411 6412 6413
f 6413 6412 6414
f 6413 6414 6415
f 6415 6414 6416
f 6415 6416 6417
f 6417 6416 6418
f 6417 6418 6419
f 6419 6418 6420
f 6419 6420 6421
f 6421 6420 6422
f 6421 6422 6423
f 6423 6422 6424
f 6423 6424 6425
f 6425 6424 6426
f 6425 6426 6427
f 6427 6426 6428
f 6427 6428 6429
f 6429 6428 6430
f 6429 6430 6431
f 6431 6430 6432
f 6431 6432 6433
f 6433 6432 6434
f 6433 6434 6435
f 6435 6434 6436
f 6435 6436 6437
f 6437 6436 6438
f 6437 6438 6439
f 6439 6438 6440
f 6439 6440 6441
f 6441 6440 6442
f 6441 6442 6443
f 6443 6442 6444
f 6443 6444 6445
f 6445 6444 2548
f 6445 2548 2546
f 2621 6398 6397
f 6397 6398 6401
f 6397 6401 6446
f 6446 6401 6403
f 6446 6403 6447
f 6447 6403 6405
f 6447 6405 6448
f 6448 6405 6407
f 6448 6407 6449
f 6449 6407 6409
f 6449 6409 6450
f 6450 6409 6411
f 6450 6411 6451
f 6451 6411 6413
f 6451 6413 6452
f 6452 6413 6415
f 6452 6415 6453
f 6453 6415 6417
f 6453 6417 6454
f 6454 6417 6419
f 6454 6419 6455
f 6455 6419 6421
f 6455 6421 6456
f 6456 6421 6423
f 6456 6423 6457
f 6457 6423 6425
f 6457 6425 6458
f 6458 6425 6427
f 6458 6427 6459
f 6459 6427 6429
f 6459 6429 6460
f 6460 6429 6431
f 6460 6431 6461
f 6461 6431 6433
f 6461 6433 6462
f 6462 6433 6435
f 6462 6435 6463
f 6463 6435 6437
f 6463 6437 6464
f 6464 6437 6439
f 6464 6439 6465
f 6465 6439 6441
f 6465 6441 6466
f 6466 6441 6443
f 6466 6443 6467
f 6467 6443 6445
f 6467 6445 6468
f 6468 6445 2546
f 6468 2546 2544
f 2646 6397 6373
f 6373 6397 6446
f 6373 6446 6374
f 6374 6446 6447
f 6374 6447 6375
f 6375 6447 6448
f 6375 6448 6384
f 6384 6448 6449
f 6384 6449 6385
f 6385 6449 6450
f 6385 6450 6386
f 6386 6450 6451
f 6386 6451 6387
f 6387 6451 6452
f 6387 6452 6378
f 6378 6452 6453
f 6378 6453 6379
f 6379 6453 6454
f 6379 6454 6380
f 6380 6454 6455
f 6380 6455 6381
f 6381 6455 6456
f 6381 6456 6382
f 6382 6456 6457
f 6382 6457 6383
f 6383 6457 6458
f 6383 6458 6376
f 6376 6458 6459
f 6376 6459 6377
f 6377 6459 6460
f 6377 6460 6393
f 6393 6460 6461
f 6393 6461 6394
f 6394 6461 6462
f 6394 6462 6395
f 6395 6462 6463
f 6395 6463 6396
f 6396 6463 6464
f 6396 6464 6388
f 6388 6464 6465
f 6388 6465 6389
f 6389 6465 6466
f 6389 6466 6390
f 6390 6466 6467
f 6390 6467 6391
f 6391 6467 6468
f 6391 6468 6392
f 6392 6468 2544
f 6392 2544 2543
f 2584 4444 2586
f 2586 4444 4445
f 2586 4445 2588
f 2588 4445 4446
f 2588 4446 2590
f 2590 4446 4447
f 2590 4447 2592
f 2592 4447 4448
f 2592 4448 2594
f 2594 4448 4449
f 2594 4449 2596
f 2596 4449 4450
f 2596 4450 6399
f 6399 4450 5116
f 6399 5116 6400
f 6400 5116 5117
f 6400 5117 6402
f 6402 5117 5118
f 6402 5118 6404
f 6404 5118 5119
f 6404 5119 6406
f 6406 5119 5120
f 6406 5120 6408
f 2558 4430 2560
f 2560 4430 4431
f 2560 4431 2562
f 2562 4431 4432
f 2562 4432 2564
f 2564 4432 4433
f 2564 4433 2566
f 2566 4433 4434
f 2566 4434 2568
f 2568 4434 4435
f 2568 4435 2570
f 2570 4435 4436
f 2570 4436 2572
f 2572 4436 4437
f 2572 4437 2574
f 2574 4437 4438
f 2574 4438 2576
f 2576 4438 4439
f 2576 4439 2578
f 2578 4439 4440
f 2578 4440 2580
f 2580 4440 4441
f 2580 4441 2582
f 2582 4441 4442
f 2582 4442 2584
f 2584 4442 4443
f 2584 4443 4444
f 6434 5136 6436
f 6436 5136 5137
f 6436 5137 6438
f 6438 5137 5138
f 6438 5138 6440
f 6440 5138 5139
f 6440 5139 6442
f 6442 5139 5140
f 6442 5140 6444
f 6444 5140 5141
f 6444 5141 2548
f 2548 5141 4311
f 2548 4311 2549
f 2549 4311 4424
f 2549 4424 2550
f 2550 4424 4425
f 2550 4425 2552
f 2552 4425 4426
f 2552 4426 2554
f 2554 4426 4427
f 2554 4427 2556
f 2556 4427 4428
f 2556 4428 2558
f 2558 4428 4429
f 2558 4429 4430
f 5120 5121 6408
f 6408 5121 5122
f 6408 5122 6410
f 6410 5122 5123
f 6410 5123 6412
f 6412 5123 5124
f 6412 5124 6414
f 6414 5124 5125
f 6414 5125 6416
f 6416 5125 5126
f 6416 5126 6418
f 6418 5126 5127
f 6418 5127 6420
f 6420 5127 5128
f 6420 5128 6422
f 6422 5128 5129
f 6422 5129 6424
f 6424 5129 5130
f 6424 5130 6426
f 6426 5130 5131
f 6426 5131 6428
f 6428 5131 5132
f 6428 5132 6430
f 6430 5132 5133
f 6430 5133 6432
f 6432 5133 5134
f 6432 5134 6434
f 6434 5134 5135
f 6434 5135 5136
f 6354 5154 6353
f 6353 5154 5152
f 6353 5152 6352
f 6352 5152 5150
f 6352 5150 6351
f 6351 5150 5148
f 6351 5148 6350
f 6350 5148 5146
f 6350 5146 6349
f 6349 5146 5145
f 6349 5145 2750
f 2750 5145 4230
f 2750 4230 2749
f 2749 4230 4228
f 2749 4228 2748
f 2748 4228 4226
f 2748 4226 2747
f 2747 4226 4224
f 2747 4224 2746
f 2746 4224 4222
f 2746 4222 2745
f 2745 4222 4220
f 2745 4220 2744
f 4220 4218 2744
f 2744 4218 4216
f 2744 4216 2743
f 2743 4216 4214
f 2743 4214 2742
f 2742 4214 4212
f 2742 4212 2741
f 2741 4212 4210
f 2741 4210 2740
f 2740 4210 4208
f 2740 4208 2739
f 2739 4208 4206
f 2739 4206 2738
f 2738 4206 4204
f 2738 4204 2737
f 2737 4204 4202
f 2737 4202 2736
f 2736 4202 4200
f 2736 4200 2735
f 2735 4200 4198
f 2735 4198 2734
f 2734 4198 4196
f 2734 4196 2733
f 2733 4196 4194
f 2733 4194 2732
f 2732 4194 4192
f 2732 4192 2731
f 6367 5182 6366
f 6366 5182 5180
f 6366 5180 6365
f 6365 5180 5178
f 6365 5178 6364
f 6364 5178 5176
f 6364 5176 6363
f 6363 5176 5174
f 6363 5174 6362
f 6362 5174 5172
f 6362 5172 6361
f 6361 5172 5170
f 6361 5170 6360
f 6360 5170 5168
f 6360 5168 6359
f 6359 5168 5166
f 6359 5166 6358
f 6358 5166 5164
f 6358 5164 6357
f 6357 5164 5162
f 6357 5162 6356
f 6356 5162 5160
f 6356 5160 6355
f 6355 5160 5158
f 6355 5158 6354
f 6354 5158 5156
f 6354 5156 5154
f 4192 4190 2731
f 2731 4190 4188
f 2731 4188 2730
f 2730 4188 4186
f 2730 4186 2729
f 2729 4186 4184
f 2729 4184 2728
f 2728 4184 4182
f 2728 4182 2727
f 2727 4182 4180
f 2727 4180 2726
f 2726 4180 4179
f 2726 4179 2647
f 2647 4179 4178
f 2647 4178 6372
f 6372 4178 5194
f 6372 5194 6371
f 6371 5194 5192
f 6371 5192 6370
f 6370 5192 5190
f 6370 5190 6369
f 6369 5190 5188
f 6369 5188 6368
f 6368 5188 5186
f 6368 5186 6367
f 6367 5186 5184
f 6367 5184 5182
f 2522 2471 2520
f 2520 2471 2469
f 2520 2469 2518
f 2512 2457 2510
f 2510 2457 2455
f 2510 2455 2508
f 2528 2479 2526
f 2526 2479 2477
f 2526 2477 2524
f 2524 2477 2475
f 2524 2475 2522
f 2522 2475 2473
f 2522 2473 2471
f 6469 6470 6471
f 6471 6470 6472
f 6471 6472 2542
f 6473 6474 6475
f 6475 6474 6476
f 6475 6476 6477
f 2503 6478 6479
f 6479 6478 6480
f 6479 6480 6481
f 6481 6480 6482
f 6481 6482 6473
f 6473 6482 6483
f 6473 6483 6474
f 2469 2467 2518
f 2518 2467 2465
f 2518 2465 2516
f 2516 2465 2463
f 2516 2463 2514
f 2514 2463 2461
f 2514 2461 2512
f 2512 2461 2459
f 2512 2459 2457
f 2532 2485 2530
f 2530 2485 2483
f 2530 2483 2528
f 2528 2483 2481
f 2528 2481 2479
f 6484 6485 6486
f 6486 6485 6487
f 6486 6487 6488
f 6488 6487 6489
f 6488 6489 6490
f 2536 2491 2534
f 2534 2491 2489
f 2534 2489 2532
f 2532 2489 2487
f 2532 2487 2485
f 6472 2501 2542
f 2542 2501 2499
f 2542 2499 2540
f 2540 2499 2497
f 2540 2497 2538
f 2538 2497 2495
f 2538 2495 2536
f 2536 2495 2493
f 2536 2493 2491
f 6491 6492 6493
f 6493 6492 6494
f 6493 6494 6484
f 6484 6494 6495
f 6484 6495 6485
f 6489 6496 6490
f 6490 6496 6497
f 6490 6497 6498
f 6498 6497 6499
f 6498 6499 6469
f 6469 6499 6500
f 6469 6500 6470
f 6501 6502 6503
f 6503 6502 6504
f 6503 6504 6505
f 6505 6504 6506
f 6505 6506 6491
f 6491 6506 6507
f 6491 6507 6492
f 6476 6508 6477
f 6477 6508 6509
f 6477 6509 6510
f 6510 6509 6511
f 6510 6511 6501
f 6501 6511 6512
f 6501 6512 6502
f 2455 2453 2508
f 2508 2453 2451
f 2508 2451 2506
f 2506 2451 2449
f 2506 2449 2503
f 2503 2449 2448
f 2503 2448 6478
f 2542 2541 6513
f 2542 6513 6471
f 6471 6513 6514
f 6471 6514 6469
f 6469 6514 6515
f 6469 6515 6498
f 6498 6515 6516
f 6498 6516 6490
f 6490 6516 6517
f 6490 6517 6488
f 6488 6517 6518
f 6488 6518 6486
f 6486 6518 6519
f 6486 6519 6484
f 6484 6519 6520
f 6484 6520 6493
f 6493 6520 6521
f 6493 6521 6491
f 6491 6521 6522
f 6491 6522 6505
f 6505 6522 6523
f 6505 6523 6503
f 6503 6523 6524
f 6503 6524 6501
f 6501 6524 6525
f 6501 6525 6510
f 6510 6525 6526
f 6510 6526 6477
f 6477 6526 6527
f 6477 6527 6475
f 6475 6527 6528
f 6475 6528 6473
f 6473 6528 6529
f 6473 6529 6481
f 6481 6529 6530
f 6481 6530 6479
f 6479 6530 2504
f 6479 2504 2503
f 6517 5253 6518
f 6518 5253 5254
f 6518 5254 6519
f 5254 5255 6519
f 6519 5255 5256
f 6519 5256 6520
f 6520 5256 5257
f 6520 5257 6521
f 6521 5257 5258
f 6521 5258 6522
f 5258 5259 6522
f 6522 5259 5260
f 6522 5260 6523
f 6523 5260 5261
f 6523 5261 6524
f 2513 4291 2515
f 2515 4291 4292
f 2515 4292 2517
f 2507 4287 2509
f 2509 4287 4288
f 2509 4288 2511
f 2511 4288 4289
f 2511 4289 2513
f 2513 4289 4290
f 2513 4290 4291
f 5261 5262 6524
f 6524 5262 5263
f 6524 5263 6525
f 6525 5263 5264
f 6525 5264 6526
f 2541 5246 6513
f 6513 5246 5247
f 6513 5247 6514
f 2504 4284 2505
f 2505 4284 4285
f 2505 4285 2507
f 2507 4285 4286
f 2507 4286 4287
f 6529 5270 6530
f 6530 5270 5271
f 6530 5271 2504
f 2504 5271 4171
f 2504 4171 4284
f 5247 5248 6514
f 6514 5248 5249
f 6514 5249 6515
f 6515 5249 5250
f 6515 5250 6516
f 6516 5250 5251
f 6516 5251 6517
f 6517 5251 5252
f 6517 5252 5253
f 2537 4308 2539
f 2539 4308 4309
f 2539 4309 2541
f 2541 4309 4310
f 2541 4310 5246
f 2531 4304 2533
f 2533 4304 4305
f 2533 4305 2535
f 2535 4305 4306
f 2535 4306 2537
f 2537 4306 4307
f 2537 4307 4308
f 4292 4293 2517
f 2517 4293 4294
f 2517 4294 2519
f 2519 4294 4295
f 2519 4295 2521
f 5264 5265 6526
f 6526 5265 5266
f 6526 5266 6527
f 6527 5266 5267
f 6527 5267 6528
f 6528 5267 5268
f 6528 5268 6529
f 6529 5268 5269
f 6529 5269 5270
f 2527 4301 2529
f 2529 4301 4302
f 2529 4302 2531
f 2531 4302 4303
f 2531 4303 4304
f 4295 4296 2521
f 2521 4296 4297
f 2521 4297 2523
f 2523 4297 4298
f 2523 4298 2525
f 2525 4298 4299
f 2525 4299 2527
f 2527 4299 4300
f 2527 4300 4301
f 2502 2501 6472
f 2502 6472 6531
f 6531 6472 6470
f 6531 6470 6532
f 6532 6470 6500
f 6532 6500 6533
f 6533 6500 6499
f 6533 6499 6534
f 6534 6499 6497
f 6534 6497 6535
f 6535 6497 6496
f 6535 6496 6536
f 6536 6496 6489
f 6536 6489 6537
f 6537 6489 6487
f 6537 6487 6538
f 6538 6487 6485
f 6538 6485 6539
f 6539 6485 6495
f 6539 6495 6540
f 6540 6495 6494
f 6540 6494 6541
f 6541 6494 6492
f 6541 6492 6542
f 6542 6492 6507
f 6542 6507 6543
f 6543 6507 6506
f 6543 6506 6544
f 6544 6506 6504
f 6544 6504 6545
f 6545 6504 6502
f 6545 6502 6546
f 6546 6502 6512
f 6546 6512 6547
f 6547 6512 6511
f 6547 6511 6548
f 6548 6511 6509
f 6548 6509 6549
f 6549 6509 6508
f 6549 6508 6550
f 6550 6508 6476
f 6550 6476 6551
f 6551 6476 6474
f 6551 6474 6552
f 6552 6474 6483
f 6552 6483 6553
f 6553 6483 6482
f 6553 6482 6554
f 6554 6482 6480
f 6554 6480 6555
f 6555 6480 6478
f 6555 6478 6556
f 6556 6478 2448
f 6556 2448 2447
f 2426 4340 2424
f 2424 4340 4338
f 2424 4338 2422
f 6557 5038 6558
f 6558 5038 5036
f 6558 5036 6559
f 2432 4348 2430
f 2430 4348 4346
f 2430 4346 2428
f 2428 4346 4344
f 2428 4344 2426
f 2426 4344 4342
f 2426 4342 4340
f 6560 5024 6561
f 6561 5024 5023
f 6561 5023 2446
f 6562 5052 6563
f 6563 5052 5050
f 6563 5050 6564
f 6565 5058 6566
f 6566 5058 5056
f 6566 5056 6562
f 6562 5056 5054
f 6562 5054 5052
f 2407 401 408
f 4338 4336 2422
f 2422 4336 4334
f 2422 4334 2420
f 2420 4334 4332
f 2420 4332 2418
f 2436 4354 2434
f 2434 4354 4352
f 2434 4352 2432
f 2432 4352 4350
f 2432 4350 4348
f 5036 5034 6559
f 6559 5034 5032
f 6559 5032 6567
f 6567 5032 5030
f 6567 5030 6568
f 6568 5030 5028
f 6568 5028 6560
f 6560 5028 5026
f 6560 5026 5024
f 5050 5048 6564
f 6564 5048 5046
f 6564 5046 6569
f 6569 5046 5044
f 6569 5044 6570
f 6570 5044 5042
f 6570 5042 6557
f 6557 5042 5040
f 6557 5040 5038
f 407 406 5066
f 407 5066 6571
f 6571 5066 5064
f 6571 5064 6572
f 6572 5064 5062
f 6572 5062 6565
f 6565 5062 5060
f 6565 5060 5058
f 2442 4362 2440
f 2440 4362 4360
f 2440 4360 2438
f 2438 4360 4358
f 2438 4358 2436
f 2436 4358 4356
f 2436 4356 4354
f 5023 4370 2446
f 2446 4370 4368
f 2446 4368 2444
f 2444 4368 4366
f 2444 4366 2442
f 2442 4366 4364
f 2442 4364 4362
f 2412 4320 2410
f 2410 4320 4319
f 2410 4319 2407
f 2407 4319 4318
f 2407 4318 401
f 4332 4330 2418
f 2418 4330 4328
f 2418 4328 2416
f 2416 4328 4326
f 2416 4326 2414
f 2414 4326 4324
f 2414 4324 2412
f 2412 4324 4322
f 2412 4322 4320
f 6573 6574 6575
f 6575 6574 6576
f 6575 6576 6577
f 2413 2322 2415
f 2415 2322 2324
f 2415 2324 2417
f 6578 6579 6580
f 6580 6579 6581
f 6580 6581 6582
f 2445 6583 6584
f 6584 6583 6585
f 6584 6585 6586
f 6586 6585 6587
f 6586 6587 6588
f 2427 2342 2429
f 2429 2342 2344
f 2429 2344 2431
f 2324 2326 2417
f 2417 2326 2328
f 2417 2328 2419
f 2419 2328 2330
f 2419 2330 2421
f 6589 6590 6591
f 6591 6590 6592
f 6591 6592 6593
f 6576 6594 6577
f 6577 6594 6595
f 6577 6595 6596
f 6596 6595 6597
f 6596 6597 6598
f 6598 6597 6599
f 6598 6599 6589
f 6589 6599 6600
f 6589 6600 6590
f 6581 6601 6582
f 6582 6601 6602
f 6582 6602 6603
f 6603 6602 6604
f 6603 6604 6605
f 6605 6604 6606
f 6605 6606 6573
f 6573 6606 6607
f 6573 6607 6574
f 6587 6608 6588
f 6588 6608 6609
f 6588 6609 6610
f 6610 6609 6611
f 6610 6611 6578
f 6578 6611 6612
f 6578 6612 6579
f 2437 2356 2439
f 2439 2356 2358
f 2439 2358 2441
f 2358 2360 2441
f 2441 2360 2362
f 2441 2362 2443
f 2443 2362 2364
f 2443 2364 2445
f 2445 2364 2366
f 2445 2366 6583
f 2344 2346 2431
f 2431 2346 2348
f 2431 2348 2433
f 2433 2348 2350
f 2433 2350 2435
f 2435 2350 2352
f 2435 2352 2437
f 2437 2352 2354
f 2437 2354 2356
f 2330 2332 2421
f 2421 2332 2334
f 2421 2334 2423
f 2423 2334 2336
f 2423 2336 2425
f 2425 2336 2338
f 2425 2338 2427
f 2427 2338 2340
f 2427 2340 2342
f 2408 2314 2409
f 2409 2314 2316
f 2409 2316 2411
f 2411 2316 2318
f 2411 2318 2413
f 2413 2318 2320
f 2413 2320 2322
f 6592 6613 6593
f 6593 6613 6614
f 6593 6614 6615
f 6615 6614 6616
f 6615 6616 2408
f 2408 6616 2311
f 2408 2311 2314
f 2446 2445 6584
f 2446 6584 6561
f 6561 6584 6586
f 6561 6586 6560
f 6560 6586 6588
f 6560 6588 6568
f 6568 6588 6610
f 6568 6610 6567
f 6567 6610 6578
f 6567 6578 6559
f 6559 6578 6580
f 6559 6580 6558
f 6558 6580 6582
f 6558 6582 6557
f 6557 6582 6603
f 6557 6603 6570
f 6570 6603 6605
f 6570 6605 6569
f 6569 6605 6573
f 6569 6573 6564
f 6564 6573 6575
f 6564 6575 6563
f 6563 6575 6577
f 6563 6577 6562
f 6562 6577 6596
f 6562 6596 6566
f 6566 6596 6598
f 6566 6598 6565
f 6565 6598 6589
f 6565 6589 6572
f 6572 6589 6591
f 6572 6591 6571
f 6571 6591 6593
f 6571 6593 407
f 407 6593 6615
f 407 6615 408
f 408 6615 2408
f 408 2408 2407
f 6617 6538 6618
f 6618 6538 6539
f 6618 6539 6619
f 6619 6539 6540
f 6619 6540 6620
f 2373 2458 2375
f 2375 2458 2460
f 2375 2460 2377
f 6621 6545 6622
f 6622 6545 6546
f 6622 6546 6623
f 6540 6541 6620
f 6620 6541 6542
f 6620 6542 6624
f 6624 6542 6543
f 6624 6543 6621
f 6621 6543 6544
f 6621 6544 6545
f 2460 2462 2377
f 2377 2462 2464
f 2377 2464 2379
f 2379 2464 2466
f 2379 2466 2381
f 2381 2466 2468
f 2381 2468 2383
f 6546 6547 6623
f 6623 6547 6548
f 6623 6548 6625
f 6625 6548 6549
f 6625 6549 6626
f 6626 6549 6550
f 6626 6550 6627
f 6628 6532 6629
f 6629 6532 6533
f 6629 6533 6630
f 2369 2452 2371
f 2371 2452 2454
f 2371 2454 2373
f 2373 2454 2456
f 2373 2456 2458
f 6631 6555 6632
f 6632 6555 6556
f 6632 6556 2368
f 2368 6556 2447
f 2368 2447 2369
f 2369 2447 2450
f 2369 2450 2452
f 6533 6534 6630
f 6630 6534 6535
f 6630 6535 6633
f 6633 6535 6536
f 6633 6536 6617
f 6617 6536 6537
f 6617 6537 6538
f 2401 2498 2403
f 2403 2498 2500
f 2403 2500 2405
f 2405 2500 2502
f 2405 2502 6628
f 6628 2502 6531
f 6628 6531 6532
f 2387 2478 2389
f 2389 2478 2480
f 2389 2480 2391
f 2397 2492 2399
f 2399 2492 2494
f 2399 2494 2401
f 2401 2494 2496
f 2401 2496 2498
f 6550 6551 6627
f 6627 6551 6552
f 6627 6552 6634
f 6634 6552 6553
f 6634 6553 6631
f 6631 6553 6554
f 6631 6554 6555
f 2480 2482 2391
f 2391 2482 2484
f 2391 2484 2393
f 2393 2484 2486
f 2393 2486 2395
f 2395 2486 2488
f 2395 2488 2397
f 2397 2488 2490
f 2397 2490 2492
f 2468 2470 2383
f 2383 2470 2472
f 2383 2472 2385
f 2385 2472 2474
f 2385 2474 2387
f 2387 2474 2476
f 2387 2476 2478
f 2406 2405 6628
f 2406 6628 6635
f 6635 6628 6629
f 6635 6629 6636
f 6636 6629 6630
f 6636 6630 6637
f 6637 6630 6633
f 6637 6633 6638
f 6638 6633 6617
f 6638 6617 6639
f 6639 6617 6618
f 6639 6618 6640
f 6640 6618 6619
f 6640 6619 6641
f 6641 6619 6620
f 6641 6620 6642
f 6642 6620 6624
f 6642 6624 6643
f 6643 6624 6621
f 6643 6621 6644
f 6644 6621 6622
f 6644 6622 6645
f 6645 6622 6623
f 6645 6623 6646
f 6646 6623 6625
f 6646 6625 6647
f 6647 6625 6626
f 6647 6626 6648
f 6648 6626 6627
f 6648 6627 6649
f 6649 6627 6634
f 6649 6634 6650
f 6650 6634 6631
f 6650 6631 6651
f 6651 6631 6632
f 6651 6632 6652
f 6652 6632 2368
f 6652 2368 2367
f 2386 2279 2384
f 2384 2279 2277
f 2384 2277 2382
f 2382 2277 2275
f 2382 2275 2380
f 2376 2265 2374
f 2374 2265 2263
f 2374 2263 2372
f 2390 2285 2388
f 2388 2285 2283
f 2388 2283 2386
f 2386 2283 2281
f 2386 2281 2279
f 6636 6653 6635
f 6635 6653 6654
f 6635 6654 2406
f 2406 6654 2309
f 2406 2309 2404
f 6652 6655 6651
f 6651 6655 6656
f 6651 6656 6650
f 2275 2273 2380
f 2380 2273 2271
f 2380 2271 2378
f 2378 2271 2269
f 2378 2269 2376
f 2376 2269 2267
f 2376 2267 2265
f 2394 2291 2392
f 2392 2291 2289
f 2392 2289 2390
f 2390 2289 2287
f 2390 2287 2285
f 6640 6657 6639
f 6639 6657 6658
f 6639 6658 6638
f 6647 6659 6646
f 6646 6659 6660
f 6646 6660 6645
f 2400 2299 2398
f 2398 2299 2297
f 2398 2297 2396
f 2396 2297 2295
f 2396 2295 2394
f 2394 2295 2293
f 2394 2293 2291
f 2309 2307 2404
f 2404 2307 2305
f 2404 2305 2402
f 2402 2305 2303
f 2402 2303 2400
f 2400 2303 2301
f 2400 2301 2299
f 6643 6661 6642
f 6642 6661 6662
f 6642 6662 6641
f 6641 6662 6663
f 6641 6663 6640
f 6640 6663 6664
f 6640 6664 6657
f 6658 6665 6638
f 6638 6665 6666
f 6638 6666 6637
f 6637 6666 6667
f 6637 6667 6636
f 6636 6667 6668
f 6636 6668 6653
f 6660 6669 6645
f 6645 6669 6670
f 6645 6670 6644
f 6644 6670 6671
f 6644 6671 6643
f 6643 6671 6672
f 6643 6672 6661
f 6656 6673 6650
f 6650 6673 6674
f 6650 6674 6649
f 6649 6674 6675
f 6649 6675 6648
f 6648 6675 6676
f 6648 6676 6647
f 6647 6676 6677
f 6647 6677 6659
f 2263 2261 2372
f 2372 2261 2259
f 2372 2259 2370
f 2370 2259 2257
f 2370 2257 2367
f 2367 2257 2256
f 2367 2256 6652
f 6652 2256 6678
f 6652 6678 6655
f 2366 2365 6679
f 2366 6679 6583
f 6583 6679 6680
f 6583 6680 6585
f 6585 6680 6681
f 6585 6681 6587
f 6587 6681 6682
f 6587 6682 6608
f 6608 6682 6683
f 6608 6683 6609
f 6609 6683 6684
f 6609 6684 6611
f 6611 6684 6685
f 6611 6685 6612
f 6612 6685 6686
f 6612 6686 6579
f 6579 6686 6687
f 6579 6687 6581
f 6581 6687 6688
f 6581 6688 6601
f 6601 6688 6689
f 6601 6689 6602
f 6602 6689 6690
f 6602 6690 6604
f 6604 6690 6691
f 6604 6691 6606
f 6606 6691 6692
f 6606 6692 6607
f 6607 6692 6693
f 6607 6693 6574
f 6574 6693 6694
f 6574 6694 6576
f 6576 6694 6695
f 6576 6695 6594
f 6594 6695 6696
f 6594 6696 6595
f 6595 6696 6697
f 6595 6697 6597
f 6597 6697 6698
f 6597 6698 6599
f 6599 6698 6699
f 6599 6699 6600
f 6600 6699 6700
f 6600 6700 6590
f 6590 6700 6701
f 6590 6701 6592
f 6592 6701 6702
f 6592 6702 6613
f 6613 6702 6703
f 6613 6703 6614
f 6614 6703 6704
f 6614 6704 6616
f 6616 6704 2312
f 6616 2312 2311
f 2310 2309 6654
f 2310 6654 6705
f 6705 6654 6653
f 6705 6653 6706
f 6706 6653 6668
f 6706 6668 6707
f 6707 6668 6667
f 6707 6667 6708
f 6708 6667 6666
f 6708 6666 6709
f 6709 6666 6665
f 6709 6665 6710
f 6710 6665 6658
f 6710 6658 6711
f 6711 6658 6657
f 6711 6657 6712
f 6712 6657 6664
f 6712 6664 6713
f 6713 6664 6663
f 6713 6663 6714
f 6714 6663 6662
f 6714 6662 6715
f 6715 6662 6661
f 6715 6661 6716
f 6716 6661 6672
f 6716 6672 6717
f 6717 6672 6671
f 6717 6671 6718
f 6718 6671 6670
f 6718 6670 6719
f 6719 6670 6669
f 6719 6669 6720
f 6720 6669 6660
f 6720 6660 6721
f 6721 6660 6659
f 6721 6659 6722
f 6722 6659 6677
f 6722 6677 6723
f 6723 6677 6676
f 6723 6676 6724
f 6724 6676 6675
f 6724 6675 6725
f 6725 6675 6674
f 6725 6674 6726
f 6726 6674 6673
f 6726 6673 6727
f 6727 6673 6656
f 6727 6656 6728
f 6728 6656 6655
f 6728 6655 6729
f 6729 6655 6678
f 6729 6678 6730
f 6730 6678 2256
f 6730 2256 2255
f 2234 2335 2232
f 2232 2335 2333
f 2232 2333 2230
f 6731 6687 6732
f 6732 6687 6686
f 6732 6686 6733
f 6733 6686 6685
f 6733 6685 6734
f 6735 6690 6736
f 6736 6690 6689
f 6736 6689 6731
f 6731 6689 6688
f 6731 6688 6687
f 6737 6700 6738
f 6738 6700 6699
f 6738 6699 6739
f 2224 2321 2222
f 2222 2321 2319
f 2222 2319 2220
f 2238 2341 2236
f 2236 2341 2339
f 2236 2339 2234
f 2234 2339 2337
f 2234 2337 2335
f 6740 6680 6741
f 6741 6680 6679
f 6741 6679 2254
f 2254 6679 2365
f 2254 2365 2252
f 6742 6703 6743
f 6743 6703 6702
f 6743 6702 6737
f 6737 6702 6701
f 6737 6701 6700
f 2333 2331 2230
f 2230 2331 2329
f 2230 2329 2228
f 2228 2329 2327
f 2228 2327 2226
f 2226 2327 2325
f 2226 2325 2224
f 2224 2325 2323
f 2224 2323 2321
f 2248 2355 2246
f 2246 2355 2353
f 2246 2353 2244
f 6685 6684 6734
f 6734 6684 6683
f 6734 6683 6744
f 6744 6683 6682
f 6744 6682 6740
f 6740 6682 6681
f 6740 6681 6680
f 6745 6693 6746
f 6746 6693 6692
f 6746 6692 6735
f 6735 6692 6691
f 6735 6691 6690
f 6699 6698 6739
f 6739 6698 6697
f 6739 6697 6747
f 6747 6697 6696
f 6747 6696 6748
f 6748 6696 6695
f 6748 6695 6745
f 6745 6695 6694
f 6745 6694 6693
f 2353 2351 2244
f 2244 2351 2349
f 2244 2349 2242
f 2242 2349 2347
f 2242 2347 2240
f 2240 2347 2345
f 2240 2345 2238
f 2238 2345 2343
f 2238 2343 2341
f 2365 2363 2252
f 2252 2363 2361
f 2252 2361 2250
f 2250 2361 2359
f 2250 2359 2248
f 2248 2359 2357
f 2248 2357 2355
f 2319 2317 2220
f 2220 2317 2315
f 2220 2315 2218
f 2218 2315 2313
f 2218 2313 2215
f 2215 2313 2312
f 2215 2312 6742
f 6742 2312 6704
f 6742 6704 6703
f 2254 2253 6749
f 2254 6749 6741
f 6741 6749 6750
f 6741 6750 6740
f 6740 6750 6751
f 6740 6751 6744
f 6744 6751 6752
f 6744 6752 6734
f 6734 6752 6753
f 6734 6753 6733
f 6733 6753 6754
f 6733 6754 6732
f 6732 6754 6755
f 6732 6755 6731
f 6731 6755 6756
f 6731 6756 6736
f 6736 6756 6757
f 6736 6757 6735
f 6735 6757 6758
f 6735 6758 6746
f 6746 6758 6759
f 6746 6759 6745
f 6745 6759 6760
f 6745 6760 6748
f 6748 6760 6761
f 6748 6761 6747
f 6747 6761 6762
f 6747 6762 6739
f 6739 6762 6763
f 6739 6763 6738
f 6738 6763 6764
f 6738 6764 6737
f 6737 6764 6765
f 6737 6765 6743
f 6743 6765 6766
f 6743 6766 6742
f 6742 6766 2216
f 6742 2216 2215
f 2227 2274 2229
f 2229 2274 2276
f 2229 2276 2231
f 6758 6719 6759
f 6759 6719 6720
f 6759 6720 6760
f 6760 6720 6721
f 6760 6721 6761
f 6754 6713 6755
f 6755 6713 6714
f 6755 6714 6756
f 6749 6706 6750
f 6750 6706 6707
f 6750 6707 6751
f 2235 2286 2237
f 2237 2286 2288
f 2237 2288 2239
f 2239 2288 2290
f 2239 2290 2241
f 2221 2266 2223
f 2223 2266 2268
f 2223 2268 2225
f 2225 2268 2270
f 2225 2270 2227
f 2227 2270 2272
f 2227 2272 2274
f 6763 6726 6764
f 6764 6726 6727
f 6764 6727 6765
f 6721 6722 6761
f 6761 6722 6723
f 6761 6723 6762
f 6762 6723 6724
f 6762 6724 6763
f 6763 6724 6725
f 6763 6725 6726
f 6714 6715 6756
f 6756 6715 6716
f 6756 6716 6757
f 6757 6716 6717
f 6757 6717 6758
f 6758 6717 6718
f 6758 6718 6719
f 6707 6708 6751
f 6751 6708 6709
f 6751 6709 6752
f 6752 6709 6710
f 6752 6710 6753
f 6753 6710 6711
f 6753 6711 6754
f 6754 6711 6712
f 6754 6712 6713
f 2245 2300 2247
f 2247 2300 2302
f 2247 2302 2249
f 2302 2304 2249
f 2249 2304 2306
f 2249 2306 2251
f 2251 2306 2308
f 2251 2308 2253
f 2253 2308 2310
f 2253 2310 6749
f 6749 2310 6705
f 6749 6705 6706
f 2290 2292 2241
f 2241 2292 2294
f 2241 2294 2243
f 2243 2294 2296
f 2243 2296 2245
f 2245 2296 2298
f 2245 2298 2300
f 2276 2278 2231
f 2231 2278 2280
f 2231 2280 2233
f 2233 2280 2282
f 2233 2282 2235
f 2235 2282 2284
f 2235 2284 2286
f 2217 2260 2219
f 2219 2260 2262
f 2219 2262 2221
f 2221 2262 2264
f 2221 2264 2266
f 6727 6728 6765
f 6765 6728 6729
f 6765 6729 6766
f 6766 6729 6730
f 6766 6730 2216
f 2216 6730 2255
f 2216 2255 2217
f 2217 2255 2258
f 2217 2258 2260
f 6767 6768 4599
f 4599 6768 4600
f 4603 4611 6769
f 4603 6769 4604
f 4604 6769 6767
f 4604 6767 4599
f 6770 6769 4609
f 4609 6769 4611
f 6770 4609 4608
f 6770 4608 6771
f 6771 4608 4613
f 6771 4613 4612
f 6771 4612 4623
f 6771 4623 6772
f 6772 4623 4622
f 6772 4622 6773
f 6773 4622 4619
f 6773 4619 6774
f 6775 6774 4620
f 4620 6774 4619
f 6775 4620 4621
f 6775 4621 6776
f 6776 4621 4618
f 6776 4618 6777
f 6777 4618 4617
f 6777 4617 6778
f 6778 4617 4616
f 6778 4616 6779
f 6779 4616 4614
f 6779 4614 6780
f 6780 4614 4615
f 6780 4615 4610
f 6781 6780 4607
f 4607 6780 4610
f 6781 4607 4583
f 6781 4583 6782
f 6782 4583 4593
f 6782 4593 4592
f 6782 4592 4566
f 6782 4566 6783
f 6783 4566 4564
f 6783 4564 6784
f 6784 4564 4563
f 6784 4563 6785
f 6785 4563 4560
f 6785 4560 6786
f 6787 6786 4559
f 4559 6786 4560
f 6788 6787 4558
f 4558 6787 4559
f 6788 4558 4571
f 6788 4571 6789
f 6789 4571 4570
f 6789 4570 6790
f 6790 4570 4562
f 6790 4562 6791
f 6792 6791 4561
f 4561 6791 4562
f 6792 4561 6793
f 6793 4561 4568
f 4568 4626 6793
f 6793 4626 5680
f 6793 5680 5679
f 6794 6793 5678
f 5678 6793 5679
f 6795 6794 5677
f 5677 6794 5678
f 4600 6768 6796
f 6795 5677 5676
f 6795 5676 6797
f 5676 5675 6797
f 6797 5675 4708
f 6797 4708 6796
f 6796 4708 4710
f 6796 4710 4600
f 6771 6772 6787
f 6795 6790 6791
f 6792 6793 6791
f 6791 6793 6794
f 6791 6794 6795
f 6770 6771 6769
f 6769 6771 6787
f 6769 6787 6767
f 6767 6787 6788
f 6767 6788 6768
f 6768 6788 6789
f 6768 6789 6796
f 6796 6789 6790
f 6796 6790 6797
f 6797 6790 6795
f 6772 6773 6787
f 6787 6773 6774
f 6787 6774 6786
f 6780 6781 6779
f 6779 6781 6782
f 6779 6782 6778
f 6782 6783 6778
f 6778 6783 6784
f 6778 6784 6777
f 6777 6784 6785
f 6777 6785 6776
f 6776 6785 6786
f 6776 6786 6775
f 6775 6786 6774
f 4482 6798 4483
f 4483 6798 6799
f 4483 6799 4589
f 6800 6798 4715
f 4715 6798 4482
f 6800 4715 6801
f 6801 4715 4574
f 6801 4574 4582
f 6801 4582 4581
f 6801 4581 6802
f 6802 4581 4580
f 6802 4580 6803
f 6803 4580 4573
f 6803 4573 6804
f 6805 6804 4572
f 4572 6804 4573
f 6805 4572 4578
f 6805 4578 6806
f 6806 4578 4576
f 6806 4576 6807
f 6807 4576 4575
f 6807 4575 6808
f 6808 4575 4577
f 6808 4577 6809
f 4569 6810 4579
f 4579 6810 6809
f 4579 6809 4577
f 6811 6810 4565
f 4565 6810 4569
f 4594 6812 4567
f 4567 6812 6811
f 4567 6811 4565
f 6813 6812 4595
f 4595 6812 4594
f 6813 4595 4585
f 6813 4585 6814
f 6814 4585 4584
f 6814 4584 6815
f 6815 4584 4598
f 6815 4598 6816
f 6816 4598 4597
f 6816 4597 6817
f 6818 6817 4596
f 4596 6817 4597
f 6818 4596 4588
f 6818 4588 6819
f 6819 4588 4587
f 6819 4587 6820
f 6820 4587 4591
f 6820 4591 6821
f 6821 4591 4590
f 6821 4590 6822
f 6799 6822 4589
f 4589 6822 4590
f 6798 6800 6799
f 6799 6800 6801
f 6799 6801 6822
f 6822 6801 6802
f 6810 6811 6809
f 6809 6811 6812
f 6809 6812 6808
f 6808 6812 6813
f 6817 6818 6804
f 6804 6818 6819
f 6804 6819 6803
f 6803 6819 6820
f 6803 6820 6802
f 6802 6820 6821
f 6802 6821 6822
f 6813 6814 6808
f 6808 6814 6815
f 6808 6815 6807
f 6807 6815 6816
f 6807 6816 6806
f 6806 6816 6817
f 6806 6817 6805
f 6805 6817 6804
f 6823 6824 4635
f 4635 6824 4636
f 6823 4635 4634
f 6823 4634 6825
f 6825 4634 4630
f 6825 4630 6826
f 4630 4713 6826
f 6826 4713 4712
f 6826 4712 6827
f 6827 4712 4711
f 6827 4711 6828
f 4722 6829 4714
f 4714 6829 6828
f 4714 6828 4711
f 6830 6829 4721
f 4721 6829 4722
f 6830 4721 4720
f 6830 4720 6831
f 6831 4720 4719
f 6831 4719 6832
f 6832 4719 4718
f 6832 4718 6833
f 6834 6833 4717
f 4717 6833 4718
f 6835 6834 4727
f 4727 6834 4717
f 4730 6836 4726
f 4726 6836 6835
f 4726 6835 4727
f 6837 6836 4740
f 4740 6836 4730
f 6837 4740 4741
f 6837 4741 6838
f 6838 4741 4737
f 6838 4737 6839
f 6839 4737 4736
f 6839 4736 6840
f 6841 6840 4735
f 4735 6840 4736
f 6842 6841 4739
f 4739 6841 4735
f 6842 4739 4738
f 6842 4738 6843
f 6843 4738 4731
f 6843 4731 6844
f 6844 4731 4729
f 6844 4729 6845
f 6845 4729 4728
f 6845 4728 6846
f 4632 6847 4633
f 4633 6847 6846
f 4633 6846 4728
f 6847 4632 4625
f 6847 4625 6848
f 6848 4625 4624
f 6848 4624 6849
f 6849 4624 4637
f 6849 4637 6850
f 6850 4637 4636
f 6850 4636 6824
f 6851 6852 6853
f 6851 6853 6854
f 6854 6853 6855
f 6854 6855 6856
f 6856 6855 6857
f 6856 6857 6858
f 6858 6857 6859
f 6858 6859 6860
f 6851 6861 6852
f 6852 6861 6862
f 6863 6864 6865
f 6863 6865 6866
f 6866 6865 6867
f 6866 6867 6868
f 6868 6867 6869
f 6868 6869 6870
f 6870 6869 6862
f 6870 6862 6861
f 6863 6871 6864
f 6864 6871 6872
f 6873 6874 6875
f 6873 6875 6876
f 6876 6875 6877
f 6876 6877 6878
f 6878 6877 6879
f 6878 6879 6880
f 6880 6879 6872
f 6880 6872 6871
f 6873 6881 6874
f 6874 6881 6882
f 6883 6884 6885
f 6883 6885 6886
f 6886 6885 6887
f 6886 6887 6888
f 6888 6887 6889
f 6888 6889 6890
f 6890 6889 6882
f 6890 6882 6881
f 6883 6860 6884
f 6884 6860 6859
f 6828 6880 6871
f 6830 6839 6840
f 6878 6880 6841
f 6841 6880 6828
f 6841 6828 6840
f 6840 6828 6829
f 6840 6829 6830
f 6835 6836 6834
f 6834 6836 6837
f 6834 6837 6833
f 6833 6837 6838
f 6833 6838 6832
f 6832 6838 6839
f 6832 6839 6831
f 6831 6839 6830
f 6842 6890 6841
f 6841 6890 6881
f 6871 6863 6828
f 6828 6863 6866
f 6828 6866 6827
f 6827 6866 6868
f 6827 6868 6826
f 6826 6868 6870
f 6826 6870 6825
f 6858 6860 6847
f 6847 6860 6846
f 6881 6873 6841
f 6841 6873 6876
f 6841 6876 6878
f 6842 6843 6890
f 6890 6843 6844
f 6890 6844 6888
f 6888 6844 6845
f 6888 6845 6886
f 6886 6845 6846
f 6886 6846 6883
f 6883 6846 6860
f 6825 6870 6823
f 6823 6870 6861
f 6823 6861 6824
f 6847 6848 6858
f 6858 6848 6849
f 6858 6849 6856
f 6856 6849 6850
f 6856 6850 6854
f 6854 6850 6824
f 6854 6824 6851
f 6851 6824 6861
f 6874 6864 6872
f 6857 6855 6859
f 6859 6855 6853
f 6852 6862 6864
f 6869 6867 6862
f 6862 6867 6865
f 6862 6865 6864
f 6879 6877 6872
f 6872 6877 6875
f 6872 6875 6874
f 6889 6887 6882
f 6882 6887 6885
f 6882 6885 6874
f 6874 6885 6884
f 6874 6884 6864
f 6864 6884 6859
f 6864 6859 6852
f 6852 6859 6853
f 6891 6892 4644
f 4644 6892 4642
f 4744 6893 4742
f 4742 6893 6891
f 4742 6891 4644
f 6893 4744 4746
f 6893 4746 6894
f 6894 4746 4748
f 6894 4748 6895
f 6895 4748 4747
f 6895 4747 6896
f 6896 4747 4749
f 6896 4749 6897
f 4754 6898 4750
f 4750 6898 6897
f 4750 6897 4749
f 4745 6899 6900
f 6898 4754 4753
f 6898 4753 6901
f 6901 4753 4752
f 6901 4752 6902
f 6902 4752 4751
f 6902 4751 6900
f 6900 4751 4745
f 6899 4745 4743
f 6899 4743 6903
f 6903 4743 4477
f 6903 4477 4476
f 6904 6903 4638
f 4638 6903 4476
f 6904 4638 4639
f 6904 4639 6905
f 6905 4639 4756
f 6905 4756 4755
f 6905 4755 4767
f 6905 4767 6906
f 6906 4767 4766
f 6906 4766 6907
f 6907 4766 4765
f 6907 4765 6908
f 6908 4765 4764
f 6908 4764 6909
f 6910 6909 4763
f 4763 6909 4764
f 6910 4763 4762
f 6910 4762 6911
f 6911 4762 4760
f 6911 4760 6912
f 6912 4760 4759
f 6912 4759 6913
f 6913 4759 4761
f 6913 4761 6914
f 6914 4761 4757
f 6914 4757 6915
f 6915 4757 4758
f 6915 4758 4640
f 4479 6916 4480
f 4480 6916 6915
f 4480 6915 4640
f 4734 6917 4631
f 4631 6917 6916
f 4631 6916 4479
f 6917 4734 4733
f 6917 4733 6918
f 6918 4733 4732
f 6918 4732 6919
f 6919 4732 4724
f 6919 4724 6920
f 6920 4724 4723
f 6920 4723 6921
f 6921 4723 6922
f 6922 4723 4777
f 6922 4777 4776
f 6922 4776 4775
f 6922 4775 6923
f 6923 4775 4772
f 6923 4772 6924
f 6924 4772 4774
f 6924 4774 6925
f 6925 4774 4773
f 6925 4773 6926
f 6926 4773 4771
f 6926 4771 6927
f 6927 4771 4770
f 6927 4770 6928
f 6929 6928 4769
f 4769 6928 4770
f 6930 6929 4768
f 4768 6929 4769
f 6930 4768 6931
f 6931 4768 4782
f 6931 4782 4781
f 6931 4781 4779
f 6931 4779 6932
f 6932 4779 4778
f 6932 4778 6933
f 4642 6892 4647
f 4647 6892 6933
f 4647 6933 4778
f 6925 6900 6899
f 6899 6903 6925
f 6925 6903 6904
f 6925 6904 6905
f 6933 6892 6891
f 6915 6916 6914
f 6914 6916 6917
f 6914 6917 6913
f 6891 6893 6933
f 6933 6893 6894
f 6933 6894 6932
f 6932 6894 6895
f 6905 6906 6925
f 6925 6906 6907
f 6925 6907 6924
f 6924 6907 6908
f 6924 6908 6923
f 6923 6908 6909
f 6923 6909 6922
f 6922 6909 6910
f 6922 6910 6921
f 6921 6910 6911
f 6921 6911 6920
f 6920 6911 6912
f 6920 6912 6919
f 6919 6912 6913
f 6919 6913 6918
f 6918 6913 6917
f 6900 6925 6902
f 6902 6925 6926
f 6902 6926 6901
f 6901 6926 6927
f 6901 6927 6898
f 6898 6927 6928
f 6898 6928 6897
f 6897 6928 6929
f 6897 6929 6896
f 6896 6929 6930
f 6896 6930 6895
f 6895 6930 6931
f 6895 6931 6932
f 4552 6934 6935
f 6936 4790 4789
f 6936 4789 6937
f 6937 4789 4787
f 6937 4787 6938
f 6938 4787 4786
f 6938 4786 6935
f 6935 4786 4554
f 6935 4554 4552
f 4473 6939 4474
f 4474 6939 6934
f 4474 6934 4552
f 6940 6939 4645
f 4645 6939 4473
f 4785 6941 4646
f 4646 6941 6940
f 4646 6940 4645
f 4465 6942 4466
f 4466 6942 6943
f 4466 6943 4783
f 4783 6943 6944
f 4783 6944 4784
f 4784 6944 6941
f 4784 6941 4785
f 6945 6942 4464
f 4464 6942 4465
f 6946 6945 4791
f 4791 6945 4464
f 6936 6946 4790
f 4790 6946 4791
f 6942 6945 6946
f 6946 6936 6942
f 6942 6936 6937
f 6942 6937 6943
f 6943 6937 6938
f 6943 6938 6944
f 6944 6938 6935
f 6944 6935 6941
f 6941 6935 6934
f 6941 6934 6940
f 6940 6934 6939
f 6947 6948 4544
f 4544 6948 4542
f 6949 6947 4545
f 4545 6947 4544
f 6950 6949 4547
f 4547 6949 4545
f 6950 4547 4549
f 6950 4549 6951
f 4549 4550 6951
f 6951 4550 4557
f 6951 4557 6952
f 6952 4557 4556
f 6952 4556 6953
f 6954 6953 4555
f 4555 6953 4556
f 4546 6955 4548
f 4548 6955 6954
f 4548 6954 4555
f 6956 6955 4551
f 4551 6955 4546
f 4535 6957 6958
f 6956 4551 4553
f 6956 4553 6959
f 6959 4553 4539
f 6959 4539 6960
f 6960 4539 4538
f 6960 4538 6958
f 6958 4538 4536
f 6958 4536 4535
f 6961 6957 4512
f 4512 6957 4535
f 6961 4512 4510
f 6961 4510 6962
f 6962 4510 4509
f 6962 4509 6963
f 6963 4509 4513
f 6963 4513 6964
f 6964 4513 4514
f 6964 4514 6965
f 6966 6965 4515
f 4515 6965 4514
f 4542 6948 6967
f 6966 4515 4517
f 6966 4517 6968
f 6968 4517 4518
f 6968 4518 6969
f 6969 4518 4540
f 6969 4540 6967
f 6967 4540 4541
f 6967 4541 4542
f 6970 6971 6972
f 6972 6971 6973
f 6971 6974 6973
f 6973 6974 6975
f 6976 6977 6978
f 6976 6978 6979
f 6979 6978 6980
f 6979 6980 6981
f 6981 6980 6982
f 6981 6982 6983
f 6983 6982 6975
f 6983 6975 6974
f 6976 6984 6977
f 6977 6984 6985
f 6986 6987 6988
f 6986 6988 6989
f 6989 6988 6990
f 6989 6990 6991
f 6991 6990 6992
f 6991 6992 6993
f 6993 6992 6985
f 6993 6985 6984
f 6986 6970 6987
f 6987 6970 6972
f 6974 6971 6955
f 6955 6971 6954
f 6954 6971 6970
f 6954 6970 6968
f 6948 6947 6949
f 6949 6950 6948
f 6948 6950 6951
f 6948 6951 6967
f 6967 6951 6969
f 6969 6951 6952
f 6969 6952 6968
f 6968 6952 6953
f 6968 6953 6954
f 6957 6961 6984
f 6984 6961 6962
f 6984 6962 6993
f 6993 6962 6963
f 6993 6963 6991
f 6991 6963 6964
f 6991 6964 6989
f 6989 6964 6965
f 6989 6965 6986
f 6955 6956 6974
f 6974 6956 6959
f 6974 6959 6983
f 6983 6959 6960
f 6983 6960 6981
f 6981 6960 6958
f 6981 6958 6979
f 6979 6958 6957
f 6979 6957 6976
f 6976 6957 6984
f 6986 6965 6970
f 6970 6965 6966
f 6970 6966 6968
f 6972 6973 6987
f 6987 6973 6975
f 6975 6982 6980
f 6985 6992 6990
f 6980 6978 6975
f 6975 6978 6977
f 6975 6977 6987
f 6987 6977 6985
f 6987 6985 6988
f 6988 6985 6990
f 6994 6995 4530
f 4530 6995 4531
f 6994 4530 4529
f 6994 4529 6996
f 4529 4528 6996
f 6996 4528 4486
f 6996 4486 6997
f 6997 4486 4485
f 6997 4485 6998
f 6998 4485 4516
f 6998 4516 6999
f 7000 6999 4499
f 4499 6999 4516
f 7001 7000 4497
f 4497 7000 4499
f 7002 7001 4495
f 4495 7001 4497
f 7002 4495 4493
f 7002 4493 7003
f 7003 4493 4492
f 7003 4492 7004
f 7004 4492 4494
f 7004 4494 7005
f 7005 4494 7006
f 7006 4494 4524
f 7006 4524 4523
f 7006 4523 4522
f 7006 4522 7007
f 7007 4522 4521
f 7007 4521 7008
f 7008 4521 4520
f 7008 4520 7009
f 7009 4520 4519
f 7009 4519 7010
f 4507 7011 4508
f 4508 7011 7010
f 4508 7010 4519
f 7011 4507 4506
f 7011 4506 7012
f 7012 4506 4505
f 7012 4505 7013
f 7013 4505 4496
f 7013 4496 7014
f 7015 7014 4498
f 4498 7014 4496
f 7016 7015 4500
f 4500 7015 4498
f 7017 7016 4502
f 4502 7016 4500
f 7017 4502 4504
f 7017 4504 7018
f 7018 4504 4491
f 7018 4491 7019
f 7019 4491 4490
f 7019 4490 7020
f 7020 4490 4488
f 7020 4488 7021
f 4534 7022 4487
f 4487 7022 7021
f 4487 7021 4488
f 7022 4534 4533
f 7022 4533 7023
f 7023 4533 4527
f 7023 4527 7024
f 7024 4527 4526
f 7024 4526 7025
f 7025 4526 4531
f 7025 4531 6995
f 7000 7001 6999
f 6999 7001 7002
f 6999 7002 6998
f 6998 7002 7003
f 6998 7003 6997
f 6997 7003 7004
f 6997 7004 6996
f 7015 7016 7014
f 7014 7016 7017
f 7014 7017 7013
f 6996 7004 6994
f 6994 7004 7005
f 6994 7005 6995
f 7017 7018 7013
f 7013 7018 7019
f 7013 7019 7012
f 7012 7019 7020
f 7012 7020 7011
f 7011 7020 7021
f 7011 7021 7010
f 7010 7021 7022
f 7010 7022 7009
f 7022 7023 7009
f 7009 7023 7024
f 7009 7024 7008
f 7008 7024 7025
f 7008 7025 7007
f 7007 7025 6995
f 7007 6995 7006
f 7006 6995 7005
f 7026 7027 4654
f 4654 7027 4652
f 7028 7026 4650
f 4650 7026 4654
f 7029 7028 4649
f 4649 7028 4650
f 7029 4649 4657
f 7029 4657 7030
f 7030 4657 4656
f 7030 4656 7031
f 7031 4656 4658
f 7031 4658 7032
f 7033 7032 4659
f 4659 7032 4658
f 7034 7033 4651
f 4651 7033 4659
f 7034 4651 7035
f 7035 4651 4796
f 7035 4796 4795
f 7035 4795 4794
f 7035 4794 7036
f 7036 4794 4793
f 7036 4793 7037
f 4793 4801 7037
f 7037 4801 4800
f 7037 4800 7038
f 7038 4800 4798
f 7038 4798 7039
f 5009 7040 4797
f 4797 7040 7039
f 4797 7039 4798
f 7040 5009 4809
f 7040 4809 7041
f 7041 4809 4808
f 7041 4808 7042
f 7042 4808 4822
f 7042 4822 7043
f 7043 4822 4821
f 7043 4821 7044
f 7044 4821 4819
f 7044 4819 7045
f 7045 4819 4817
f 7045 4817 4816
f 7045 4816 4815
f 7045 4815 7046
f 7046 4815 4813
f 7046 4813 7047
f 4813 4811 7047
f 7047 4811 4810
f 7047 4810 7048
f 7048 4810 4652
f 7048 4652 7027
f 7049 7050 7051
f 7051 7050 7052
f 7050 7053 7052
f 7052 7053 7054
f 7055 7056 7057
f 7055 7057 7058
f 7058 7057 7059
f 7058 7059 7060
f 7060 7059 7061
f 7060 7061 7062
f 7062 7061 7054
f 7062 7054 7053
f 7055 7063 7056
f 7056 7063 7064
f 7065 7066 7067
f 7065 7067 7068
f 7068 7067 7069
f 7068 7069 7070
f 7070 7069 7064
f 7070 7064 7063
f 7065 7049 7066
f 7066 7049 7051
f 7053 7050 7034
f 7034 7050 7033
f 7027 7026 7028
f 7050 7049 7033
f 7033 7049 7046
f 7033 7046 7032
f 7032 7046 7031
f 7028 7029 7027
f 7027 7029 7030
f 7027 7030 7048
f 7048 7030 7031
f 7048 7031 7047
f 7047 7031 7046
f 7039 7040 7063
f 7063 7040 7041
f 7063 7041 7070
f 7070 7041 7042
f 7070 7042 7068
f 7068 7042 7043
f 7068 7043 7065
f 7065 7043 7044
f 7065 7044 7049
f 7049 7044 7045
f 7049 7045 7046
f 7034 7035 7053
f 7053 7035 7036
f 7053 7036 7062
f 7062 7036 7037
f 7062 7037 7060
f 7060 7037 7038
f 7060 7038 7058
f 7058 7038 7039
f 7058 7039 7055
f 7055 7039 7063
f 7066 7051 7052
f 7061 7059 7054
f 7054 7059 7057
f 7054 7057 7056
f 7069 7067 7064
f 7064 7067 7066
f 7064 7066 7056
f 7056 7066 7052
f 7056 7052 7054
f 4661 7071 4663
f 4663 7071 7072
f 4663 7072 4862
f 4661 4660 7071
f 7071 4660 4828
f 4806 7073 4820
f 4820 7073 7071
f 4820 7071 4818
f 4818 7071 4828
f 7074 7073 4804
f 4804 7073 4806
f 4864 4862 7072
f 7074 4804 4803
f 7074 4803 7072
f 7072 4803 4827
f 7072 4827 4864
f 7073 7074 7071
f 7071 7074 7072
f 7075 7076 4853
f 4853 7076 4855
f 4831 7077 4834
f 4834 7077 7075
f 4834 7075 4852
f 4852 7075 4853
f 7077 4831 7078
f 7078 4831 4830
f 7078 4830 4829
f 4829 5012 7078
f 7078 5012 4840
f 7078 4840 7076
f 7076 4840 4839
f 7076 4839 4855
f 7077 7078 7075
f 7075 7078 7076
f 7079 4867 7080
f 7080 4867 4868
f 7080 4868 4861
f 4861 4863 7080
f 7080 4863 4460
f 7080 4460 7081
f 7081 4460 4462
f 7081 4462 4463
f 4825 7082 4826
f 4826 7082 7081
f 4826 7081 4463
f 7083 7082 4824
f 4824 7082 4825
f 7083 4824 4837
f 7083 4837 7084
f 4837 4836 7084
f 7084 4836 4835
f 7084 4835 7085
f 7085 4835 4833
f 7085 4833 7086
f 7086 4833 4832
f 7086 4832 7087
f 7087 4832 4865
f 7087 4865 7079
f 7079 4865 4866
f 7079 4866 4867
f 7079 7080 7087
f 7087 7080 7081
f 7082 7083 7081
f 7081 7083 7084
f 7084 7085 7081
f 7081 7085 7086
f 7081 7086 7087
f 7088 4881 4880
f 7088 4880 7089
f 7089 4880 4859
f 7089 4859 4854
f 4857 7090 4856
f 4856 7090 7089
f 4856 7089 4854
f 4847 7091 4848
f 4848 7091 7090
f 4848 7090 4857
f 7091 4847 4872
f 7091 4872 7092
f 7092 4872 4871
f 7092 4871 7093
f 7093 4871 4870
f 7093 4870 7094
f 7094 4870 4869
f 7094 4869 7095
f 7096 7095 4873
f 4873 7095 4869
f 7096 4873 4874
f 7096 4874 7097
f 7097 4874 4849
f 7097 4849 7098
f 4849 4851 7098
f 7098 4851 4850
f 7098 4850 7099
f 7099 4850 4858
f 7099 4858 7100
f 7101 7100 4838
f 4838 7100 4858
f 7102 7101 4841
f 4841 7101 4838
f 7103 7102 4843
f 4843 7102 4841
f 7103 4843 4845
f 7103 4845 7104
f 7104 4845 4846
f 7104 4846 7105
f 4846 4885 7105
f 7105 4885 4884
f 7105 4884 7106
f 7106 4884 4888
f 7106 4888 7107
f 7108 7107 4887
f 4887 7107 4888
f 7108 4887 4886
f 7108 4886 7109
f 7109 4886 4883
f 7109 4883 7110
f 7110 4883 4882
f 7110 4882 7111
f 7111 4882 4881
f 7111 4881 7088
f 7088 7089 7090
f 7090 7091 7088
f 7088 7091 7092
f 7088 7092 7111
f 7111 7092 7093
f 7111 7093 7110
f 7110 7093 7094
f 7110 7094 7109
f 7109 7094 7108
f 7108 7094 7095
f 7108 7095 7107
f 7101 7102 7100
f 7100 7102 7103
f 7100 7103 7099
f 7103 7104 7099
f 7099 7104 7105
f 7099 7105 7098
f 7098 7105 7106
f 7098 7106 7097
f 7097 7106 7107
f 7097 7107 7096
f 7096 7107 7095
f 7112 7113 4875
f 4875 7113 4876
f 7114 7112 4877
f 4877 7112 4875
f 7115 7114 4878
f 4878 7114 4877
f 7113 7115 4876
f 4876 7115 4878
f 7114 7115 7112
f 7112 7115 7113
f 7116 7117 5013
f 5013 7117 5016
f 7118 7116 5014
f 5014 7116 5013
f 7119 7118 5015
f 5015 7118 5014
f 7117 7119 5016
f 5016 7119 5015
f 7118 7119 7116
f 7116 7119 7117
f 7120 7121 4895
f 4895 7121 4889
f 4897 4896 7122
f 7120 4895 4894
f 7120 4894 7122
f 7122 4894 4899
f 7122 4899 4897
f 7123 7122 5018
f 5018 7122 4896
f 7123 5018 4893
f 4889 7121 4890
f 4890 7121 7123
f 4890 7123 4892
f 4892 7123 4893
f 7122 7123 7120
f 7120 7123 7121
f 7124 7125 4927
f 4927 7125 4928
f 7124 4927 4926
f 7124 4926 7126
f 7126 4926 4904
f 7126 4904 7127
f 7127 4904 4903
f 7127 4903 7128
f 7128 4903 4902
f 7128 4902 7129
f 7130 7129 4901
f 4901 7129 4902
f 7130 4901 4910
f 7130 4910 7131
f 7131 4910 4908
f 7131 4908 7132
f 7132 4908 4907
f 7132 4907 7133
f 4911 7134 4905
f 4905 7134 7135
f 4905 7135 4906
f 4906 7135 7136
f 4906 7136 4909
f 4909 7136 7133
f 4909 7133 4907
f 4457 7137 4458
f 4458 7137 7134
f 4458 7134 4911
f 4918 7138 7139
f 7137 4457 4914
f 7137 4914 7140
f 7140 4914 4913
f 7140 4913 7141
f 7141 4913 4920
f 7141 4920 7139
f 7139 4920 4919
f 7139 4919 4918
f 7142 7138 4917
f 4917 7138 4918
f 7142 4917 4924
f 4928 7125 4929
f 4929 7125 7142
f 4929 7142 4922
f 4922 7142 4924
f 7143 7144 7145
f 7145 7144 7146
f 7144 7147 7146
f 7146 7147 7148
f 7147 7149 7148
f 7148 7149 7150
f 7151 7152 7153
f 7151 7153 7154
f 7154 7153 7155
f 7154 7155 7156
f 7156 7155 7157
f 7156 7157 7158
f 7158 7157 7150
f 7158 7150 7149
f 7151 7159 7152
f 7152 7159 7160
f 7143 7145 7161
f 7143 7161 7162
f 7162 7161 7163
f 7162 7163 7164
f 7164 7163 7165
f 7164 7165 7166
f 7166 7165 7160
f 7166 7160 7159
f 7167 7168 7169
f 7167 7169 7170
f 7170 7169 7171
f 7170 7171 7172
f 7172 7171 7173
f 7172 7173 7174
f 7174 7173 7175
f 7174 7175 7176
f 7167 7177 7168
f 7168 7177 7178
f 7179 7180 7181
f 7179 7181 7182
f 7182 7181 7183
f 7182 7183 7184
f 7184 7183 7185
f 7184 7185 7186
f 7186 7185 7178
f 7186 7178 7177
f 7179 7187 7180
f 7180 7187 7188
f 7187 7189 7188
f 7188 7189 7190
f 7189 7176 7190
f 7190 7176 7175
f 7133 7182 7184
f 7187 7142 7189
f 7189 7142 7125
f 7189 7125 7176
f 7176 7125 7124
f 7176 7124 7174
f 7133 7159 7151
f 7133 7184 7132
f 7132 7184 7186
f 7132 7186 7131
f 7151 7154 7133
f 7133 7154 7156
f 7133 7156 7182
f 7182 7156 7158
f 7182 7158 7179
f 7179 7158 7149
f 7179 7149 7187
f 7187 7149 7147
f 7187 7147 7142
f 7142 7147 7144
f 7142 7144 7138
f 7134 7137 7166
f 7131 7186 7130
f 7130 7186 7177
f 7130 7177 7129
f 7134 7166 7135
f 7144 7143 7138
f 7138 7143 7162
f 7138 7162 7139
f 7139 7162 7164
f 7139 7164 7141
f 7141 7164 7166
f 7141 7166 7140
f 7140 7166 7137
f 7124 7126 7174
f 7174 7126 7127
f 7174 7127 7172
f 7172 7127 7128
f 7172 7128 7170
f 7170 7128 7129
f 7170 7129 7167
f 7167 7129 7177
f 7159 7133 7166
f 7166 7133 7136
f 7166 7136 7135
f 7145 7146 7148
f 7157 7155 7150
f 7150 7155 7153
f 7150 7153 7152
f 7160 7165 7163
f 7163 7161 7160
f 7160 7161 7145
f 7160 7145 7152
f 7152 7145 7148
f 7152 7148 7150
f 7188 7190 7180
f 7180 7190 7175
f 7175 7173 7171
f 7178 7185 7183
f 7171 7169 7175
f 7175 7169 7168
f 7175 7168 7180
f 7180 7168 7178
f 7180 7178 7181
f 7181 7178 7183
f 7191 4975 4974
f 7191 4974 7192
f 7192 4974 4960
f 7192 4960 7193
f 7193 4960 4959
f 7193 4959 7194
f 7194 4959 4971
f 7194 4971 7195
f 7195 4971 4969
f 7195 4969 7196
f 7196 4969 4967
f 7196 4967 7197
f 7197 4967 4966
f 7197 4966 7198
f 7198 4966 4957
f 7198 4957 7199
f 7199 4957 4956
f 7199 4956 7200
f 7200 4956 4955
f 7200 4955 7201
f 7201 4955 4954
f 7201 4954 7202
f 7202 4954 4952
f 7202 4952 7203
f 7203 4952 4951
f 7203 4951 7204
f 7204 4951 4978
f 7204 4978 7205
f 7205 4978 4977
f 7205 4977 7206
f 7206 4977 4975
f 7206 4975 7191
f 7204 7205 7206
f 7193 7194 7195
f 7206 7191 7204
f 7204 7191 7192
f 7204 7192 7193
f 7196 7200 7201
f 7197 7198 7196
f 7196 7198 7199
f 7196 7199 7200
f 7193 7195 7204
f 7204 7195 7196
f 7204 7196 7203
f 7203 7196 7201
f 7203 7201 7202
f 4935 7207 4934
f 4934 7207 7208
f 4934 7208 4953
f 7207 4935 4936
f 7207 4936 7209
f 7209 4936 4933
f 7209 4933 7210
f 7210 4933 4932
f 7210 4932 7211
f 7211 4932 4931
f 7211 4931 7212
f 7212 4931 4930
f 7212 4930 7213
f 7213 4930 4942
f 7213 4942 4941
f 7213 4941 4940
f 7213 4940 7214
f 7214 4940 4939
f 7214 4939 7215
f 7215 4939 4938
f 7215 4938 7216
f 7216 4938 4937
f 7216 4937 7217
f 4454 7218 4455
f 4455 7218 7217
f 4455 7217 4937
f 4950 7219 4948
f 4948 7219 7220
f 4948 7220 4946
f 4946 7220 7221
f 4946 7221 4944
f 4944 7221 7222
f 4944 7222 4945
f 4945 7222 7218
f 4945 7218 4454
f 4958 7223 4963
f 4963 7223 7219
f 4963 7219 4950
f 7223 4958 4968
f 7223 4968 7224
f 7224 4968 4970
f 7224 4970 7225
f 7225 4970 4972
f 7225 4972 7226
f 7226 4972 4973
f 7226 4973 7227
f 7227 4973 4961
f 7227 4961 7228
f 7228 4961 4962
f 7228 4962 7229
f 7229 4962 4976
f 7229 4976 7230
f 7230 4976 4953
f 7230 4953 7208
f 7215 7216 7217
f 7210 7211 7212
f 7223 7224 7219
f 7219 7224 7225
f 7209 7229 7207
f 7207 7229 7230
f 7207 7230 7208
f 7209 7210 7229
f 7229 7210 7212
f 7229 7212 7228
f 7228 7212 7213
f 7228 7213 7227
f 7227 7213 7214
f 7222 7221 7220
f 7220 7219 7222
f 7222 7219 7225
f 7222 7225 7218
f 7218 7225 7226
f 7218 7226 7217
f 7217 7226 7227
f 7217 7227 7215
f 7215 7227 7214

