# https://github.com/mikedh/trimesh
v -0.08935562 -0.01528387 -0.08382788
v -0.09659810 -0.01528387 -0.07537922
v -0.09012865 -0.01504349 -0.08404975
v -0.08312899 -0.01528387 -0.09001590
v -0.07455335 -0.01528387 -0.09724718
v -0.07726538 -0.01504349 -0.09602590
v -0.05987389 -0.01528387 -0.10692362
v -0.06622437 -0.01528387 -0.10320106
v -0.06686763 -0.01467589 -0.10420202
v -0.04396045 -0.01528387 -0.11439820
v -0.05087885 -0.01528387 -0.11158033
v -0.04711234 -0.01504349 -0.11391652
v -0.02714100 -0.01528387 -0.11951697
v -0.03449708 -0.01528387 -0.11769041
v -0.03043643 -0.01504349 -0.11946680
v -0.00976226 -0.01528387 -0.12217452
v -0.01741248 -0.01528387 -0.12140694
v -0.01314035 -0.01504349 -0.12258735
v 0.00002683 -0.01345958 0.12488813
v -0.00889024 -0.01233333 0.12456979
v -0.00888334 -0.01304989 0.12447321
v -0.05987971 -0.01345956 0.10959757
v -0.06755295 -0.01233333 0.10504496
v -0.07116260 -0.01304989 0.10242099
v -0.10513081 -0.01323625 0.06746618
v -0.10968274 -0.01233333 0.05979440
v -0.11159329 -0.01304989 0.05576147
v -0.11709146 -0.01345958 -0.04379462
v -0.11367688 -0.01233333 -0.05203862
v -0.11358880 -0.01304989 -0.05199840
v -0.05987896 -0.01233339 -0.10982162
v -0.05189973 -0.01233333 -0.11381573
v -0.05185953 -0.01304989 -0.11372767
v -0.04365587 0.00566667 -0.11723045
v -0.03519886 -0.01368437 -0.12004544
v -0.06750064 -0.01304989 -0.10518699
v -0.06755295 -0.01233333 -0.10526843
v -0.07486003 -0.01346342 -0.10019478
v -0.10968274 0.00566667 -0.06001786
v -0.10514295 -0.01369999 -0.06766972
v -0.11367688 -0.01233333 0.05181515
v -0.11709370 -0.01391138 0.04356554
v -0.09133058 -0.01304989 0.08494532
v -0.09444153 -0.01233333 0.08174586
v -0.10003990 -0.01323337 0.07479867
v -0.08836123 -0.01233333 0.08827662
v -0.07488260 -0.01233333 0.09995593
v -0.08183040 -0.01233322 0.09435703
v -0.01774843 -0.01304989 0.12352014
v -0.01776221 -0.01233333 0.12361597
v -0.02653652 -0.01346099 0.12203277
v 0.00002715 -0.01504349 -0.12337168
v -0.00891862 -0.01346345 -0.12479007
v 0.00003708 -0.01350203 -0.12511165
v -0.12369991 -0.01386138 -0.01790321
v -0.12209252 -0.01368760 -0.02677384
v -0.11909966 -0.01515307 -0.03051704
v -0.12497275 -0.01323529 -0.00011113
v -0.12465543 -0.01390050 -0.00899154
v -0.12335085 -0.01487903 0.00430081
v -0.12465439 -0.01323740 0.00880230
v -0.12209317 -0.01346668 0.02654878
v -0.12370040 -0.01323365 0.01767807
v -0.12141784 -0.01491559 0.02179126
v -0.11619583 -0.01495538 0.04342970
v -0.11898902 -0.01440880 0.03483456
v -0.10969564 -0.01499377 0.05746989
v -0.10884076 -0.01440880 0.05933463
v -0.10394186 -0.01484247 0.06670509
v -0.09631342 -0.01462564 0.07753477
v -0.08768286 -0.01440880 0.08759826
v -0.08176707 -0.01304989 0.09428381
v -0.07794990 -0.01503875 0.09602576
v -0.06686763 -0.01467589 0.10397856
v -0.05511098 -0.01504349 0.11004020
v -0.04452158 -0.01350421 0.11664811
v -0.05188522 -0.01346275 0.11359813
v -0.03887349 -0.01504349 0.11676598
v -0.03519091 -0.01345991 0.11982432
v -0.02184411 -0.01504349 0.12111247
v -0.01324129 -0.01430829 0.12330271
v -0.00835816 -0.01516368 0.12249002
v 0.00002715 -0.01528387 -0.12265425
v -0.01767087 -0.01346584 -0.12384901
v -0.02653961 -0.01346139 -0.12225570
v -0.03506377 -0.01367909 -0.11962041
v -0.04337798 -0.01430829 -0.11648537
v -0.05570100 -0.01367909 -0.11141451
v -0.05927148 -0.01467589 -0.10870903
v -0.08182873 -0.01346088 -0.09458166
v -0.08836268 -0.01346081 -0.08849834
v -0.09421229 -0.01347691 -0.08221521
v -0.10004779 -0.01324601 -0.07501202
v -0.09902573 -0.01467589 -0.07426178
v -0.10672269 -0.01430829 -0.06344933
v -0.10328084 -0.01516368 -0.06667688
v -0.10771056 -0.01516368 -0.05923137
v -0.11252379 -0.01467589 -0.05151202
v -0.11041363 -0.01528387 -0.05307107
v -0.11546123 -0.01504349 -0.04318667
v -0.11471933 -0.01528387 -0.04310426
v -0.11992520 -0.01368689 -0.03526582
v -0.11803285 -0.01528387 -0.03270820
v -0.11971489 -0.01528387 -0.02616002
v -0.12125514 -0.01528387 -0.01762306
v -0.12235926 -0.01528387 -0.00448277
v -0.12220676 -0.01521847 0.01084858
v -0.12087332 -0.01528387 0.01951591
v -0.11858319 -0.01528387 0.03034957
v -0.11990947 0.00566667 0.03510484
v -0.10173182 -0.01528387 0.06805585
v -0.09499885 -0.01528387 0.07711959
v -0.08633016 -0.01528387 0.08681203
v -0.06578563 -0.01528387 0.10323790
v -0.05821247 -0.01528387 0.10768592
v -0.05087885 -0.01528387 0.11135687
v -0.04600546 -0.01528387 0.11335158
v -0.03354925 -0.01629067 0.11271495
v -0.02481619 -0.01596899 0.11628442
v -0.01544008 -0.01578058 0.11890586
v 0.00002715 -0.01516368 0.12278950
v -0.00881603 0.02661721 -0.12233116
v 0.00002715 0.02661721 -0.12265425
v 0.00002715 0.02610712 -0.12375941
v -0.00879377 0.02610712 -0.12344438
v -0.01761261 0.02661721 -0.12137084
v -0.02946647 0.02661721 -0.11895943
v -0.03053225 0.02610712 -0.11984225
v -0.04621799 0.02661721 -0.11348737
v -0.04726063 0.02610712 -0.11427450
v -0.06088813 0.02661721 -0.10636719
v -0.07407216 0.02610712 -0.09909680
v -0.07754400 0.02661721 -0.09483398
v -0.06756091 0.02661721 -0.10227308
v -0.08417492 0.02610712 -0.09055113
v -0.08738580 0.02661721 -0.08594359
v -0.09618874 0.02610712 -0.07764739
v -0.09452794 0.02661721 -0.07791054
v -0.10399191 0.02610712 -0.06696071
v -0.10306218 0.02661721 -0.06636322
v -0.11413563 0.02610712 -0.04739950
v -0.11272624 0.02661721 -0.04783539
v -0.10636205 0.02661721 -0.06069497
v -0.11925757 0.02661721 -0.02767309
v -0.11755154 0.02661721 -0.03463595
v -0.11861195 0.02610712 -0.03494731
v -0.11925757 0.02661721 0.02744962
v -0.12184434 0.02661721 0.01196779
v -0.12116738 0.02639242 0.02175416
v -0.11861195 0.02610712 0.03472385
v -0.11578128 0.02661721 0.03942104
v -0.09452794 0.02661721 0.07768708
v -0.10306218 0.02661721 0.06613976
v -0.10399191 0.02610712 0.06673725
v -0.10636205 0.02661721 0.06047150
v -0.07084171 0.02661721 0.09973196
v -0.08022115 0.02661721 0.09249972
v -0.07724644 0.02639242 0.09577894
v -0.08454780 0.02661721 0.08841693
v -0.06682184 0.02610712 0.10390732
v -0.06269819 0.02656101 0.10526942
v -0.02631670 0.02661721 0.11955487
v -0.03907491 0.02661721 0.11592418
v -0.03899587 0.02610712 0.11713364
v -0.00439444 0.02661721 0.12226924
v -0.01761261 0.02661721 0.12114737
v -0.01756977 0.02610712 0.12227739
v 0.00002693 0.02433685 -0.12511170
v -0.00887887 0.02453242 -0.12463409
v -0.01756977 0.02610712 -0.12250085
v -0.02651037 0.02500680 -0.12226141
v -0.06302637 0.02610712 -0.10638274
v -0.05187963 0.02466865 -0.11382454
v -0.05990029 0.02472876 -0.10980949
v -0.07478695 0.02453242 -0.10005165
v -0.08184318 0.02472598 -0.09456949
v -0.08838580 0.02510764 -0.08847445
v -0.09991279 0.02453242 -0.07492582
v -0.10849583 0.02610712 -0.05936976
v -0.11361578 0.02467906 -0.05216181
v -0.11709160 0.02433693 -0.04379457
v -0.11975639 0.02453242 -0.03528335
v -0.12079482 0.02610712 -0.02639494
v -0.12196030 0.02453242 -0.02664848
v -0.12374467 0.02628766 -0.00906624
v -0.12160821 0.02650481 -0.01760026
v -0.12370024 0.02480205 -0.01790209
v -0.12285901 0.02650481 -0.00011173
v -0.12497266 0.02480328 -0.00011316
v -0.12262214 0.02650481 0.00652018
v -0.12465477 0.02480539 0.00879100
v -0.11582452 0.02610712 0.04309871
v -0.11709800 0.02467549 0.04355393
v -0.10849583 0.02610712 0.05914629
v -0.10954269 0.02453242 0.05971792
v -0.10499531 0.02453242 0.06738210
v -0.08740497 0.02610712 0.08732038
v -0.08182967 0.02480214 0.09435745
v -0.08824837 0.02453242 0.08816379
v -0.05987947 0.02480214 0.10959768
v -0.06746669 0.02453242 0.10491072
v -0.04771680 0.02453242 0.11515230
v -0.03518957 0.02433588 0.11982481
v -0.00438331 0.02610712 0.12337844
v -0.01330919 0.02453242 0.12393431
v -0.00889024 0.02366667 -0.12479325
v -0.01776221 0.02366667 -0.12383942
v -0.03517292 0.02467153 -0.12005347
v -0.06755295 0.02366667 -0.10526843
v -0.07488260 0.02366667 -0.10017939
v -0.09444153 0.02366667 -0.08196933
v -0.10004056 0.02366665 -0.07502140
v -0.10512982 0.02433777 -0.06769137
v -0.11990947 0.02366667 -0.03532830
v -0.12211624 0.02366667 -0.02668240
v -0.12465438 0.02366667 -0.00902913
v -0.12370018 0.02480266 0.01767910
v -0.12210035 0.02480734 0.02652018
v -0.11175402 0.02650481 0.05093702
v -0.11367081 0.02480553 0.05182673
v -0.09618874 0.02610712 0.07742392
v -0.10003059 0.02472632 0.07481086
v -0.10968274 0.02366667 0.05979440
v -0.10512950 0.02366665 0.06746849
v -0.09444153 0.02366667 0.08174586
v -0.07485812 0.02480635 0.09997263
v -0.08836123 0.02366667 0.08827662
v -0.05142446 0.02661721 0.11108376
v -0.05133796 0.02610712 0.11236215
v -0.05189973 0.02366667 0.11359227
v -0.06755295 0.02366667 0.10504496
v -0.04365587 0.02366667 0.11700699
v -0.02625607 0.02610712 0.12071022
v -0.02650959 0.02453242 0.12187572
v -0.02654349 0.02366662 0.12203164
v -0.01776221 0.02366667 0.12361597
v -0.00889024 0.02366667 0.12456979
v 0.00002729 0.02433681 0.12488823
v -0.04549984 -0.01933693 0.09453605
v -0.05911881 -0.01933358 0.08656131
v -0.05151305 -0.01882194 0.08135040
v -0.09622186 -0.01932692 -0.01684156
v -0.09944484 -0.01933343 -0.03351745
v -0.09102164 -0.01920078 -0.03359074
v -0.00580109 -0.01897048 -0.09665099
v -0.01741057 -0.01933360 -0.10358338
v -0.00617546 -0.01933365 -0.10492641
v -0.02847499 -0.01933359 -0.10116807
v -0.02540538 -0.01886959 -0.09320056
v -0.04130450 -0.01932692 -0.08866509
v -0.05751911 -0.01922073 -0.07831641
v -0.06521092 -0.01933362 -0.08229720
v -0.07632829 -0.01933355 -0.07208599
v -0.07456252 -0.01922073 -0.06227221
v -0.08452966 -0.01933178 -0.04737503
v -0.08369099 -0.01933366 -0.06348342
v -0.10497142 -0.01933367 -0.00011044
v -0.09709485 -0.01920078 -0.00011874
v -0.10252991 -0.01933362 0.02239961
v -0.10429806 -0.01933658 0.01213867
v -0.09568049 -0.01920078 0.01643180
v -0.09944196 -0.01933362 0.03329984
v -0.08141577 -0.01932692 0.05394277
v -0.09191878 -0.01933341 0.05059211
v -0.09532610 -0.01933369 0.04384737
v -0.07643862 -0.01920078 0.05980083
v -0.07372232 -0.01933355 0.07462627
v -0.06642031 -0.01882194 0.06978018
v -0.06737960 -0.01933718 0.08035199
v -0.01046790 -0.01934052 0.10430755
v -0.03023131 -0.01933337 0.10023864
v -0.03598250 -0.01882194 0.08932818
v 0.00764995 -0.01745001 -0.09480640
v 0.00002725 -0.01718765 -0.09511179
v -0.00761381 -0.01718491 -0.09480408
v -0.01523755 -0.01758602 -0.09387842
v -0.02271887 -0.01696552 -0.09234873
v -0.04135104 -0.01893058 -0.08731440
v -0.03725855 -0.01718288 -0.08749122
v -0.04412343 -0.01718921 -0.08422922
v -0.05683947 -0.01759856 -0.07622533
v -0.06357090 -0.01844310 -0.07189906
v -0.06296998 -0.01697017 -0.07121983
v -0.07816181 -0.01758501 -0.05407061
v -0.08224528 -0.01699462 -0.04761181
v -0.08801036 -0.01827233 -0.03761503
v -0.09122245 -0.01758759 -0.02654174
v -0.08880268 -0.01700178 -0.03379154
v -0.09557840 -0.01880198 -0.01174304
v -0.09429085 -0.01700774 -0.01149739
v -0.09504565 -0.01717742 -0.00394303
v -0.09480478 -0.01781026 0.01140294
v -0.09305084 -0.01759034 0.01890443
v -0.08635896 -0.01920078 0.04411191
v -0.08578978 -0.01759115 0.04063985
v -0.07962321 -0.01781026 0.05252263
v -0.08224535 -0.01699461 0.04738822
v -0.07396965 -0.01781026 0.06030478
v -0.06848712 -0.01699437 0.06569710
v -0.05687577 -0.01759513 0.07597221
v -0.05074713 -0.01699387 0.08018135
v -0.04072985 -0.01717742 0.08578182
v -0.02642378 -0.01717742 0.09120741
v -0.00176937 -0.01932852 0.09752180
v -0.01925306 -0.01880198 0.09432895
v 0.00000461 -0.01880198 0.09619873
v -0.00758943 -0.01759115 0.09458371
v -0.01523598 -0.01717742 0.09380607
v -0.03005633 -0.01633333 -0.09022270
v -0.05074617 -0.01758796 -0.08040556
v -0.07170197 -0.01844310 -0.06365818
v -0.06848688 -0.01699881 -0.06592083
v -0.07355741 -0.01698678 -0.06019789
v -0.08588977 -0.01705915 -0.04087980
v -0.08580065 -0.01633333 -0.04083753
v -0.09305221 -0.01758697 -0.01911904
v -0.09431440 -0.01633333 -0.01113926
v -0.09489584 -0.01633333 -0.00393700
v -0.09497285 -0.01633333 -0.00011173
v -0.09489653 -0.01758994 0.00370559
v -0.09428021 -0.01633333 0.01133926
v -0.09209885 -0.01920078 0.03063705
v -0.09122252 -0.01758808 0.02631802
v -0.08881169 -0.01758817 0.03354696
v -0.07815632 -0.01633333 0.05385442
v -0.06297003 -0.01698593 0.07099637
v -0.07356033 -0.01633333 0.05997057
v -0.04412154 -0.01633330 0.08400660
v -0.03720969 -0.01633333 0.08728631
v -0.03005639 -0.01633331 0.08999921
v -0.02270784 -0.01633339 0.09212774
v -0.01521194 -0.01633333 0.09365804
v 0.00002711 -0.01699458 0.09488829
v -0.05074725 0.02766669 0.08018124
v -0.05409839 0.02876551 0.07829259
v -0.06847759 0.02839506 0.06570736
v -0.03004879 0.02901885 -0.09022561
v -0.04410905 0.02773947 -0.08423626
v -0.02269140 0.02808001 -0.09235504
v 0.00001418 0.02816390 -0.09511185
v -0.06848639 0.02828893 -0.06592175
v -0.05491337 0.02888582 -0.07801676
v -0.05074154 0.02732279 -0.08040851
v -0.08224261 0.02729053 -0.04761645
v -0.09428021 0.02766667 -0.01156271
v -0.09375796 0.02829184 -0.01535329
v -0.09122260 0.02904336 -0.02654130
v -0.09532262 0.02895918 0.00180017
v -0.09497285 0.02766667 -0.00011173
v -0.09489550 0.02831785 -0.00394220
v -0.09464042 0.02889255 0.01138299
v -0.09431440 0.02766667 0.01091580
v -0.09489584 0.02766667 0.00371352
v -0.09249870 0.02921091 0.02369568
v -0.09122214 0.02766667 0.02631884
v -0.09305295 0.02766667 0.01889071
v -0.09428021 0.02766667 0.01133926
v -0.08751152 0.02859220 0.03717909
v -0.08224528 0.02861611 0.04738839
v -0.08580065 0.02766667 0.04061407
v -0.07823259 0.02829184 0.05390705
v -0.07350888 0.02925046 0.06003971
v -0.07815632 0.02766667 0.05385442
v -0.04605480 0.02906074 0.08351888
v -0.04412154 0.02766657 0.08400660
v -0.03724599 0.02829184 0.08737156
v -0.03720969 0.02766667 0.08728631
v -0.03005633 0.02766667 0.08999923
v -0.02651870 0.02902581 0.09153515
v -0.02270787 0.02766656 0.09212773
v -0.01527337 0.02882804 0.09365068
v -0.00761718 0.02766667 0.09458022
v -0.00381479 0.02902581 0.09522489
v 0.00002715 0.02766682 0.09488827
v -0.04218433 0.03014859 0.08652103
v -0.06966342 0.03027973 0.06678201
v -0.08120000 0.02999783 0.05124454
v -0.08924767 0.03011117 0.03578360
v -0.09371802 0.03019885 -0.02324432
v -0.07821504 0.03019295 -0.05647210
v -0.08570796 0.02851962 -0.04105416
v -0.06548674 0.03036865 -0.07113168
v -0.04475836 0.03017882 -0.08541507
v -0.01158491 0.03021013 -0.09581808
v -0.09560055 0.03042442 0.01542346
v -0.09688079 0.03044188 -0.00011855
v -0.09577008 0.03036704 -0.01371482
v -0.08910397 0.03042442 -0.03808070
v -0.08880766 0.02861773 -0.03377998
v 0.00388940 0.02982963 -0.09595281
v 0.00589866 0.03053097 0.09670645
v -0.01167420 0.03051672 0.09625760
v -0.03068685 0.03050959 0.09186563
v -0.06136885 0.03051672 0.07508469
v -0.08212136 0.03056806 0.05183583
v -0.08949704 0.03059655 0.03802596
v -0.03072654 0.03056806 -0.09223024
v -0.01557674 0.03056806 -0.09612624
v -0.00389567 0.03059655 -0.09734173
v -0.00980444 0.03066667 0.09717429
v -0.03036266 0.03066927 0.10037662
v -0.04104951 0.03066799 0.09643327
v -0.05559807 0.03066667 0.08047528
v -0.06911315 0.03066667 0.06903195
v -0.08967622 0.03066859 0.05443902
v -0.08745053 0.03066667 0.04357906
v -0.09536450 0.03066667 0.02137470
v -0.09789339 0.03066667 -0.00011174
v -0.09615318 0.03066667 -0.01773499
v -0.09797648 0.03066767 -0.03758810
v -0.08365123 0.03066667 -0.05069987
v -0.07536223 0.03066923 -0.07317103
v -0.06660415 0.03066902 -0.08132584
v -0.05463312 0.03066767 -0.08967444
v -0.03469595 0.03066667 -0.09166902
v -0.01955947 0.03066667 -0.09605335
v -0.00194430 0.03066667 -0.09787340
v 0.00894454 0.02366667 0.12456979
v 0.00897302 -0.01346346 0.12456659
v 0.01781648 0.02366667 0.12361597
v 0.01772517 -0.01346580 0.12362556
v 0.02659670 0.02480202 0.12203170
v 0.02659667 -0.01346005 0.12203173
v 0.03525047 0.02480330 0.11982253
v 0.03524369 -0.01233333 0.11982489
v 0.04371130 -0.01346066 0.11700638
v 0.04566479 0.02527894 0.11619661
v 0.05195411 0.02366666 0.11359223
v 0.05194699 -0.01346241 0.11359494
v 0.05993357 -0.01345955 0.10959781
v 0.05993322 0.02366667 0.10959817
v 0.06764097 0.02480693 0.10502125
v 0.06766050 -0.01346530 0.10500783
v 0.07493684 0.02366667 0.09995593
v 0.07488220 -0.01389489 0.09999317
v 0.08188466 0.02433681 0.09435698
v 0.08188368 -0.01323564 0.09435773
v 0.08841682 -0.01346076 0.08827502
v 0.08846103 0.02472831 0.08822903
v 0.09449589 0.02366667 0.08174586
v 0.09449589 -0.01233333 0.08174586
v 0.10009446 0.02433610 0.07479835
v 0.10008825 -0.01336098 0.07480647
v 0.10518382 0.02366673 0.06746840
v 0.10518382 -0.01233324 0.06746841
v 0.10973704 0.02366667 0.05979440
v 0.10973704 -0.01233333 0.05979440
v 0.11373103 0.02366655 0.05181536
v 0.11373115 -0.01233333 0.05181515
v 0.11714569 -0.01345961 0.04357122
v 0.11714627 0.02480368 0.04356951
v 0.11996895 0.02480597 0.03508352
v 0.11997264 -0.01346392 0.03506953
v 0.12214496 0.02480991 0.02655846
v 0.12213521 -0.01390188 0.02659492
v 0.12375473 0.02458613 0.01767787
v 0.12375318 -0.01389798 0.01768543
v 0.12470860 -0.01323538 0.00880502
v 0.12470865 0.02434225 0.00880418
v 0.12502712 0.02366667 -0.00011173
v 0.12502703 -0.01323529 -0.00011234
v 0.00887032 0.02661721 0.12210770
v 0.00417785 0.02844444 0.11346225
v 0.02187116 0.02661721 0.12038884
v 0.02067013 0.02844444 0.11164758
v 0.03296608 0.02661721 0.11784162
v 0.03672244 0.02844444 0.10745095
v 0.04285136 0.02661721 0.11470445
v 0.04969316 0.02661721 0.11182337
v 0.04829875 0.02844444 0.10286097
v 0.06206387 0.02661721 0.10544459
v 0.05923191 0.02844444 0.09689895
v 0.07417680 0.02661721 0.09741430
v 0.06953329 0.02844444 0.08990175
v 0.08027542 0.02661721 0.09249972
v 0.07890852 0.02844444 0.08170515
v 0.08862036 0.02661721 0.08427674
v 0.08998054 0.02844444 0.06934804
v 0.09652585 0.02661721 0.07523760
v 0.10311645 0.02661721 0.06613976
v 0.09710264 0.02844444 0.05913256
v 0.10895604 0.02661721 0.05563289
v 0.10293114 0.02844444 0.04812768
v 0.11406535 0.02661721 0.04442960
v 0.10766166 0.02844444 0.03660806
v 0.11805859 0.02661721 0.03263852
v 0.11095798 0.02844444 0.02459916
v 0.12032905 0.02661721 0.02283345
v 0.11307061 0.02844444 0.01232658
v 0.12204547 0.02661721 0.00988913
v 0.11367697 0.02844444 -0.00011173
v 0.12372916 0.02637650 -0.00380169
v 0.11307061 0.02844444 -0.01255005
v 0.12153980 0.02661721 -0.01552870
v 0.11186105 0.02844444 -0.02076850
v 0.12011233 0.02661721 -0.02425816
v 0.10885829 0.02844444 -0.03285413
v 0.11672400 0.02661721 -0.03707866
v 0.10469413 0.02844444 -0.04459038
v 0.11211851 0.02661721 -0.04951425
v 0.10116816 0.02844444 -0.05211192
v 0.10605305 0.02661721 -0.06130726
v 0.09481084 0.02844444 -0.06282002
v 0.09888154 0.02661721 -0.07246268
v 0.08744204 0.02844444 -0.07285897
v 0.09042224 0.02661721 -0.08267666
v 0.07890852 0.02844444 -0.08192862
v 0.08101976 0.02661721 -0.09203020
v 0.06953329 0.02844444 -0.09012520
v 0.07056185 0.02661721 -0.10018742
v 0.05923191 0.02844444 -0.09712242
v 0.05936772 0.02661721 -0.10730149
v 0.04447611 0.02844444 -0.10470890
v 0.04739992 0.02661721 -0.11302028
v 0.02877297 0.02844444 -0.11006606
v 0.03493728 0.02661721 -0.11756197
v 0.02637100 0.02661721 -0.11977834
v 0.01658574 0.02844444 -0.11262547
v 0.01766689 0.02661721 -0.12137084
v 0.00832856 0.02844444 -0.11353402
v 0.00002715 0.02844444 -0.11383741
v 0.00887032 0.02661721 -0.12233116
v 0.00002715 0.03066667 -0.10511173
v 0.01150344 0.03066667 -0.10441221
v 0.02664893 0.03066763 -0.10160536
v 0.03788707 0.03066926 -0.09802555
v 0.04800557 0.03066667 -0.09343036
v 0.05796275 0.03066667 -0.08768151
v 0.06714800 0.03066667 -0.08076584
v 0.07561702 0.03066667 -0.07298952
v 0.08308661 0.03066767 -0.06422435
v 0.09153122 0.03066667 -0.05146632
v 0.09803340 0.03066667 -0.03759595
v 0.10166781 0.03066931 -0.02637549
v 0.10383889 0.03066667 -0.01538965
v 0.10495710 0.03066667 -0.00011174
v 0.10439724 0.03066667 0.01137225
v 0.10239629 0.03066870 0.02347791
v 0.09940332 0.03066667 0.03379072
v 0.09503576 0.03066667 0.04442649
v 0.08753848 0.03066667 0.05778523
v 0.07815111 0.03066767 0.06992787
v 0.07009563 0.03066667 0.07808936
v 0.06420037 0.03066667 0.08299540
v 0.05468938 0.03066667 0.08945575
v 0.04459512 0.03066667 0.09496035
v 0.03390697 0.03066667 0.09919816
v 0.02258052 0.03066931 0.10241628
v 0.01146716 0.03066767 0.10418577
v 0.00002715 0.03066667 0.10488828
v 0.00767148 0.02766667 -0.09480368
v 0.01527641 -0.01718493 -0.09388027
v 0.02276204 0.02766657 -0.09235122
v 0.02276444 -0.01758920 -0.09235083
v 0.03011068 -0.01633336 -0.09022269
v 0.03011063 0.02766667 -0.09022270
v 0.03862752 0.02884877 -0.08699264
v 0.03726396 -0.01633333 -0.08750978
v 0.04417569 -0.01715930 -0.08423010
v 0.05078410 0.02784834 -0.08041649
v 0.05079972 -0.01718918 -0.08040600
v 0.05768659 0.02824598 -0.07557882
v 0.05697329 -0.01720382 -0.07616039
v 0.06302512 -0.01718415 -0.07121917
v 0.06854241 0.02871346 -0.06591967
v 0.06854134 -0.01718754 -0.06592065
v 0.07362730 0.02831916 -0.06017747
v 0.07360204 -0.01719333 -0.06021086
v 0.07821254 -0.01718494 -0.05407533
v 0.08581571 0.02840468 -0.04092808
v 0.08229964 -0.01716076 -0.04761154
v 0.08585205 -0.01719218 -0.04084444
v 0.08892134 0.02862711 -0.03364035
v 0.08885992 -0.01719202 -0.03378480
v 0.09127636 0.02766663 -0.02654235
v 0.09127650 -0.01718835 -0.02654204
v 0.09310728 0.02766667 -0.01911417
v 0.09310674 -0.01719171 -0.01911782
v 0.09433466 0.02861634 -0.01156193
v 0.09435612 -0.01719976 -0.01143000
v 0.09495011 -0.01698694 -0.00393653
v 0.09502715 0.02766667 -0.00011173
v 0.09502719 -0.01644783 -0.00010037
v 0.10070318 -0.01933333 0.02970988
v 0.10326400 -0.01933333 0.01867286
v 0.11184320 -0.01711110 0.02023388
v 0.09829494 -0.01933352 0.03687822
v 0.10906953 -0.01711110 0.03218810
v 0.08591650 -0.01933350 0.06016758
v 0.09417720 -0.01933775 0.04644495
v 0.09750971 -0.01711110 0.05831707
v 0.07638256 -0.01933355 0.07186253
v 0.09070295 -0.01711110 0.06852807
v 0.05279022 -0.01933333 0.09058985
v 0.06526513 -0.01933362 0.08207381
v 0.06409349 -0.01711110 0.09376202
v 0.04182660 -0.01933250 0.09627143
v 0.04996027 -0.01711110 0.10198361
v 0.01079680 -0.01711110 -0.11325231
v -0.00332041 -0.01711110 -0.11373878
v 0.04006914 -0.01839763 0.10083546
v 0.03212616 -0.01933333 0.09979009
v 0.04156170 -0.01823216 0.10285576
v 0.03995705 -0.01684945 0.10760345
v 0.05039451 -0.01528387 0.11157998
v 0.04048248 -0.01528387 0.11549288
v 0.04438852 -0.01713109 0.10573936
v 0.03324612 -0.01785565 0.10540147
v 0.03537726 -0.01746215 0.10762607
v 0.03804079 -0.01782624 0.10600436
v 0.02876923 -0.01679932 0.11160442
v 0.02954564 -0.01522378 0.11891682
v 0.02427390 -0.01932812 0.10211328
v 0.02943967 -0.01764714 0.10916919
v 0.00311786 -0.01933333 0.10479721
v 0.00573139 -0.01825292 0.10989081
v 0.00022514 -0.01714748 0.11360565
v 0.01373237 -0.01933333 0.10398999
v 0.01468172 -0.01802064 0.10883965
v 0.01111440 -0.01761084 0.11164978
v 0.01278396 -0.01516368 0.12203376
v 0.00622595 -0.01668650 0.11590332
v 0.01172381 -0.01704036 0.11439946
v 0.01835066 -0.01669929 0.11394943
v 0.00666255 -0.01759068 0.11306569
v 0.02128804 -0.01799444 0.10933053
v 0.01809918 -0.01775567 0.11088721
v 0.02485518 -0.01933349 -0.10206344
v 0.02294347 -0.01711110 -0.11150460
v 0.03089690 -0.01711110 -0.10956760
v 0.03572140 -0.01933361 -0.09885712
v 0.03869036 -0.01711110 -0.10706351
v 0.04273419 -0.01933340 -0.09603377
v 0.04628351 -0.01711110 -0.10400531
v 0.05278577 -0.01933365 -0.09081423
v 0.05717492 -0.01711110 -0.09835076
v 0.06525772 -0.01933356 -0.08230333
v 0.06747416 -0.01711110 -0.09167826
v 0.07690069 -0.01711110 -0.08382097
v 0.07591473 -0.01933672 -0.07273982
v 0.08553064 -0.01711110 -0.07509628
v 0.08591670 -0.01933333 -0.06039197
v 0.09305423 -0.01711110 -0.06540135
v 0.09197304 -0.01933340 -0.05081562
v 0.09961390 -0.01711110 -0.05502989
v 0.09683709 -0.01933365 -0.04058705
v 0.10488501 -0.01711110 -0.04394785
v 0.10069859 -0.01933362 -0.02994324
v 0.10906953 -0.01711110 -0.03241157
v 0.10258411 -0.01933362 -0.02262327
v 0.11184320 -0.01711110 -0.02045736
v 0.10434783 -0.01933333 -0.01142156
v 0.11345822 -0.01711110 -0.00829232
v 0.10502714 -0.01933333 -0.00011173
v 0.11375284 -0.01711110 -0.00011173
v 0.10475516 -0.01933333 0.00744121
v 0.11345822 -0.01711110 0.00806886
v 0.00311786 -0.01933333 -0.10502068
v 0.01373237 -0.01933333 -0.10421345
v 0.07300580 -0.01528387 0.09813589
v 0.05992817 -0.01528387 0.10670016
v 0.07690069 -0.01711110 0.08359751
v 0.08629659 -0.01528387 0.08669843
v 0.08553064 -0.01711110 0.07487282
v 0.09665239 -0.01528387 0.07515575
v 0.10333511 -0.01516368 0.06645341
v 0.10776484 -0.01516368 0.05900791
v 0.10488501 -0.01711110 0.04372439
v 0.11046791 -0.01528387 0.05284761
v 0.11477363 -0.01528387 0.04288080
v 0.11790398 -0.01516368 0.03465183
v 0.11921483 -0.01528387 0.02810849
v 0.12190354 -0.01525117 0.01302357
v 0.12281051 -0.01521847 -0.00011173
v 0.12249574 -0.01521847 -0.00888911
v 0.12156075 -0.01521847 -0.01758563
v 0.12012397 -0.01528387 -0.02414962
v 0.11755979 -0.01528387 -0.03477423
v 0.11397159 -0.01528387 -0.04504055
v 0.10937500 -0.01528387 -0.05523408
v 0.10178609 -0.01528387 -0.06827931
v 0.09505315 -0.01528387 -0.07734305
v 0.08638445 -0.01528387 -0.08703549
v 0.07993495 -0.01528387 -0.09299755
v 0.07307503 -0.01528387 -0.09848223
v 0.06627864 -0.01528387 -0.10320106
v 0.06183396 -0.01528387 -0.10581553
v 0.05039451 -0.01528387 -0.11180344
v 0.04226360 -0.01528387 -0.11512354
v 0.03455135 -0.01528387 -0.11769041
v 0.02933718 -0.01528387 -0.11899577
v 0.01746675 -0.01528387 -0.12140694
v 0.00981653 -0.01528387 -0.12217452
v -0.04218348 -0.01750481 0.10365069
v -0.03390451 -0.01779267 0.10737029
v -0.03969397 -0.01729925 0.10736112
v -0.03817444 -0.01669185 0.11131785
v -0.04092900 -0.01646407 0.10909790
v -0.02960375 -0.01720807 0.11126677
v -0.02533118 -0.01764689 0.10903808
v -0.02892092 -0.01813197 0.10638472
v -0.02368362 -0.01716704 0.11270826
v -0.01975332 -0.01801040 0.10806960
v -0.02240475 -0.01858073 0.10757574
v -0.01955293 -0.01796642 0.10952043
v -0.02113333 -0.01685212 0.11430157
v -0.01870643 -0.01776437 0.11155054
v -0.01637637 -0.01666292 0.11442593
v -0.01671718 -0.01723677 0.11335822
v -0.01613637 -0.01813716 0.10987210
v -0.01462954 -0.01756163 0.11078005
v -0.01341629 -0.01739307 0.11339629
v -0.01138124 -0.01664414 0.11516751
v -0.01065098 -0.01777757 0.11104444
v -0.00818206 -0.01759739 0.11248154
v -0.00739595 -0.01665930 0.11763389
v -0.00713899 -0.01617811 0.11764695
v -0.00620622 -0.01933321 0.10469385
v -0.00677000 -0.01817719 0.11127253
v 0.01371919 -0.01853612 0.10918729
v 0.01546755 -0.01740667 0.11247176
v 0.02514368 -0.01781614 0.10982630
v 0.03322151 -0.01759621 0.10884745
v 0.03094129 -0.01820409 0.10640390
v -0.10253328 -0.01933333 -0.02261420
v -0.11105621 -0.01711110 -0.02448419
v -0.08997603 -0.01933333 -0.05405755
v -0.09532791 -0.01933333 -0.04407101
v -0.10325205 -0.01711110 -0.04772409
v -0.08806252 -0.01711110 -0.07192391
v -0.05600241 -0.01933333 -0.08891316
v -0.07062583 -0.01711110 -0.08913384
v -0.03566962 -0.01933333 -0.09885757
v -0.04607488 -0.01933333 -0.09437374
v -0.04990603 -0.01711110 -0.10220706
v -0.03084260 -0.01711110 -0.10956760
v -0.00304786 -0.01772386 0.11198659
v -0.01885310 -0.01711110 -0.11218453
v -0.03863609 -0.01711110 -0.10706351
v -0.06065851 -0.01711110 -0.09629270
v -0.07986102 -0.01711110 -0.08105253
v -0.09535125 -0.01711110 -0.06205117
v -0.10771233 -0.01711110 -0.03629159
v -0.11252162 -0.01711110 -0.01643053
v -0.05358279 -0.01711110 0.10018536
v -0.06065851 -0.01711110 0.09606923
v -0.07062583 -0.01711110 0.08891038
v -0.07986102 -0.01711110 0.08082907
v -0.07891604 -0.01933333 0.06911957
v -0.08806252 -0.01711110 0.07170045
v -0.08586240 -0.01933333 0.06016851
v -0.09535125 -0.01711110 0.06182770
v -0.09955963 -0.01711110 0.05480644
v -0.10483071 -0.01711110 0.04372439
v -0.10901529 -0.01711110 0.03218810
v -0.11178891 -0.01711110 0.02023388
v -0.11355123 -0.01711110 0.00397857
v -0.10429356 -0.01933333 -0.01142156
v -0.11340392 -0.01711110 -0.00829232
v -0.09955963 -0.01711110 -0.05502989
v 0.09495040 0.02861478 0.00370981
v 0.09495008 -0.01633333 0.00371352
v 0.09435159 -0.01633333 0.01112753
v 0.09433448 0.02766667 0.01133926
v 0.09310564 0.02882531 0.01890138
v 0.09310701 -0.01719162 0.01889276
v 0.09127632 0.02766651 0.02631904
v 0.09127662 -0.01758750 0.02631848
v 0.08885611 -0.01717926 0.03357007
v 0.08229531 0.02775967 0.04739576
v 0.08585369 -0.01718495 0.04061701
v 0.08229961 -0.01718766 0.04738828
v 0.07821602 -0.01758506 0.05384728
v 0.06853493 0.02776005 0.06570399
v 0.07359591 -0.01758820 0.05999555
v 0.06854094 -0.01758803 0.06569772
v 0.06302477 -0.01717774 0.07099597
v 0.05675071 0.02884866 0.07611872
v 0.05699366 -0.01719975 0.07592034
v 0.05079618 0.02882490 0.08018502
v 0.05079788 -0.01758919 0.08018386
v 0.04417726 0.02904337 0.08400603
v 0.04417588 -0.01699382 0.08400659
v 0.03754641 0.02883965 0.08717936
v 0.03816174 -0.01747292 0.08694587
v 0.03011170 -0.01736987 0.08999892
v 0.02276871 0.02746188 0.09212622
v 0.02276211 -0.01699440 0.09212777
v 0.01526621 0.02766667 0.09365804
v 0.01526621 -0.01633333 0.09365804
v 0.00767148 0.02766667 0.09458022
v 0.00767148 -0.01633333 0.09458022
v 0.09442645 0.02829184 0.01135042
v 0.01147999 0.02829184 0.09421103
v 0.01909667 0.02902581 0.09337723
v 0.07399528 0.02902581 0.06028139
v 0.09053081 0.02902581 0.03010283
v 0.08593862 0.02829184 0.04065378
v 0.09504265 0.02829184 -0.00394073
v 0.09136535 0.02829184 -0.02656817
v 0.09319805 0.02829184 -0.01913270
v 0.08072479 0.02906074 -0.05112030
v 0.02835941 0.02857183 -0.09101298
v 0.01914876 0.02925441 -0.09372341
v 0.00767891 0.02829184 -0.09489603
v 0.05160171 0.03027985 -0.08169500
v 0.09408383 0.02982963 -0.01931354
v 0.09658422 0.03019885 0.00185401
v 0.09547581 0.03011829 0.01344194
v 0.09060620 0.03030397 0.03316428
v 0.08230241 0.03066415 0.05092571
v 0.06651202 0.02989627 0.06911628
v 0.02669659 0.02979471 0.09196957
v 0.00971495 0.03008409 0.09569094
v 0.01559196 0.03052492 -0.09588592
v 0.06271186 0.03036704 -0.07381910
v 0.07970619 0.03036704 -0.05511022
v 0.08783406 0.03041729 -0.04071401
v 0.09659478 0.03042442 -0.00790172
v 0.03440567 0.03047680 -0.09077363
v 0.07269041 0.03051672 -0.06448577
v 0.09434133 0.03054239 -0.02335563
v 0.07524931 0.03055664 0.06131119
v 0.06718924 0.03048822 0.06982492
v 0.05263900 0.03050247 0.08126982
v 0.03163431 0.03050247 0.09149585
v 0.05618344 0.03066667 -0.07975404
v 0.08567695 0.03066667 -0.04728526
v 0.09763014 0.03066667 -0.00011174
v 0.05718066 0.03066667 0.07922745
v 0.04200494 0.03066667 0.08835461
v 0.01341894 -0.01749384 0.09422375
v 0.09643447 -0.01932692 0.01465703
v 0.08975445 -0.01895053 0.03546087
v 0.01371497 -0.01926064 0.09632429
v 0.02707755 -0.01932692 0.09375097
v 0.05529748 -0.01924068 0.07996119
v 0.04082032 -0.01933013 0.08870765
v 0.06444046 -0.01897048 0.07182311
v 0.08068008 -0.01906568 0.05320815
v 0.09764597 -0.01932692 -0.00570500
v 0.09615642 -0.01875439 -0.00424741
v 0.09382775 -0.01895053 -0.02323512
v 0.08041853 -0.01932692 -0.05582912
v 0.08833520 -0.01897048 -0.03933674
v 0.07430118 -0.01900810 -0.06200344
v 0.06118185 -0.01897048 -0.07501265
v 0.03889458 -0.01908563 -0.08884715
v 0.01747986 -0.01911442 -0.09519009
v 0.01238086 -0.01932692 -0.09705707
v 0.02686496 -0.01882194 0.09255576
v 0.04165629 -0.01920078 0.08763619
v 0.09516113 -0.01897048 0.01730360
v 0.09608014 -0.01893058 0.00958502
v 0.09486594 -0.01734674 0.00754747
v 0.08265047 -0.01893058 -0.05004831
v 0.04922082 -0.01897048 -0.08336426
v 0.09802711 -0.01933333 -0.00011173
v 0.03387854 -0.01792634 -0.08940105
v 0.03014183 -0.01705915 -0.09031624
v -0.10155866 0.03066667 -0.02666974
v -0.10378461 0.03066667 -0.01538965
v -0.10490283 0.03066667 -0.00394655
v -0.10490283 0.03066667 0.00372307
v -0.10378461 0.03066667 0.01516619
v -0.10155866 0.03066667 0.02644627
v -0.01903200 0.03066667 0.10307278
v -0.00763738 0.03066667 0.10460816
v -0.09934905 0.03066667 0.03379072
v -0.09498149 0.03066667 0.04442649
v -0.08302456 0.03066667 0.06401869
v -0.07556275 0.03066667 0.07276607
v -0.07004133 0.03066667 0.07808936
v -0.06414610 0.03066667 0.08299540
v -0.05463511 0.03066667 0.08945575
v -0.03385270 0.03066667 -0.09942162
v -0.04454082 0.03066667 -0.09518380
v -0.08302456 0.03066667 -0.06424216
v -0.08960015 0.03066667 -0.05481047
v -0.09335378 0.03066667 -0.04812218
v -0.00763738 0.03066667 -0.10483163
v -0.01526096 0.03066667 -0.10399279
v -0.02280304 0.03066667 -0.10259970
v -0.00827432 0.02844444 -0.11353402
v -0.01653144 0.02844444 -0.11262547
v -0.02871870 0.02844444 -0.11006606
v -0.04059917 0.02844444 -0.10633335
v -0.05193838 0.02844444 -0.10118529
v -0.06272301 0.02844444 -0.09495869
v -0.07267158 0.02844444 -0.08746833
v -0.08184439 0.02844444 -0.07904579
v -0.08992627 0.02844444 -0.06957150
v -0.09704831 0.02844444 -0.05935602
v -0.10111389 0.02844444 -0.05211192
v -0.10612361 0.02844444 -0.04071095
v -0.11000061 0.02844444 -0.02887674
v -0.11241153 0.02844444 -0.01665927
v -0.11362267 0.02844444 -0.00426522
v -0.11362267 0.02844444 0.00404176
v -0.11241153 0.02844444 0.01643581
v -0.11000061 0.02844444 0.02865328
v -0.10612361 0.02844444 0.04048748
v -0.10111389 0.02844444 0.05188845
v -0.09704831 0.02844444 0.05913256
v -0.08992627 0.02844444 0.06934804
v -0.08184439 0.02844444 0.07882233
v -0.07586417 0.02844444 0.08458798
v -0.06610100 0.02844444 0.09231848
v -0.05193838 0.02844444 0.10096183
v -0.04059917 0.02844444 0.10610987
v -0.02871870 0.02844444 0.10984260
v -0.01653144 0.02844444 0.11240201
v -0.00827432 0.02844444 0.11331056
v 0.10009421 0.02433776 -0.07502215
v 0.09449589 0.02366667 -0.08196933
v 0.08849514 0.02467938 -0.08841530
v 0.12375487 0.02366662 -0.01790107
v 0.12217051 0.02366667 -0.02668240
v 0.12091260 0.02453242 -0.03096591
v 0.03048324 0.02639242 0.11921410
v 0.01762403 0.02610712 0.12227739
v 0.05139224 0.02610712 0.11236215
v 0.07412644 0.02610712 0.09887334
v 0.08099915 0.02610712 0.09333494
v 0.09046653 0.02610712 0.08409032
v 0.10404618 0.02610712 0.06673725
v 0.11687623 0.02639242 0.03877938
v 0.12137663 0.02630021 0.02177645
v 0.12288801 0.02610712 -0.01332065
v 0.11727251 0.02610712 -0.03913474
v 0.10629815 0.02610712 -0.06316523
v 0.09901220 0.02610712 -0.07421102
v 0.09046653 0.02610712 -0.08431379
v 0.08099915 0.02610712 -0.09355842
v 0.07050128 0.02610712 -0.10161379
v 0.05928516 0.02610712 -0.10863470
v 0.04731490 0.02610712 -0.11427450
v 0.03486272 0.02610712 -0.11875081
v 0.01762403 0.02610712 -0.12250085
v 0.00884807 0.02610712 -0.12344438
v 0.00884807 0.02610712 0.12322092
v 0.00893314 0.02453242 0.12441062
v 0.01779379 0.02453242 0.12345801
v 0.06117649 0.02610712 0.10728907
v 0.05188773 0.02453242 0.11344712
v 0.05985678 0.02453242 0.10945810
v 0.07484124 0.02453242 0.09982819
v 0.09901220 0.02610712 0.07398756
v 0.10855012 0.02610712 0.05914629
v 0.11250104 0.02610712 0.05125337
v 0.10959695 0.02453242 0.05971792
v 0.11358599 0.02453242 0.05174886
v 0.12335978 0.02610712 0.00870919
v 0.12473498 0.02447408 -0.00456474
v 0.11714572 0.02433703 -0.04379492
v 0.11159147 0.02453242 -0.05595686
v 0.10504958 0.02453242 -0.06760557
v 0.08188456 0.02433683 -0.09458052
v 0.07118110 0.02453242 -0.10259292
v 0.05993317 0.02433671 -0.10982161
v 0.04372944 0.02466981 -0.11722297
v 0.03519875 0.02453242 -0.11989526
v 0.01779379 0.02453242 -0.12368147
v 0.00893314 0.02453242 -0.12463409
v 0.10504958 0.02453242 0.06738210
v 0.12470865 0.02366688 -0.00902930
v 0.12359689 0.02453242 -0.01787838
v 0.12084909 0.02610712 -0.02639494
v 0.11250104 0.02610712 -0.05147684
v 0.11373115 0.02366667 -0.05203862
v 0.11996377 0.02366667 -0.03532830
v 0.10973704 0.02366667 -0.06001786
v 0.10518380 0.02366659 -0.06769191
v 0.07493684 0.02366667 -0.10017939
v 0.05195403 0.00566667 -0.11381573
v 0.06760725 0.02366667 -0.10526843
v 0.03524369 0.02366667 -0.12004836
v 0.02659740 0.02433787 -0.12225514
v 0.02631035 0.02610712 -0.12093367
v 0.01781648 0.02366667 -0.12383942
v 0.00894454 0.00566667 -0.12479325
v 0.09353781 -0.01467589 0.08091573
v 0.08407263 -0.01494298 0.09016810
v 0.06288292 -0.01504349 0.10582604
v 0.03488658 -0.01467589 0.11860861
v 0.05993323 -0.01233333 -0.10982164
v 0.06760725 -0.01233333 -0.10526843
v 0.06755491 -0.01304989 -0.10518699
v 0.11164756 -0.01304989 0.05576147
v 0.03521644 -0.01304989 0.11973201
v 0.10510239 -0.01304989 0.06741603
v 0.05191378 -0.01304989 -0.11372767
v 0.04561733 -0.01395422 -0.11643976
v 0.12357558 -0.01478768 0.00430081
v 0.12470865 -0.01368476 -0.00901935
v 0.12214747 -0.01346671 -0.02677215
v 0.12375442 -0.01368238 -0.01790240
v 0.11938220 -0.01504349 -0.03057530
v 0.11714587 -0.01345960 -0.04379422
v 0.11996861 -0.01346315 -0.03530845
v 0.11383192 -0.01504349 -0.04725122
v 0.10980874 -0.01346887 -0.05987411
v 0.11372081 -0.01346314 -0.05205897
v 0.10820985 -0.01504349 -0.05918393
v 0.10009351 -0.01345925 -0.07502288
v 0.10518616 -0.01346140 -0.06768775
v 0.10121092 -0.01504349 -0.07036488
v 0.08838199 -0.01324181 -0.08853514
v 0.09417389 -0.01348522 -0.08231497
v 0.08751913 -0.01467589 -0.08760373
v 0.09318078 -0.01504349 -0.08082983
v 0.08187799 -0.01368758 -0.09458623
v 0.08105461 -0.01467589 -0.09362242
v 0.07446031 -0.01430829 -0.09954278
v 0.07389407 -0.01504349 -0.09878641
v 0.05988687 -0.01304989 -0.10973665
v 0.06717731 -0.01430829 -0.10459945
v 0.05955216 -0.01430829 -0.10912366
v 0.06288292 -0.01504349 -0.10604950
v 0.05142742 -0.01467589 -0.11266265
v 0.02659068 -0.01346097 -0.12225626
v 0.03524534 -0.01345991 -0.12004773
v 0.03049070 -0.01504349 -0.11946680
v 0.01767534 -0.01346912 -0.12385446
v 0.00885410 -0.01467589 -0.12352884
v 0.01756887 -0.01504349 -0.12211707
v 0.04716662 -0.01504349 0.11369304
v 0.09908001 -0.01467589 0.07403831
v 0.10677697 -0.01430829 0.06322587
v 0.11257808 -0.01467589 0.05128855
v 0.11551550 -0.01504349 0.04296321
v 0.07493684 -0.01233333 -0.10017939
v -0.00132376 -0.02033333 -0.04834246
v -0.00043922 -0.02007583 -0.04411085
v -0.00454130 -0.01994708 -0.04631444
v 0.00180172 -0.02033333 -0.04953035
v -0.00374955 -0.02033333 -0.05317085
v 0.00367815 -0.02007583 -0.05331223
v 0.00061732 -0.01768827 -0.04990531
v -0.00064903 -0.01798958 -0.04745322
v -0.00497475 -0.01914405 -0.04974055
v -0.00191316 -0.01981833 -0.05473237
v 0.00567425 -0.01981833 -0.05007771
v 0.00418585 -0.01981833 -0.04592974
v -0.00031737 -0.01697837 -0.04669002
v 0.00169016 -0.01695660 -0.04713885
v 0.00277016 -0.01698532 -0.04848723
v 0.00247022 -0.01699384 -0.05111147
v 0.00010093 -0.01699723 -0.05255371
v -0.00270027 -0.01695940 -0.05071709
v -0.00244912 -0.01698553 -0.04807644
v -0.00136307 -0.00488783 -0.04703317
v 0.00057516 -0.00488783 -0.04671413
v 0.00248211 -0.00488783 -0.04801334
v 0.00272715 -0.00488783 -0.05060959
v 0.00097398 -0.00488783 -0.05238395
v -0.00191328 -0.00454417 -0.05178117
v -0.00280030 -0.00488783 -0.04907190
v -0.02140701 -0.02033333 -0.03723674
v 0.02146125 -0.02033333 -0.03723674
v 0.00002712 -0.02033333 -0.00011173
v 0.08046198 -0.02033333 -0.05609602
v 0.08571315 -0.02033333 -0.04767133
v 0.07399838 -0.02033333 -0.06435345
v 0.09036684 -0.02033333 -0.03799767
v 0.09802712 -0.02033333 -0.00011175
v 0.09353280 -0.02033333 -0.02944932
v 0.09602106 -0.02033333 -0.01983899
v 0.02372053 -0.02033270 -0.09522609
v 0.03406307 -0.02033333 -0.09201144
v 0.06036064 -0.02033333 -0.07730977
v 0.04318577 -0.02033333 -0.08809658
v 0.05186561 -0.02033333 -0.08327887
v 0.06754589 -0.02033333 -0.07114143
v 0.00992890 -0.02033333 -0.09748379
v -0.00440062 -0.02033333 -0.09802687
v -0.06389900 -0.02033333 -0.07422559
v -0.05181134 -0.02033333 -0.08327887
v -0.04313150 -0.02033333 -0.08809658
v -0.03400877 -0.02033333 -0.09201144
v -0.02297191 -0.02033333 -0.09530489
v -0.01481280 -0.02033333 -0.09698163
v -0.09031256 -0.02033333 -0.03799767
v -0.08565882 -0.02033333 -0.04767133
v -0.08140281 -0.02033328 -0.05467598
v -0.07356142 -0.02033327 -0.06488780
v -0.03723951 -0.02033333 -0.02224966
v -0.03694978 -0.02033333 -0.02657386
v -0.04365329 -0.02033333 -0.03104282
v -0.04721151 -0.02033333 -0.02923213
v -0.04230244 -0.02033333 -0.01870457
v -0.03924133 -0.02033333 -0.01972071
v -0.03949015 -0.02033333 -0.03011878
v -0.04174715 -0.02033333 -0.03106602
v -0.09797287 -0.02033333 -0.00011173
v -0.04705404 -0.02033333 -0.02026644
v -0.04499584 -0.02033333 -0.01894166
v -0.04888697 -0.02033333 -0.02507712
v -0.09520006 -0.02033331 -0.02358326
v -0.09747005 -0.02033333 -0.01002623
v -0.03658898 -0.02033333 0.02409128
v -0.03692105 -0.02033333 0.02248354
v -0.03770009 -0.02033333 0.02103850
v -0.03949015 -0.02033333 0.01938123
v -0.04337981 -0.02033333 0.01848111
v -0.04045395 -0.02033333 0.03039734
v -0.02140701 -0.02033333 0.03701328
v -0.04284111 -0.02033333 0.03093827
v -0.09059438 -0.02033333 0.03701328
v -0.04471429 -0.02033333 0.03058442
v -0.03774266 -0.02033333 0.02805077
v -0.04644088 -0.02033333 0.01949725
v -0.04844271 -0.02033333 0.02202621
v -0.04835762 -0.02033333 0.02721065
v -0.09747005 -0.02033333 0.00980276
v -0.09596682 -0.02033333 0.01961552
v -0.09347850 -0.02033333 0.02922586
v -0.01889236 -0.02033333 0.09591979
v -0.03424608 -0.02033327 0.09171654
v -0.05995923 -0.02033333 0.07738429
v -0.06749162 -0.02033333 0.07091796
v -0.07433116 -0.02033333 0.06372277
v -0.08040768 -0.02033333 0.05587256
v -0.08585542 -0.02033327 0.04718845
v -0.04354315 -0.02033322 0.08768948
v -0.05234810 -0.02033327 0.08274173
v 0.02146125 -0.02033333 0.03701328
v 0.00627927 -0.02033333 0.04884128
v 0.00517238 -0.02033333 0.04612571
v 0.00056582 -0.02033333 0.04323111
v -0.00421885 -0.02033333 0.04495985
v 0.02146125 -0.02033333 0.09540303
v 0.00462784 -0.02033333 0.05326481
v -0.00605897 -0.02033333 0.04803742
v -0.00557446 -0.02033333 0.05200033
v -0.00168497 -0.02033333 0.05527961
v -0.00433068 -0.02033325 0.09780863
v 0.00499076 -0.02033333 0.09776250
v 0.00165148 -0.02033333 0.05545044
v 0.01486704 -0.02033333 0.09675816
v 0.05186561 -0.02033333 0.08305541
v 0.04259824 -0.02033327 0.08818047
v 0.02932708 -0.02033333 0.09327390
v 0.07399838 -0.02033333 0.06412999
v 0.06377971 -0.02033333 0.07415113
v 0.08571317 -0.02033333 0.04744782
v 0.08046198 -0.02033333 0.05587256
v 0.09758328 -0.02033303 -0.00962219
v 0.09752429 -0.02033333 0.00980276
v 0.09602106 -0.02033333 0.01961552
v 0.09353280 -0.02033333 0.02922586
v 0.09036684 -0.02033333 0.03777421
v -0.00357263 -0.02033333 -0.04447071
v 0.00016388 -0.02033333 -0.04353759
v -0.00168497 -0.02033333 -0.05550308
v -0.00557446 -0.02033333 -0.05222380
v 0.00455616 -0.02031391 -0.04540483
v 0.00598526 -0.02033333 -0.04814880
v 0.00497762 -0.02033333 -0.05323556
v -0.00572746 -0.02033333 -0.04766276
v 0.00165148 -0.02033333 -0.05567391
v 0.03756667 -0.02033333 -0.02778038
v 0.04050823 -0.02033333 -0.03062080
v 0.04884155 -0.02033333 -0.02673491
v 0.04560452 -0.02033333 -0.03036627
v 0.04855645 -0.02033333 -0.02265575
v 0.04289541 -0.02033333 -0.03116173
v 0.03954444 -0.02033333 -0.01960468
v 0.04316889 -0.02033333 -0.01863352
v 0.04624636 -0.02033333 -0.01960468
v 0.03728184 -0.02033333 -0.02238641
v 0.04168129 -0.02033333 0.03071241
v 0.03868248 -0.02033333 0.02923356
v 0.04768546 -0.02033333 0.02078661
v 0.04449507 -0.02033333 0.01866819
v 0.04127105 -0.02033333 0.01857610
v 0.03852501 -0.02033333 0.02026787
v 0.03687927 -0.02033333 0.02462593
v 0.04644049 -0.02033333 0.02970119
v 0.04899454 -0.02033333 0.02530136
v 0.05991217 -0.00733333 0.06832632
v 0.06192288 -0.00733333 0.06659599
v 0.06161725 -0.00971196 0.06626660
v 0.04409975 -0.00733333 0.07945098
v 0.04552716 -0.00733333 0.07869659
v 0.03965236 -0.00945524 0.08180796
v 0.03538734 -0.00733333 0.08367538
v 0.03912575 -0.01065024 0.08107740
v 0.02629298 -0.00733333 0.08699462
v 0.02684987 -0.00733333 0.08684540
v 0.02676085 -0.00939601 0.08655681
v -0.00239316 -0.00733333 0.09079771
v 0.00002715 -0.00733333 0.09088828
v 0.00002715 -0.00939601 0.09058628
v -0.01204598 -0.00733333 0.09003973
v -0.00677329 -0.00733333 0.09063382
v -0.00675073 -0.00939601 0.09033266
v -0.02155891 -0.00733333 0.08824857
v -0.02022228 -0.00733333 0.08860670
v -0.02015509 -0.00939601 0.08831228
v -0.03082392 -0.00733333 0.08543582
v -0.02679557 -0.00733333 0.08684540
v -0.02670656 -0.00939601 0.08655681
v -0.05643211 -0.00733333 0.07124034
v -0.05123499 -0.00733333 0.07507600
v -0.05084805 -0.01036467 0.07450846
v -0.06341806 -0.00733333 0.06504653
v -0.06186858 -0.00733333 0.06659599
v -0.06406118 -0.00939601 0.06397659
v -0.06999117 -0.00733333 0.05793701
v -0.06668058 -0.00733333 0.06178400
v -0.07577410 -0.00733333 0.05017403
v -0.07516059 -0.00733333 0.05115040
v -0.07491106 -0.00939601 0.05098028
v -0.07546735 -0.00733333 -0.05088567
v -0.07878119 -0.00733333 -0.04561173
v -0.08010429 -0.00939601 -0.04246243
v -0.06999117 -0.00733333 -0.05816048
v -0.07111952 -0.00733333 -0.05684931
v -0.06867131 -0.00939601 -0.05923153
v -0.06341806 -0.00733333 -0.06527001
v -0.06668058 -0.00733333 -0.06200746
v -0.03082392 -0.00733333 -0.08565928
v -0.03321889 -0.00733333 -0.08482125
v -0.03296793 -0.01036467 -0.08418183
v -0.01204598 -0.00733333 -0.09026320
v -0.01353571 -0.00733333 -0.09009534
v -0.01012071 -0.00939601 -0.09017643
v -0.00239316 -0.00733333 -0.09102117
v -0.00677329 -0.00733333 -0.09085728
v 0.02629298 -0.00733333 -0.08721808
v 0.02005819 -0.00938361 -0.08888616
v 0.02012368 -0.01036467 -0.08816050
v 0.03538734 -0.00733333 -0.08389885
v 0.03327319 -0.00733333 -0.08482125
v 0.03316285 -0.00939601 -0.08454012
v 0.04409975 -0.00733333 -0.07967445
v 0.03951058 -0.00733333 -0.08209990
v 0.03937951 -0.00939601 -0.08182781
v 0.05675952 -0.00916941 -0.07126120
v 0.05128926 -0.00733333 -0.07529946
v 0.04824764 -0.00939601 -0.07685422
v 0.09008768 -0.01036467 -0.00686084
v 0.09044987 -0.00733333 -0.00977748
v 0.08933154 -0.01036467 -0.01357220
v 0.09001076 -0.00733333 -0.01367457
v 0.08845118 -0.00939601 -0.02029394
v 0.08893853 -0.00733333 -0.01934143
v 0.08874559 -0.00733333 -0.02036114
v 0.08669567 -0.00939601 -0.02684544
v 0.08698428 -0.00733333 -0.02693446
v 0.08637482 -0.00733333 -0.02867610
v 0.08309939 -0.00939601 -0.03635578
v 0.08473665 -0.00733333 -0.03335777
v 0.08284545 -0.00733333 -0.03769246
v 0.08201531 -0.00733333 -0.03959516
v 0.07857391 -0.00939601 -0.04546073
v 0.07883546 -0.00733333 -0.04561173
v 0.07840604 -0.00733333 -0.04629516
v 0.07525431 -0.00919780 -0.05130633
v 0.07302305 -0.00733333 -0.05434365
v 0.07082250 -0.00971196 -0.05656915
v 0.07117382 -0.00733333 -0.05684931
v 0.06674002 -0.00918462 -0.06199814
v 0.04552716 -0.00733333 -0.07892005
v 0.02684987 -0.00733333 -0.08706886
v 0.02676085 -0.00939601 -0.08678028
v 0.01687658 -0.00733333 -0.08947349
v 0.01358998 -0.00733333 -0.09009534
v 0.00705673 -0.00733333 -0.09083146
v 0.00002715 -0.00733333 -0.09111173
v 0.00002715 -0.00939601 -0.09080974
v -0.02022228 -0.00733333 -0.08883017
v -0.02002493 -0.01065024 -0.08796555
v -0.02155891 -0.00733333 -0.08847202
v -0.02674795 -0.00919704 -0.08707859
v -0.03960919 -0.00733333 -0.08201909
v -0.03926134 -0.00971196 -0.08169506
v -0.04547286 -0.00733333 -0.07892005
v -0.04819337 -0.00939601 -0.07685422
v -0.04820737 -0.00733333 -0.07720183
v -0.05123499 -0.00733333 -0.07529946
v -0.05643211 -0.00733333 -0.07146381
v -0.06186858 -0.00733333 -0.06681946
v -0.05909266 -0.00939601 -0.06881018
v -0.07491106 -0.00939601 -0.05120374
v -0.08066759 -0.00733333 -0.04204245
v -0.08196101 -0.00733333 -0.03959516
v -0.08569156 -0.00872252 -0.03010600
v -0.08470140 -0.00733333 -0.03330336
v -0.08692998 0.00375245 -0.02693446
v -0.08770615 -0.00733333 -0.02403782
v -0.08743291 -0.00973275 -0.02354309
v -0.08869129 -0.00733333 -0.02036114
v -0.08927725 -0.01036467 -0.01357220
v -0.08987071 -0.00733333 -0.01412777
v -0.09041725 -0.00939601 -0.00688960
v -0.09071839 -0.00733333 -0.00691217
v -0.09079170 -0.00733333 -0.00495300
v -0.09067087 -0.00939601 -0.00011173
v -0.09097287 -0.00733333 -0.00011173
v -0.09041725 -0.00939601 0.00666614
v -0.09079170 -0.00733333 0.00472952
v -0.09071839 -0.00733333 0.00668871
v -0.08902735 -0.00939601 0.01673829
v -0.08995646 -0.00733333 0.01345111
v -0.08978495 -0.00733333 0.01435751
v -0.08869129 -0.00733333 0.02013767
v -0.08650063 -0.00971196 0.02657855
v -0.08770615 -0.00733333 0.02381435
v -0.08692998 -0.00733333 0.02671099
v -0.08470140 -0.00733333 0.03307988
v -0.08440125 -0.00939601 0.03302397
v -0.08134216 -0.01036467 0.03907366
v -0.07878119 -0.00733333 0.04538827
v -0.07818632 -0.01036467 0.04504482
v -0.08066759 -0.00733333 0.04181898
v -0.08196101 -0.00733333 0.03937168
v -0.07111952 -0.00733333 0.05662583
v -0.07088342 -0.00939601 0.05643754
v -0.05628217 -0.01036467 0.07049790
v -0.04820737 -0.00733333 0.07697836
v -0.04541209 -0.00872252 0.07859132
v -0.04547286 -0.00733333 0.07869659
v -0.03960919 -0.00733333 0.08179562
v -0.03321889 -0.00733333 0.08459778
v -0.03628902 -0.00872252 0.08312579
v -0.01353571 -0.00733333 0.08987188
v -0.01349069 -0.00939601 0.08957326
v 0.00705673 -0.00733333 0.09060800
v 0.01017500 -0.00939601 0.08995296
v 0.01358998 -0.00733333 0.08987188
v 0.01687658 -0.00733333 0.08925003
v 0.02027655 -0.00733333 0.08860670
v 0.02020933 -0.00939601 0.08831228
v 0.05128926 -0.00733333 0.07507600
v 0.05111913 -0.00939601 0.07482647
v 0.05230987 -0.00733333 0.07432276
v 0.05671974 -0.00919715 0.07106461
v 0.06673485 -0.00733333 0.06178400
v 0.06651348 -0.00939601 0.06157858
v 0.06688526 -0.00733333 0.06160922
v 0.07117382 -0.00733333 0.05662583
v 0.07249019 -0.00937187 0.05483075
v 0.07521486 -0.00733333 0.05115040
v 0.07676964 -0.00939601 0.04810878
v 0.07862075 -0.00733333 0.04572998
v 0.08201531 -0.00733333 0.03937168
v 0.08174323 -0.00939601 0.03924066
v 0.08284545 -0.00733333 0.03746900
v 0.08557561 -0.00939601 0.02982297
v 0.08473665 -0.00733333 0.03313430
v 0.08637482 -0.00733333 0.02845263
v 0.08698428 -0.00733333 0.02671099
v 0.08845118 -0.00939601 0.02007048
v 0.08874559 -0.00733333 0.02013767
v 0.08893853 -0.00733333 0.01911798
v 0.08933154 -0.01036467 0.01334874
v 0.09004252 -0.00943821 0.01326287
v 0.09044987 -0.00733333 0.00955401
v 0.09077927 -0.00945275 0.00654451
v 0.09102714 -0.00733333 -0.00011173
v 0.09077269 -0.00733333 -0.00691217
v -0.08395897 -0.01070141 -0.03307385
v -0.08331239 -0.01190448 0.03259663
v -0.08787885 -0.01190448 0.01652097
v -0.08925082 -0.01190448 0.00657872
v -0.08990109 -0.01133333 -0.00011173
v -0.08925082 -0.01190448 -0.00680219
v -0.08639008 -0.01190448 -0.02326715
v -0.07907085 -0.01190448 -0.04191624
v 0.07756090 -0.01190448 -0.04487587
v 0.08202800 -0.01190448 -0.03588834
v 0.08534238 -0.01215100 -0.02642800
v 0.08707042 -0.01215100 -0.01997879
v 0.08982959 -0.01133333 0.00324844
v 0.08731076 -0.01190448 0.01981018
v 0.08447230 -0.01190448 0.02943691
v 0.08006497 -0.01268309 0.03843246
v -0.07828192 -0.01296866 0.04127582
v -0.08528782 -0.01321517 0.02275788
v -0.08860819 -0.01296866 -0.00011173
v -0.08678571 -0.01341514 -0.01486198
v -0.08132688 -0.01341514 -0.03380984
v 0.08656159 -0.01361510 -0.01479844
v 0.08853856 -0.01296866 -0.00342359
v 0.08804357 -0.01296866 0.00980534
v -0.08229912 -0.01406157 0.02870679
v -0.08656593 -0.01386161 0.01294007
v -0.08713601 -0.01406157 0.00316037
v -0.08729915 -0.01386161 -0.00665593
v -0.08391449 -0.01420891 -0.02262711
v 0.07559235 -0.01400895 -0.04373933
v 0.07809938 -0.01435624 -0.03770934
v 0.08235339 -0.01406157 -0.02893025
v 0.08509466 -0.01400895 0.01930437
v 0.08283101 -0.01435624 0.02542989
v 0.07997813 -0.01406157 0.03475887
v -0.07683711 -0.01426154 0.04051221
v -0.08417550 -0.01455620 0.01910697
v 0.08690551 -0.01426154 -0.00336249
v 0.08610724 -0.01440887 0.00957527
v -0.07045054 -0.01533179 0.04648308
v -0.07637800 -0.01533308 0.03544400
v -0.08020595 -0.01503133 0.02796305
v -0.08540969 -0.01485087 0.00468461
v -0.08397160 -0.01503133 -0.01274706
v -0.07940041 -0.01533307 -0.02860200
v -0.07679976 -0.01420891 -0.04074137
v 0.08103269 -0.01533267 -0.02406879
v 0.08396074 -0.01533329 -0.00863679
v 0.08426791 -0.01533305 0.00511367
v 0.07855472 -0.01485087 0.03414951
v -0.08347947 -0.01521179 0.01088046
v -0.08389910 -0.01533332 -0.00077310
v 0.07374535 -0.01521179 -0.04085246
v 0.08125608 -0.01521179 0.02165350
v 0.07374535 -0.01521179 0.04062900
v 0.07129306 -0.01296866 -0.05270837
v 0.07042195 -0.01455620 -0.05007330
v 0.06438497 -0.01455620 -0.05764201
v 0.06394702 -0.01521179 -0.05511925
v 0.06942406 -0.01533333 -0.04491046
v 0.06265797 -0.01296866 -0.06274255
v 0.06201465 -0.00920453 -0.06672466
v 0.05371249 -0.01462987 -0.06741208
v 0.04567992 -0.01533314 -0.07118121
v 0.05232404 -0.01341514 -0.07093802
v 0.04762575 -0.01190448 -0.07586448
v 0.04200538 -0.01428257 -0.07604732
v 0.03857132 -0.01268309 -0.08014956
v 0.03264544 -0.01215100 -0.08322179
v 0.02975849 -0.01533245 -0.07959101
v 0.02641606 -0.01190448 -0.08566252
v 0.02267639 -0.01386161 -0.08463982
v 0.01658554 -0.01247563 -0.08762503
v 0.01347418 -0.01070141 -0.08932690
v 0.00980160 -0.01393528 -0.08691519
v 0.00395427 -0.01533316 -0.08444009
v 0.00680502 -0.00939601 -0.09055613
v 0.00671759 -0.01190448 -0.08938968
v 0.00002715 -0.01190448 -0.08964001
v 0.00002715 -0.01386161 -0.08768288
v -0.00998984 -0.01190448 -0.08901487
v -0.00651705 -0.01386161 -0.08743802
v -0.00961264 -0.01470354 -0.08556166
v -0.00312607 -0.01521179 -0.08438294
v -0.00925942 -0.01533333 -0.08253217
v -0.01634808 -0.01346169 -0.08665684
v -0.01717477 -0.01521179 -0.08256340
v -0.02317819 -0.01440887 -0.08357305
v -0.02895694 -0.01533330 -0.07867350
v -0.02922679 -0.01296866 -0.08371464
v -0.03152667 -0.01455620 -0.08050951
v -0.03843030 -0.01296866 -0.07996941
v -0.03886370 -0.01455620 -0.07717771
v -0.04115941 -0.01533323 -0.07324021
v -0.04757147 -0.01190448 -0.07586448
v -0.04375844 -0.01386161 -0.07595058
v -0.05193801 -0.01386161 -0.07052202
v -0.05206405 -0.01485087 -0.06800108
v -0.05833020 -0.01190448 -0.06792418
v -0.05609599 -0.01521179 -0.06291602
v -0.05517211 -0.01533333 -0.06188215
v -0.05953637 -0.01386161 -0.06430593
v -0.06509374 -0.01268309 -0.06053507
v -0.06328514 -0.01455620 -0.05885695
v -0.06977616 -0.01215100 -0.05577801
v -0.07015987 -0.01406157 -0.05189883
v -0.07085383 -0.01494110 -0.04748347
v -0.06595099 -0.01521179 -0.05272754
v -0.06783109 -0.01533333 -0.04746762
v -0.07394460 -0.01190448 -0.05054481
v -0.07195674 -0.01190448 0.05301479
v -0.07038315 -0.01386161 0.05185342
v -0.06560174 -0.01190448 0.06078297
v -0.06186682 -0.01386161 0.06175202
v -0.06328514 -0.01455620 0.05863348
v -0.05770658 -0.01533327 0.06079078
v -0.06069989 -0.01215100 0.06533644
v -0.05585836 -0.01485087 0.06482840
v -0.05286206 -0.01247563 0.07155059
v -0.05457258 -0.01386161 0.06835415
v -0.04915979 -0.01503133 0.06923348
v -0.04930344 -0.01386161 0.07224295
v -0.04210171 -0.01070141 0.07959992
v -0.04429053 -0.01296866 0.07664871
v -0.04315689 -0.01455620 0.07468522
v -0.03827504 -0.01503133 0.07578988
v -0.03807552 -0.01361510 0.07900926
v -0.02840676 -0.01533327 0.07872617
v -0.03264497 -0.01183504 0.08313547
v -0.03001373 -0.01455620 0.08081545
v -0.02312828 -0.01190448 0.08630548
v -0.02262209 -0.01386161 0.08441636
v -0.01408304 -0.01521179 0.08292492
v -0.00151052 -0.01533333 0.08219348
v -0.01594815 -0.01470354 0.08438327
v -0.01321307 -0.01268309 0.08773134
v -0.00664488 -0.01215100 0.08892038
v -0.00320000 -0.01440887 0.08645156
v 0.00002715 -0.01215100 0.08917004
v 0.00320552 -0.01503133 0.08483202
v 0.01004412 -0.01190448 0.08879140
v 0.00982515 -0.01386161 0.08684795
v 0.01602566 -0.01470354 0.08437888
v 0.02073983 -0.01533323 0.08137719
v 0.01994905 -0.01190448 0.08717189
v 0.02282411 -0.01346169 0.08496766
v 0.02641606 -0.01190448 0.08543906
v 0.02701983 -0.01455620 0.08188205
v 0.03310930 -0.00920860 0.08465283
v 0.03240927 -0.01296866 0.08239657
v 0.03599206 -0.01533308 0.07638729
v 0.04091778 -0.01386161 0.07725713
v 0.04762575 -0.01190448 0.07564102
v 0.04917974 -0.01400895 0.07198189
v 0.05797010 -0.01272215 0.06720507
v 0.05509172 -0.01455620 0.06636800
v 0.05503467 -0.01521179 0.06380816
v 0.05573247 -0.01533333 0.06107060
v 0.05959065 -0.01386161 0.06408247
v 0.06565601 -0.01190448 0.06078297
v 0.06634326 -0.01386161 0.05698607
v 0.06333943 -0.01455620 0.05863348
v 0.06394702 -0.01521179 0.05489578
v 0.07085343 -0.01341514 0.05218517
v 0.06896202 -0.01485087 0.05076453
v 0.07577989 -0.01190448 0.04748688
v 0.07367234 -0.01533333 0.03744391
v 0.07559235 -0.01400895 0.04351587
v -0.01812965 -0.01533334 0.03553028
v -0.02230637 -0.01533333 0.03297077
v -0.03220701 -0.01533333 0.03845077
v 0.03686873 -0.01533334 -0.01537166
v 0.03980302 -0.01533335 -0.00314343
v 0.04390191 -0.01533333 -0.02223717
v 0.04006924 -0.01533333 -0.02429820
v 0.03269128 -0.01533623 -0.02325924
v 0.02725329 -0.01533618 -0.02947071
v 0.01528624 -0.01533334 -0.03695393
v 0.01871719 -0.01833333 -0.03550339
v 0.02956125 -0.01533333 -0.03982111
v 0.04187687 -0.01533333 -0.02773359
v -0.01969716 -0.01533336 -0.03479448
v -0.01233687 -0.01533334 -0.03815320
v -0.02140701 -0.01533333 -0.04326174
v -0.00607632 -0.01533362 -0.03966120
v 0.00002715 -0.01533333 -0.04011174
v 0.00664109 -0.01533395 -0.03958355
v -0.02348426 -0.01533333 -0.03247241
v -0.04101447 -0.01533333 -0.02696612
v -0.02834944 -0.01533355 -0.02828392
v -0.03222528 -0.01533410 -0.02380845
v -0.04056442 -0.01533333 -0.02289796
v -0.03566584 -0.01533340 -0.01816641
v -0.03886031 -0.01533498 -0.00910639
v -0.04353741 -0.01533333 -0.02190094
v -0.03997284 -0.01533333 -0.00011173
v -0.03954344 -0.01533581 0.00600370
v -0.04025144 -0.01533333 0.02290494
v -0.03256043 -0.01533388 0.02312227
v -0.03690608 -0.01533615 0.01542205
v -0.04443453 -0.01533333 0.02251758
v -0.03970153 -0.01533333 0.02505080
v -0.02799877 -0.01533464 0.02842735
v -0.04128062 -0.01533333 0.02716657
v 0.01522420 -0.01533341 0.03675688
v 0.02146125 -0.01533333 0.04303826
v 0.02118273 -0.01533333 0.03369259
v 0.00642085 -0.01533642 0.03938771
v 0.00002715 -0.01533333 0.03988828
v -0.00623024 -0.01533333 0.03939581
v -0.01181948 -0.01533466 0.03811899
v 0.03570995 -0.01533386 0.01792220
v 0.04004695 -0.01533333 0.02420122
v 0.03806954 -0.01533334 0.01224969
v 0.04362213 -0.01533333 0.02203247
v 0.03976183 -0.01533402 0.00499984
v 0.02353856 -0.01533333 0.03224896
v 0.04292338 -0.01533375 0.02791229
v 0.02831143 -0.01533333 0.02817254
v 0.03226314 -0.01533410 0.02360547
v 0.04604087 -0.01533333 0.02456670
v -0.00190260 -0.01533333 0.05132059
v -0.00248558 -0.01533333 0.04746120
v 0.00059068 -0.01533333 0.04656212
v 0.00295237 -0.01533333 0.04817573
v 0.00255508 -0.01533337 0.05145806
v -0.04457626 -0.01533375 0.02640045
v -0.04432361 -0.01533333 -0.02756839
v -0.04586748 -0.01533333 -0.02493119
v -0.00268079 -0.01533333 -0.04932997
v 0.00106352 -0.01533333 -0.04716330
v -0.00001887 -0.01533333 -0.05251208
v 0.00292598 -0.01533333 -0.05032596
v 0.04510593 -0.01533333 -0.02668988
v 0.02796130 -0.01833332 0.02848961
v 0.02458488 -0.01743126 0.03140092
v 0.02128102 -0.01752919 0.03371362
v -0.00143940 -0.01833332 0.03997312
v -0.02141920 -0.01776078 0.03318666
v -0.03995381 -0.01833333 -0.00060967
v -0.02453061 -0.01743126 -0.03162439
v 0.00114077 -0.01758648 -0.03995067
v 0.03781081 -0.01833328 -0.01329969
v 0.03900713 -0.01805458 0.00358780
v 0.03383299 -0.01833332 -0.02115135
v -0.01382717 -0.01833333 -0.03774831
v -0.03095010 -0.01796042 -0.02464113
v -0.03652305 -0.01800996 -0.01525052
v -0.03131538 -0.01833333 0.02415282
v 0.01523649 -0.01798404 0.03625661
v 0.03589711 -0.01833332 0.01707893
v -0.03799000 -0.01823556 0.00800370
v 0.09643276 -0.01933333 -0.01736156
v 0.09372950 -0.01933333 -0.02873293
v 0.08735429 -0.01933333 -0.04444061
v 0.09086800 -0.01933333 -0.03673543
v 0.07965500 -0.01933333 -0.05713312
v 0.07132711 -0.01933333 -0.06721956
v 0.04602738 -0.01933333 -0.08651200
v 0.05550276 -0.01933333 -0.08076590
v 0.06549338 -0.01933333 -0.07295603
v 0.03654204 -0.01933333 -0.09098652
v 0.02541254 -0.01933333 -0.09473868
v 0.00877084 -0.01933333 -0.09765059
v -0.01109431 -0.01933333 -0.09735159
v -0.02661336 -0.01933333 -0.09435596
v -0.04003379 -0.01930502 -0.08923774
v -0.05267219 -0.01933333 -0.08266443
v -0.06319123 -0.01933333 -0.07488972
v -0.07767880 -0.01930502 -0.05935224
v -0.08737171 -0.01933333 -0.04444508
v -0.09165531 -0.01933333 -0.03440212
v -0.09678495 -0.01933333 -0.01456728
v -0.09790897 -0.01933333 0.00077278
v -0.09678495 -0.01933333 0.01434381
v -0.09399710 -0.01933333 0.02729614
v -0.09017517 -0.01933333 0.03816196
v -0.07984200 -0.01927671 0.05599782
v -0.07504363 -0.01933333 0.06282958
v -0.06894218 -0.01933333 0.06942207
v -0.06031053 -0.01933333 0.07709153
v -0.02661336 -0.01933333 0.09413250
v -0.01109431 -0.01933333 0.09712812
v 0.00939023 -0.01933333 0.09732558
v 0.03183392 -0.01933333 0.09250153
v 0.02197152 -0.01933333 0.09533804
v 0.04894579 -0.01933333 0.08473195
v 0.06120864 -0.01933333 0.07636530
v 0.06932204 -0.01933333 0.06906193
v 0.07620043 -0.01933333 0.06144725
v 0.08170658 -0.01923971 0.05298195
v 0.08735429 -0.01933333 0.04421714
v 0.09218034 -0.01933333 0.03286215
v 0.09541649 -0.01933333 0.02199468
v 0.09731203 -0.01933333 0.01118612
v 0.07961460 -0.01743357 0.05176314
v 0.07565600 -0.01633333 0.05737981
v 0.07569227 -0.01685428 0.05740741
v 0.09120245 -0.01900076 0.03152346
v 0.05689614 -0.01876116 0.07754046
v 0.04851225 -0.01914791 0.08388008
v 0.03040562 -0.01889633 0.09137711
v 0.00742696 -0.01883474 0.09603746
v -0.01821598 -0.01911042 0.09502358
v -0.03860398 -0.01914207 0.08855749
v -0.05645337 -0.01906588 0.07851443
v -0.06868196 -0.01923700 0.06859365
v -0.08457074 -0.01900076 0.04671510
v -0.08919585 -0.01900076 0.03731836
v -0.09312896 -0.01900922 0.02574177
v -0.09713599 -0.01922008 -0.00362184
v -0.09435056 -0.01913580 -0.02179421
v -0.08391806 -0.01903241 -0.04807610
v -0.04815633 -0.01884488 -0.08354712
v -0.02419131 -0.01914791 -0.09390640
v -0.00523545 -0.01925392 -0.09725861
v 0.02589543 -0.01903248 -0.09331262
v 0.07688451 -0.01891705 -0.05851586
v 0.09249037 -0.01914791 -0.02942114
v 0.09683309 -0.01908280 -0.00360258
v 0.06787068 -0.01908280 -0.06916717
v -0.06520414 -0.01907927 -0.07150772
v -0.09131093 -0.01884573 -0.03090502
v -0.09614926 -0.01906588 0.01033920
v 0.07056712 -0.01922008 0.06670729
v 0.09625979 -0.01907575 0.01035420
v 0.07510327 -0.01810519 0.05914149
v -0.00778412 -0.01888264 0.09590729
v -0.01532053 -0.01723886 0.09364139
v -0.02206439 -0.01721352 0.09228478
v 0.04324483 -0.01787824 0.08507695
v 0.05339966 -0.01722532 0.07860684
v 0.08312836 -0.01724103 0.04592755
v -0.02868686 -0.01723674 0.09044618
v 0.08624274 -0.01723775 0.03978922
v -0.04746985 -0.01766467 0.08216520
v -0.04136345 -0.01743647 0.08539808
v 0.03196422 -0.01697406 0.08935957
v 0.08891138 -0.01703351 0.03342530
v 0.08890112 -0.01721348 -0.03367610
v 0.09109062 -0.01633333 -0.02717540
v 0.09119919 -0.01710683 -0.02720767
v 0.09374894 -0.01757718 -0.01721963
v 0.09098603 -0.01856046 -0.03076838
v 0.09514847 -0.01900076 -0.01747510
v 0.08630902 -0.01903825 -0.04387634
v 0.08328873 -0.01715927 -0.04583346
v 0.07961579 -0.01772636 -0.05198536
v 0.07137991 -0.01695473 -0.06282934
v 0.06656273 -0.01732602 -0.06792705
v 0.05588594 -0.01917371 -0.07937253
v 0.03831869 -0.01723872 -0.08705395
v 0.04227512 -0.01906405 -0.08725247
v 0.03187222 -0.01724529 -0.08962195
v 0.02542847 -0.01701128 -0.09165396
v 0.01874674 -0.01765804 -0.09325005
v 0.01202311 -0.01722532 -0.09452116
v 0.00174531 -0.01703980 -0.09514125
v 0.00517035 -0.01633333 -0.09497241
v -0.00168812 -0.01633353 -0.09509625
v 0.00786388 -0.01893227 -0.09631974
v -0.00856641 -0.01779028 -0.09512947
v -0.01534215 -0.01633333 -0.09386025
v -0.02206534 -0.01699550 -0.09250780
v -0.02383343 -0.01795716 -0.09259255
v -0.03555524 -0.01756992 -0.08821944
v -0.06558538 -0.01772316 -0.06938800
v -0.07344494 -0.01696135 -0.06033407
v -0.07762155 -0.01742224 -0.05484635
v -0.08139852 -0.01723877 -0.04905113
v -0.08633684 -0.01734200 -0.04007233
v -0.08926550 -0.01776065 -0.03384972
v -0.09191448 -0.01724997 -0.02405239
v -0.09342839 -0.01723551 -0.01717957
v -0.09569617 -0.01862558 -0.00877509
v -0.09477632 -0.01710683 -0.00697042
v -0.09491202 -0.01696142 0.00326584
v -0.09517887 -0.01776065 0.00676149
v -0.09406798 -0.01765017 0.01531213
v -0.09186658 -0.01679403 0.02397537
v -0.09000146 -0.01723020 0.03022201
v -0.08475558 -0.01724596 0.04275851
v -0.08138037 -0.01723613 0.04885818
v -0.07429918 -0.01864433 0.06074607
v -0.06211952 -0.01856046 0.07303976
v -0.05329585 -0.01722958 0.07851253
v 0.03835347 -0.01633333 0.08681406
v 0.04452606 -0.01633487 0.08382185
v 0.06706566 -0.01830114 0.06815685
v 0.06901021 -0.01698055 0.06523082
v 0.06152491 -0.01699914 0.07229771
v 0.09551182 -0.01801188 0.00334775
v 0.09571436 -0.01833949 -0.00355914
v 0.09489247 -0.01710683 -0.00697489
v 0.09477949 -0.01633333 -0.00696672
v 0.09403790 -0.01633313 -0.01378590
v 0.09280610 -0.01633333 -0.02053393
v 0.08707790 0.02405906 -0.03815333
v 0.07565600 -0.01633333 -0.05760329
v 0.05651503 -0.01753780 -0.07651607
v 0.06152875 -0.01633188 -0.07251720
v 0.04452720 -0.01721350 -0.08404562
v 0.05047666 -0.01723855 -0.08061057
v 0.01222652 0.02406253 -0.09432516
v -0.00853741 -0.01633333 -0.09472489
v -0.02867618 -0.01633333 -0.09067176
v -0.04605975 -0.01730848 -0.08338197
v -0.04141237 -0.01633441 -0.08559722
v -0.05329360 -0.01744686 -0.07873706
v -0.04747286 -0.01633333 -0.08238415
v -0.05881847 -0.01744762 -0.07469413
v -0.06404846 -0.01633459 -0.07024958
v -0.06894243 -0.01633333 -0.06544319
v -0.08999997 -0.01633258 -0.03044523
v -0.08757645 -0.01633333 -0.03686246
v -0.08493221 -0.01633333 -0.04257782
v -0.08469620 -0.01633333 -0.04308793
v -0.09441596 -0.01633190 -0.01038309
v -0.09441596 -0.01633310 0.01015954
v -0.09491095 -0.01633333 -0.00354146
v -0.09342864 -0.01633333 0.01694760
v -0.08757156 -0.01721817 0.03665222
v -0.07573214 -0.01734200 0.05747400
v -0.07762799 -0.01633386 0.05461195
v -0.06893816 -0.01723911 0.06522677
v -0.07347682 -0.01633333 0.06007273
v -0.06403530 -0.01705072 0.07003929
v -0.06083057 0.02406251 0.07283576
v -0.03576342 0.02406345 0.08788844
v -0.00851856 -0.01723959 0.09450529
v 0.01237233 -0.01747392 0.09410186
v 0.00247137 0.02406173 0.09485681
v -0.00166416 -0.01699297 0.09487410
v 0.02544233 -0.01633333 0.09142552
v 0.01875054 -0.01743685 0.09302564
v 0.05046642 -0.01633333 0.08039220
v 0.05614391 -0.01633333 0.07654275
v 0.07134597 -0.01633333 0.06264368
v 0.06659314 -0.01633333 0.06766710
v 0.09403764 -0.01759451 0.01357198
v 0.09282166 -0.01724142 0.02025649
v 0.09052702 0.02405969 0.02878072
v 0.09477949 -0.01633333 0.00674325
v 0.09452367 0.02406860 -0.00987973
v 0.09502715 0.02406860 -0.00011173
v 0.09301841 0.02406860 -0.01954418
v 0.09052753 0.02406860 -0.02900264
v 0.08270425 0.02406860 -0.04690380
v 0.07745484 0.02406860 -0.05515674
v 0.07138467 0.02406860 -0.06282618
v 0.06455812 0.02406860 -0.06983085
v 0.05704752 0.02406860 -0.07609647
v 0.04893246 0.02406860 -0.08155663
v 0.04029900 0.02406860 -0.08615345
v 0.03123868 0.02406860 -0.08983821
v 0.02184749 0.02406860 -0.09257185
v 0.00247321 0.02406860 -0.09508024
v -0.00730452 0.02406860 -0.09482840
v -0.01700452 0.02406860 -0.09357254
v -0.02652401 0.02406860 -0.09132598
v -0.03576201 0.02406860 -0.08811251
v -0.04462066 0.02406860 -0.08396623
v -0.05300602 0.02406860 -0.07893106
v -0.06082922 0.02406860 -0.07306038
v -0.06800732 0.02406860 -0.06641643
v -0.07446426 0.02406860 -0.05906963
v -0.08013156 0.02406860 -0.05109787
v -0.08494914 0.02406860 -0.04258564
v -0.08886597 0.02406860 -0.03362318
v -0.09184051 0.02406860 -0.02430549
v -0.09384120 0.02406860 -0.01473134
v -0.09484690 0.02406860 -0.00500222
v -0.09484690 0.02406860 0.00477876
v -0.09384120 0.02406860 0.01450787
v -0.09184051 0.02406860 0.02408202
v -0.08886597 0.02406860 0.03339972
v -0.08494914 0.02406860 0.04236218
v -0.08013156 0.02406860 0.05087440
v -0.07446426 0.02406860 0.05884618
v -0.06800732 0.02406860 0.06619295
v -0.05300602 0.02406860 0.07870759
v -0.04462066 0.02406860 0.08374277
v -0.02652401 0.02406860 0.09110251
v -0.01700452 0.02406860 0.09334907
v -0.00730452 0.02406860 0.09460495
v 0.01222500 0.02406860 0.09410192
v 0.02184749 0.02406860 0.09234838
v 0.03123868 0.02406860 0.08961475
v 0.04029900 0.02406860 0.08592999
v 0.04893246 0.02406860 0.08133316
v 0.05704752 0.02406860 0.07587300
v 0.06455812 0.02406860 0.06960739
v 0.07138467 0.02406860 0.06260271
v 0.07745484 0.02406860 0.05493326
v 0.08270425 0.02406860 0.04668035
v 0.08707726 0.02406860 0.03793140
v 0.09301841 0.02406860 0.01932071
v 0.09452367 0.02406860 0.00965627
v 0.08570278 0.02966667 -0.03755417
v 0.08782244 0.02966667 -0.03193154
v 0.08139881 0.02966667 -0.04616498
v 0.06353921 0.02966667 -0.06873001
v 0.07025799 0.02966667 -0.06183595
v 0.07517195 0.02966667 -0.05562732
v 0.07623228 0.02966667 -0.05428760
v 0.04816025 0.02966667 -0.08027066
v 0.05587979 0.02966667 -0.07507662
v 0.03330620 0.02966667 -0.08738021
v 0.03966314 0.02966667 -0.08479490
v -0.01673561 0.02966667 -0.09209684
v -0.00718877 0.02966667 -0.09333287
v 0.00243455 0.02966667 -0.09358074
v 0.01203239 0.02966667 -0.09283780
v 0.02150294 0.02966667 -0.09111196
v 0.03074591 0.02966667 -0.08842146
v -0.03519704 0.02966667 -0.08672298
v -0.02610478 0.02966667 -0.08988575
v -0.04391569 0.02966667 -0.08264221
v -0.05986834 0.02966667 -0.07190856
v -0.05540684 0.02966667 -0.07525654
v -0.05216867 0.02966667 -0.07768654
v -0.06693310 0.02966667 -0.06536952
v -0.07886586 0.02966667 -0.05029283
v -0.07511768 0.02966667 -0.05556516
v -0.07328808 0.02966667 -0.05813872
v -0.08746246 0.02966667 -0.03309390
v -0.08360741 0.02966667 -0.04191500
v -0.09235910 0.02966667 0.01427703
v -0.09334889 0.02966667 0.00470152
v -0.09334889 0.02966667 -0.00492500
v -0.09235910 0.02966667 -0.01450051
v -0.09038997 0.02966667 -0.02392349
v -0.08746243 0.02966667 0.03287049
v -0.09038997 0.02966667 0.02370003
v -0.08360741 0.02966667 0.04169154
v -0.06693310 0.02966667 0.06514606
v -0.07420288 0.02966667 0.05662848
v -0.07886586 0.02966667 0.05006936
v -0.04391569 0.02966667 0.08241874
v -0.05216867 0.02966667 0.07746308
v -0.05540684 0.02966667 0.07503308
v -0.05986834 0.02966667 0.07168509
v -0.02610478 0.02966667 0.08966228
v -0.03179267 0.02966667 0.08768374
v -0.03519693 0.02966667 0.08649957
v 0.02150294 0.02966667 0.09088850
v 0.01203239 0.02966667 0.09261434
v 0.00243455 0.02966667 0.09335726
v -0.00718877 0.02966667 0.09310940
v -0.01673561 0.02966667 0.09187338
v 0.03966314 0.02966667 0.08457144
v 0.03129640 0.02966667 0.08797411
v 0.06353921 0.02966667 0.06850655
v 0.05587979 0.02966667 0.07485317
v 0.04816025 0.02966667 0.08004719
v 0.08139881 0.02966667 0.04594150
v 0.07623228 0.02966667 0.05406414
v 0.07517195 0.02966667 0.05540384
v 0.07025799 0.02966667 0.06161250
v 0.08909857 0.02966667 -0.02854647
v 0.09155017 0.02966667 -0.01923735
v 0.09303159 0.02966667 -0.00972550
v 0.09352714 0.02966667 -0.00011173
v 0.09303159 0.02966667 0.00950204
v 0.09155017 0.02966667 0.01901388
v 0.08909857 0.02966667 0.02832301
v 0.08782244 0.02966667 0.03170808
v 0.08570278 0.02966667 0.03733072
v 0.08874640 0.02966667 0.00081130
v 0.08864641 0.02966667 -0.00073534
v 0.08502716 0.02966667 -0.00011173
v 0.09150632 0.02966667 -0.00016178
v 0.09031710 0.02966667 0.00141121
v 0.08451128 0.02966667 -0.00946243
v 0.08296984 0.02966667 -0.01869962
v 0.09036680 0.02966667 -0.00157049
v 0.08042163 0.02966667 -0.02771119
v 0.08451128 0.02966667 0.00923896
v 0.07870746 0.02966667 -0.03193154
v 0.08296984 0.02966667 0.01847616
v 0.07517195 0.02966667 -0.03957627
v 0.07689750 0.02966667 -0.03638773
v 0.06243949 0.02966667 -0.06477819
v 0.06434433 0.02966667 -0.06509434
v 0.06283432 0.02966667 -0.06258992
v 0.05406365 0.02966667 -0.06572464
v 0.04651776 0.02966667 -0.07127088
v 0.03961438 0.02966667 -0.07525654
v 0.06710407 0.02966667 -0.05231982
v 0.06095368 0.02966667 -0.05938197
v 0.06519217 0.02966667 -0.06335729
v 0.06466039 0.02966667 -0.06245574
v 0.07244030 0.02966667 -0.04462393
v 0.03083915 0.02966667 -0.07927313
v 0.03840747 0.02966667 -0.07595335
v -0.01626825 0.02966667 -0.08353511
v -0.00699210 0.02966667 -0.08482142
v 0.00236925 0.02966667 -0.08507946
v 0.01170221 0.02966667 -0.08430611
v 0.02089342 0.02966667 -0.08251076
v -0.03944427 0.02966667 -0.07525654
v -0.03295481 0.02966667 -0.07838759
v -0.02534664 0.02966667 -0.08123615
v -0.06481601 0.02966667 -0.06264796
v -0.06485208 0.02966667 -0.06431678
v -0.06407192 0.02966667 -0.05593566
v -0.06358086 0.02966667 -0.06223895
v -0.06982398 0.02966667 -0.04854542
v -0.06300497 0.02966667 -0.06522682
v -0.07492290 0.02966667 -0.04015454
v -0.06198755 0.02966667 -0.06346483
v -0.06206197 0.02966667 -0.06318701
v -0.05754179 0.02966667 -0.06264827
v -0.06226601 0.02966667 -0.06280854
v -0.06218353 0.02966667 -0.06457635
v -0.04247287 0.02966667 -0.07372390
v -0.05031285 0.02966667 -0.06860177
v -0.06201849 0.02966667 -0.06410514
v -0.07875343 0.02966667 -0.03201479
v -0.08484378 0.02966667 -0.00479419
v -0.08381358 0.02966667 -0.01410227
v -0.08176565 0.02966667 -0.02324052
v -0.07875343 0.02966667 0.03179132
v -0.08176565 0.02966667 0.02301706
v -0.08381358 0.02966667 0.01387881
v -0.08484378 0.02966667 0.00457074
v -0.07511768 0.02966667 0.03951836
v -0.06515991 0.02966667 0.06341374
v -0.06407192 0.02966667 0.05571219
v -0.06413133 0.02966667 0.06200398
v -0.06243058 0.02966667 0.06286205
v -0.06420086 0.02966667 0.06494708
v -0.05754179 0.02966667 0.06242479
v -0.06495892 0.02966667 0.06447069
v -0.06467310 0.02966667 0.06226391
v -0.07472813 0.02966667 0.04034379
v -0.06982398 0.02966667 0.04832196
v -0.05031285 0.02966667 0.06837831
v -0.06254166 0.02966667 0.06474660
v -0.06212275 0.02966667 0.06422254
v -0.04247287 0.02966667 0.07350044
v -0.03944427 0.02966667 0.07503308
v -0.03295481 0.02966667 0.07816412
v -0.00148043 0.02966667 0.09003858
v 0.00001834 0.02966667 0.08848944
v -0.00699210 0.02966667 0.08459796
v 0.00236925 0.02966667 0.08485600
v 0.00040543 0.02966667 0.09128484
v -0.01626825 0.02966667 0.08331165
v -0.02534664 0.02966667 0.08101270
v 0.01170221 0.02966667 0.08408265
v 0.00161523 0.02966667 0.09002721
v 0.03038624 0.02966686 0.07929300
v 0.02089342 0.02966667 0.08228731
v 0.05406365 0.02966667 0.06550118
v 0.06211095 0.02966667 0.06348117
v 0.06095368 0.02966667 0.05915850
v 0.06282645 0.02966667 0.06219412
v 0.06494749 0.02966667 0.06260486
v 0.06490678 0.02966667 0.06442001
v 0.06292388 0.02966667 0.06492738
v 0.06710407 0.02966667 0.05209635
v 0.03961438 0.02966667 0.07503308
v 0.07244030 0.02966667 0.04440047
v 0.06449175 0.02966667 0.06209894
v 0.07517195 0.02966667 0.03935280
v 0.04651776 0.02966667 0.07104743
v 0.08042163 0.02966667 0.02748773
v 0.07870746 0.02966667 0.03170808
v 0.07689750 0.02966667 0.03616427
v -0.09148742 0.02966667 -0.00007960
v -0.09019702 0.02966667 -0.00165201
v -0.08881304 0.02966667 -0.00122378
v -0.08838202 0.02966667 0.00013462
v -0.09056744 0.02966667 0.00135692
v -0.08902375 0.02966667 0.00118482
v -0.09123683 0.02966667 0.00094888
v -0.09140182 0.02966667 0.00071326
v -0.00129687 0.02966667 -0.08929338
v -0.00155202 0.02966667 -0.09042434
v -0.00039828 0.02966667 -0.08852403
v 0.00002715 0.02966667 -0.08846173
v -0.00062972 0.02966667 -0.09147698
v 0.00129407 0.02966667 -0.09081689
v 0.00103592 0.02966667 -0.08885720
v 0.00031364 0.02966667 -0.08848681
v 0.08455988 0.02168418 0.00876183
v 0.08367132 0.02169752 0.01442390
v 0.08196571 0.02166924 0.02204325
v 0.07927245 0.02172145 0.03027890
v 0.07744802 0.02166484 0.03496898
v 0.07684585 0.02166703 0.03613776
v 0.07334707 0.02165063 0.04287490
v 0.06927723 0.02168482 0.04904539
v 0.06607433 0.02170143 0.05321452
v 0.06174548 0.02166506 0.05825201
v 0.05530640 0.02167715 0.06438649
v 0.04954128 0.02168364 0.06895553
v 0.04420609 0.02167584 0.07237148
v 0.04135544 0.02163934 0.07416062
v 0.03731568 0.02172709 0.07611443
v 0.03143389 0.02166105 0.07879291
v 0.02469041 0.02163505 0.08123020
v 0.01683710 0.02168695 0.08315797
v 0.01168633 0.02166667 0.08396417
v 0.00730191 0.02166571 0.08457595
v -0.00173868 0.02167891 0.08484527
v -0.00984362 0.02169181 0.08425002
v -0.01624629 0.02166667 0.08319505
v -0.02014231 0.02166659 0.08246077
v -0.02675947 0.02167238 0.08047955
v -0.03257388 0.02167107 0.07830615
v -0.03711427 0.02162924 0.07634621
v -0.04457240 0.02167980 0.07221560
v -0.04737093 0.02171036 0.07032312
v -0.05258919 0.02164204 0.06663994
v -0.05923012 0.02167257 0.06082838
v -0.06201729 0.02171377 0.05781514
v -0.06562266 0.02166346 0.05386103
v -0.07028157 0.02166701 0.04758105
v -0.07364762 0.02170618 0.04205901
v -0.07580590 0.02169366 0.03819773
v -0.07943071 0.02168874 0.02997375
v -0.08203968 0.02168697 0.02200999
v -0.08485215 0.02166706 0.00441886
v -0.08388741 0.02165794 0.01343223
v -0.08486155 0.02168876 -0.00437518
v -0.08381397 0.02166703 -0.01417187
v -0.08147299 0.02170235 -0.02400588
v -0.07918189 0.02166695 -0.03093140
v -0.07628508 0.02169415 -0.03731431
v -0.07348026 0.02170967 -0.04256160
v -0.07028890 0.02166647 -0.04779374
v -0.06562542 0.02166374 -0.05408096
v -0.06201730 0.02171377 -0.05803858
v -0.05929092 0.02166055 -0.06099055
v -0.05747987 0.02166703 -0.06257847
v -0.05259806 0.02164208 -0.06685601
v -0.04622351 0.02168858 -0.07135181
v -0.03820854 0.02166042 -0.07596676
v -0.02898155 0.02168589 -0.08000541
v -0.02407963 0.02171178 -0.08149879
v -0.02009705 0.02165875 -0.08269604
v -0.01357628 0.02167296 -0.08392219
v -0.01131785 0.02162750 -0.08435131
v -0.00346035 0.02167986 -0.08498283
v 0.00236537 0.02166703 -0.08495925
v 0.00673100 0.02163070 -0.08484777
v 0.01498247 0.02168382 -0.08374666
v 0.02086553 0.02166667 -0.08239665
v 0.02415367 0.02166005 -0.08162294
v 0.03207575 0.02165291 -0.07877208
v 0.03953324 0.02170832 -0.07528033
v 0.04124135 0.02167000 -0.07445063
v 0.04767330 0.02166667 -0.07042505
v 0.05593711 0.02169390 -0.06413663
v 0.06089139 0.02166667 -0.05931800
v 0.06248295 0.02166667 -0.05776824
v 0.06803773 0.02167473 -0.05106943
v 0.07022351 0.02171114 -0.04784206
v 0.07333892 0.02165045 -0.04311373
v 0.07687439 0.02167099 -0.03630373
v 0.07831629 0.02168969 -0.03297302
v 0.08197214 0.02166918 -0.02224315
v 0.08366928 0.02169774 -0.01465982
v 0.08455969 0.02168400 -0.00898724
v 0.08502725 0.02166709 -0.00011328
v 0.06638016 0.01625246 -0.06152219
v 0.05109280 0.01583104 -0.07501128
v 0.01849332 0.01601092 -0.08873708
v -0.04663972 0.01592216 -0.07773460
v -0.07487242 0.01583104 0.05095392
v -0.01348373 0.01583104 0.08952700
v 0.01516560 0.01592216 0.08918402
v 0.05155783 0.01601092 0.07435207
v 0.05991217 0.01483824 0.06832632
v 0.05676472 0.01483824 0.07103494
v 0.05924947 0.01550074 0.06870389
v -0.00239316 0.01483824 0.09079771
v -0.00677329 0.01483824 0.09063382
v -0.00336890 0.01540963 0.09064943
v -0.06341806 0.01483824 0.06504653
v -0.06668058 0.01483824 0.06178400
v -0.06881538 0.01540963 0.05913205
v -0.09079170 0.01483824 0.00472952
v -0.09097287 0.01483824 -0.00011173
v -0.09073402 0.01540963 0.00328431
v -0.08770615 0.01483824 -0.02403782
v -0.08468229 0.01568850 -0.03335799
v -0.03082392 0.01483824 -0.08565928
v -0.02679557 0.01483824 -0.08706886
v -0.02348002 0.01540963 -0.08784163
v 0.03538734 0.01483824 -0.08389885
v 0.03951058 0.01483824 -0.08209990
v 0.03634721 0.01540963 -0.08335820
v 0.08284545 0.01483824 -0.03769246
v 0.08473665 0.01483824 -0.03335777
v 0.08575504 0.01540963 -0.03010922
v 0.09077054 0.01544447 0.00328431
v 0.08185258 0.01559186 0.03929332
v 0.07103260 0.01559186 0.05651323
v 0.06662689 0.01547932 0.06168380
v 0.03633463 0.01550074 0.08310269
v 0.00681658 0.01547932 0.09048694
v -0.02995777 0.01550074 0.08558412
v -0.05108808 0.01576938 0.07486052
v -0.05920557 0.01544447 0.06871691
v -0.08027235 0.01540963 0.04232778
v -0.08566786 0.01550074 0.02987560
v -0.08851521 0.01559186 0.02009748
v -0.08981083 0.01547932 0.01342916
v -0.08996166 0.01613937 -0.01363336
v -0.07516846 0.01584508 -0.05136219
v -0.07302174 0.01550074 -0.05402587
v -0.06659865 0.01540963 -0.06193143
v -0.06174573 0.01559186 -0.06668706
v -0.03628521 0.01544447 -0.08334220
v -0.00336890 0.01550074 -0.09083846
v 0.02680644 0.01547932 -0.08692811
v 0.04547125 0.01540963 -0.07882325
v 0.05924752 0.01550074 -0.06892903
v 0.07121576 0.01562033 -0.05679977
v 0.07870791 0.01547932 -0.04553809
v 0.09024639 0.01550074 -0.01027830
v 0.06662689 0.01547932 -0.06190728
v 0.00684819 0.01561021 -0.09085602
v -0.05389531 0.01544447 -0.07317518
v -0.04238747 0.01553559 0.08014195
v 0.02680644 0.01547932 0.08670466
v 0.07691522 0.01544447 0.04820103
v 0.08463261 0.01540963 0.03309346
v 0.08770651 0.01553559 0.02338253
v 0.08990021 0.01540963 0.01343446
v 0.08637482 0.01483824 -0.02867610
v 0.08698428 0.01483824 -0.02693446
v 0.08863661 0.01540963 -0.02033626
v 0.08191460 0.01540963 -0.03954665
v 0.06192288 0.01483824 -0.06681946
v 0.04552716 0.01483824 -0.07892005
v 0.04409975 0.01483824 -0.07967445
v 0.00002715 0.01483824 -0.09111173
v -0.00239316 0.01483824 -0.09102117
v -0.01351905 0.01540963 -0.08998481
v -0.02022228 0.01483824 -0.08883017
v -0.02155891 0.01483824 -0.08847202
v -0.06186858 0.01483824 -0.06681946
v -0.06341806 0.01483824 -0.06527001
v -0.09071839 0.01483824 -0.00691217
v -0.09079170 0.01483824 -0.00495300
v -0.08196101 0.01483824 0.03937168
v -0.08066759 0.01483824 0.04181898
v -0.07111952 0.01483824 0.05662583
v -0.06999117 0.01483824 0.05793701
v -0.03321889 0.01483824 0.08459778
v -0.03082392 0.01483824 0.08543582
v -0.02019740 0.01540963 0.08849774
v -0.01353571 0.01483824 0.08987188
v -0.01204598 0.01483824 0.09003973
v 0.03327319 0.01483824 0.08459778
v 0.03538734 0.01483824 0.08367538
v 0.02025168 0.01540963 0.08849774
v 0.04540883 0.01569499 0.07849167
v 0.05128926 0.01483824 0.07507600
v 0.05230987 0.01483824 0.07432276
v 0.08201531 0.01483824 0.03937168
v 0.08284545 0.01483824 0.03746900
v 0.08874559 0.01483824 0.02013767
v 0.08893853 0.01483824 0.01911798
v 0.09077269 0.01483824 -0.00691217
v 0.09102714 0.01483824 -0.00011173
v 0.09044987 0.01483824 -0.00977748
v 0.08874559 0.01483824 -0.02036114
v 0.08893853 0.01483824 -0.01934143
v 0.09001076 0.01483824 -0.01367457
v 0.07302305 0.01483824 -0.05434365
v 0.07521486 0.01483824 -0.05137385
v 0.07840604 0.01483824 -0.04629516
v 0.07883546 0.01483824 -0.04561173
v 0.08201531 0.01483824 -0.03959516
v 0.06681006 0.01483824 -0.06192007
v 0.05128926 0.01483824 -0.07529946
v 0.05230987 0.01483824 -0.07454623
v 0.01687658 0.01483824 -0.08947349
v 0.02027655 0.01483824 -0.08883017
v 0.02629298 0.01483824 -0.08721808
v 0.02684987 0.01483824 -0.08706886
v 0.03327319 0.01483824 -0.08482125
v 0.01358998 0.01483824 -0.09009534
v -0.01353571 0.01483824 -0.09009534
v -0.01204598 0.01483824 -0.09026320
v -0.00677329 0.01483824 -0.09085728
v -0.04820737 0.01483824 -0.07720183
v -0.04547286 0.01483824 -0.07892005
v -0.03960919 0.01483824 -0.08201909
v -0.03321889 0.01483824 -0.08482125
v -0.05643211 0.01483824 -0.07146381
v -0.05123499 0.01483824 -0.07529946
v -0.07111952 0.01483824 -0.05684931
v -0.06999117 0.01483824 -0.05816048
v -0.06668058 0.01483824 -0.06200746
v -0.08196101 0.01483824 -0.03959516
v -0.08066759 0.01483824 -0.04204245
v -0.07878119 0.01483824 -0.04561173
v -0.08869129 0.01483824 -0.02036114
v -0.08770615 0.01483824 0.02381435
v -0.08869129 0.01483824 0.02013767
v -0.08978495 0.01483824 0.01435751
v -0.08995646 0.01483824 0.01345111
v -0.09071839 0.01483824 0.00668871
v -0.08470140 0.01483824 0.03307988
v -0.08692998 0.01483824 0.02671099
v -0.07516059 0.01483824 0.05115040
v -0.07577410 0.01483824 0.05017403
v -0.07878119 0.01483824 0.04538827
v -0.04820737 0.01483824 0.07697836
v -0.05123499 0.01483824 0.07507600
v -0.05643211 0.01483824 0.07124034
v -0.06186858 0.01483824 0.06659599
v -0.03960919 0.01483824 0.08179562
v -0.04547286 0.01483824 0.07869659
v -0.02022228 0.01483824 0.08860670
v -0.02155891 0.01483824 0.08824857
v -0.02679557 0.01483824 0.08684540
v 0.01687658 0.01483824 0.08925003
v 0.01358998 0.01483824 0.08987188
v 0.00705673 0.01483824 0.09060800
v 0.00002715 0.01483824 0.09088828
v 0.02684987 0.01483824 0.08684540
v 0.02629298 0.01483824 0.08699462
v 0.02027655 0.01483824 0.08860670
v 0.04552716 0.01483824 0.07869659
v 0.04409975 0.01483824 0.07945098
v 0.03951058 0.01483824 0.08187643
v 0.07302305 0.01483824 0.05412018
v 0.07117382 0.01483824 0.05662583
v 0.06688526 0.01483824 0.06160922
v 0.06673485 0.01483824 0.06178400
v 0.06192288 0.01483824 0.06659599
v 0.07862075 0.01483824 0.04572998
v 0.07521486 0.01483824 0.05115040
v 0.08698428 0.01483824 0.02671099
v 0.08637482 0.01483824 0.02845263
v 0.08473665 0.01483824 0.03313430
v 0.09001076 0.01483824 0.01345111
v 0.09044987 0.01483824 0.00955401
v -0.00282655 -0.01723333 0.04997557
v -0.00161565 -0.01723333 0.04680818
v 0.00149490 -0.01723333 0.04676425
v 0.00257234 -0.01723333 0.05058932
v -0.04322600 -0.01723333 0.02188231
v -0.04448146 -0.01723333 0.02716140
v -0.04142809 -0.01723333 0.02735101
v -0.03979978 -0.01723333 0.02493197
v -0.04017087 -0.01723333 0.02293620
v -0.04345429 -0.01723333 -0.02781748
v -0.04559136 -0.01723333 -0.02435112
v -0.04268213 -0.01723333 -0.02185648
v -0.03992407 -0.01723333 -0.02412260
v -0.04077527 -0.01723333 -0.02711735
v 0.00216468 -0.01723333 -0.05131888
v -0.00055674 -0.01723333 -0.04668648
v -0.00275474 -0.01723333 -0.04935462
v -0.00110174 -0.01723333 -0.05252255
v 0.04477782 -0.01723333 -0.02677467
v 0.04158879 -0.01723333 -0.02766376
v 0.03993701 -0.01723333 -0.02562594
v 0.04112545 -0.01723333 -0.02251448
v 0.04471819 -0.01723333 -0.02242091
v 0.04301884 -0.01723333 0.02184470
v 0.03997959 -0.01723333 0.02476264
v 0.04258098 -0.01723333 0.02751601
v 0.04588174 -0.01723333 0.02383808
v 0.00023968 0.01956667 0.09135404
v 0.00146667 0.01956667 0.08983216
v -0.00115001 0.01931882 0.09004512
v -0.00055146 0.01956667 0.08866343
v 0.06218291 0.01956667 0.06363110
v 0.06380694 0.01956667 0.06494991
v 0.06442249 0.01907096 0.06382258
v 0.06479912 0.01956667 0.06248958
v 0.06314217 0.01956667 0.06205301
v 0.09004560 0.01907096 -0.00092268
v 0.08862694 0.01956667 -0.00053738
v 0.08983515 0.01956667 0.00128341
v 0.09135331 0.01956667 -0.00057957
v 0.06453222 0.01956667 -0.06255072
v 0.06487392 0.01956667 -0.06469979
v 0.06287739 0.01931882 -0.06288917
v 0.06292893 0.01956667 -0.06490698
v -0.00140772 0.01956667 -0.09006445
v -0.00018556 0.01956667 -0.08849289
v 0.00002715 0.01857525 -0.09011174
v 0.00031364 0.01956667 -0.08848681
v 0.00131020 0.01956667 -0.08923917
v 0.00136438 0.01956667 -0.09084375
v -0.00056125 0.01956667 -0.09153093
v -0.06442247 0.01956667 -0.06485109
v -0.06458871 0.01956667 -0.06257191
v -0.06361246 0.01857525 -0.06375135
v -0.06260370 0.01956667 -0.06249681
v -0.06212275 0.01956667 -0.06305668
v -0.06198755 0.01956667 -0.06346483
v -0.06199362 0.01956667 -0.06396405
v -0.06240118 0.01956667 -0.06481165
v -0.09032019 0.01907096 -0.00085659
v -0.09123683 0.01956667 0.00094888
v -0.09061524 0.01956667 0.00129040
v -0.09145199 0.01956667 0.00019203
v -0.08874945 0.01956667 0.00079881
v -0.08898715 0.01956667 -0.00128487
v -0.06414278 0.01907096 0.06289589
v -0.06506563 0.01956667 0.06390694
v -0.06435744 0.01956667 0.06491946
v -0.06285891 0.01956667 0.06497636
v -0.06208215 0.01956667 0.06391568
v -0.06310505 0.01956667 0.06227074
v 0.04130073 -0.02033333 0.02261723
v 0.04151475 -0.01960994 0.01947747
v 0.04598094 -0.01960994 0.02054407
v 0.03799615 -0.02007583 0.02212839
v 0.04111593 -0.02033333 0.02784888
v 0.04501706 -0.02033333 0.02359081
v 0.04606925 -0.02007583 0.02889991
v 0.04169390 -0.01791146 0.02290977
v 0.04351811 -0.01754321 0.02492966
v 0.04818525 -0.01981833 0.02645698
v 0.04135377 -0.01981833 0.03002635
v 0.03770994 -0.01981833 0.02653386
v 0.04030623 -0.01696974 0.02353744
v 0.04029183 -0.01697365 0.02604906
v 0.04224323 -0.01697230 0.02743055
v 0.04504250 -0.01700950 0.02656928
v 0.04575216 -0.01696404 0.02421714
v 0.04352494 -0.01694597 0.02189586
v 0.04032926 -0.00488783 0.02340480
v 0.04028368 -0.00488783 0.02596512
v 0.04246969 -0.00488783 0.02746064
v 0.04497760 -0.00488783 0.02666259
v 0.04568881 -0.00488783 0.02394350
v 0.04356784 -0.00488783 0.02195084
v 0.04242794 -0.00433333 0.02409775
v -0.00327238 -0.02033333 0.05055104
v -0.00516975 -0.01994708 0.04769053
v 0.00107579 -0.02033333 0.04555217
v 0.00095059 -0.02033333 0.05025680
v 0.00230767 -0.02007583 0.05420821
v 0.00543743 -0.01994708 0.04903273
v 0.00403602 -0.02007583 0.04531282
v 0.00122238 -0.01783333 0.04733781
v -0.00063112 -0.01768827 0.04974394
v -0.00342466 -0.01981833 0.05365351
v -0.00063709 -0.01981833 0.04390731
v -0.00014389 -0.01696974 0.04654725
v -0.00250980 -0.01698665 0.04798134
v -0.00285434 -0.01695815 0.05005630
v -0.00171774 -0.01695617 0.05170692
v 0.00130253 -0.01695810 0.05197453
v 0.00293769 -0.01698243 0.04939521
v 0.00232090 -0.01697692 0.04747798
v 0.00111302 -0.00488783 0.04686449
v -0.00183393 -0.00488783 0.04710072
v -0.00284011 -0.00488783 0.04878777
v -0.00190325 -0.00420368 0.05192528
v 0.00123548 -0.00488783 0.05200088
v 0.00283618 -0.00488783 0.04914915
v -0.04596238 -0.02033333 0.02479672
v -0.04380625 -0.02007583 0.01937260
v -0.03818980 -0.02007583 0.02511640
v -0.04144612 -0.01908333 0.02571531
v -0.04119989 -0.02007583 0.02959772
v -0.04229651 -0.01784452 0.02386580
v -0.04630557 -0.01981833 0.02887893
v -0.04762572 -0.01948119 0.02329075
v -0.03833532 -0.01981833 0.02167893
v -0.04070512 -0.01695830 0.02267870
v -0.04237755 -0.01696393 0.02173398
v -0.04480106 -0.01696871 0.02249432
v -0.04577045 -0.01695591 0.02474728
v -0.04449655 -0.01696680 0.02691149
v -0.04191196 -0.01698905 0.02743388
v -0.04020495 -0.01697097 0.02565542
v -0.03996026 -0.00488783 0.02461644
v -0.04084589 -0.00488783 0.02243574
v -0.04231986 -0.00488783 0.02175557
v -0.04505529 -0.00488783 0.02279891
v -0.04571535 -0.00488783 0.02520440
v -0.04440989 -0.00488783 0.02701429
v -0.04208852 -0.00488783 0.02751328
v -0.04073969 -0.00488783 0.02670721
v -0.04229452 -0.00433333 0.02440902
v 0.04489265 -0.02033333 -0.02364600
v 0.04230804 -0.01994708 -0.01956240
v 0.04013709 -0.02033333 -0.02413352
v 0.04017989 -0.02007583 -0.02954914
v 0.04637735 -0.01994708 -0.02890423
v 0.04333588 -0.01783333 -0.02530104
v 0.04127546 -0.01754321 -0.02438700
v 0.03759913 -0.01981833 -0.02436748
v 0.04788604 -0.01947858 -0.02346126
v 0.04006755 -0.01698880 -0.02463298
v 0.04146779 -0.01697960 -0.02230808
v 0.04424563 -0.01698681 -0.02242828
v 0.04581066 -0.01699723 -0.02507618
v 0.04400739 -0.01695586 -0.02742447
v 0.04113355 -0.01696762 -0.02718333
v 0.04056878 -0.00488783 -0.02316685
v 0.04307945 -0.00420250 -0.02172646
v 0.04558795 -0.00488783 -0.02402622
v 0.04466489 -0.00488783 -0.02704298
v 0.04165090 -0.00488783 -0.02735790
v 0.04000901 -0.00488783 -0.02556943
v -0.04157996 -0.02033333 -0.02317741
v -0.03897184 -0.02007583 -0.02113837
v -0.04379964 -0.02007583 -0.01944895
v -0.04100103 -0.02033333 -0.02755427
v -0.04635889 -0.02033333 -0.02413982
v -0.04717992 -0.02007583 -0.02825256
v -0.04161982 -0.01783333 -0.02278201
v -0.04338668 -0.01768827 -0.02518476
v -0.04703638 -0.01914405 -0.02285283
v -0.04393269 -0.01981833 -0.03016879
v -0.03875142 -0.01981833 -0.02874475
v -0.03735407 -0.01981833 -0.02393225
v -0.04237387 -0.01697278 -0.02209575
v -0.04030172 -0.01694972 -0.02331243
v -0.04004624 -0.01697949 -0.02542878
v -0.04195618 -0.01698189 -0.02757719
v -0.04461258 -0.01698243 -0.02723040
v -0.04566967 -0.01696680 -0.02508300
v -0.04490510 -0.01693955 -0.02274621
v -0.03991196 -0.00488783 -0.02490278
v -0.04065481 -0.00488783 -0.02290454
v -0.04072758 -0.00488783 -0.02695100
v -0.04282890 -0.00488783 -0.02774021
v -0.04510534 -0.00488783 -0.02672049
v -0.04585707 -0.00420357 -0.02380457
v -0.04279649 -0.00488783 -0.02200779
f 1 2 3
f 4 1 3
f 5 4 6
f 7 8 9
f 10 11 12
f 13 14 15
f 16 17 18
f 19 20 21
f 22 23 24
f 25 26 27
f 28 29 30
f 31 32 33
f 34 35 32
f 36 37 31
f 37 36 38
f 39 40 29
f 27 41 42
f 41 27 26
f 43 44 45
f 44 43 46
f 24 47 48
f 49 50 51
f 50 49 20
f 52 18 53
f 52 53 54
f 55 56 57
f 58 59 60
f 61 58 60
f 62 63 64
f 65 42 66
f 27 67 68
f 45 25 69
f 45 69 70
f 43 70 71
f 48 72 24
f 24 72 73
f 22 24 74
f 22 74 75
f 76 77 75
f 76 75 78
f 51 79 78
f 51 78 80
f 20 49 21
f 21 49 81
f 81 80 82
f 83 16 52
f 52 16 18
f 84 53 18
f 85 84 18
f 85 18 15
f 15 18 17
f 15 17 13
f 35 85 86
f 86 85 15
f 35 86 87
f 87 86 15
f 87 15 12
f 12 15 14
f 12 14 10
f 32 35 33
f 33 35 87
f 33 87 88
f 88 87 12
f 31 33 88
f 89 88 12
f 89 12 11
f 89 11 7
f 31 88 36
f 36 88 89
f 36 89 9
f 9 89 7
f 38 36 9
f 38 9 6
f 6 9 8
f 6 8 5
f 90 38 6
f 91 90 6
f 91 6 3
f 3 6 4
f 92 91 3
f 93 92 94
f 94 92 3
f 94 3 2
f 93 94 95
f 95 94 96
f 96 94 2
f 40 93 95
f 95 96 97
f 29 40 30
f 30 40 95
f 30 95 98
f 98 95 97
f 98 97 99
f 28 30 98
f 28 98 100
f 100 98 99
f 100 99 101
f 101 57 100
f 100 57 102
f 100 102 28
f 101 103 57
f 57 56 102
f 103 104 57
f 57 104 105
f 57 105 55
f 55 105 59
f 59 105 106
f 59 106 60
f 60 106 107
f 107 64 60
f 60 64 63
f 60 63 61
f 107 108 64
f 64 108 109
f 109 66 64
f 64 66 62
f 62 66 42
f 62 42 110
f 66 109 65
f 65 67 27
f 65 27 42
f 67 69 68
f 68 69 25
f 68 25 27
f 67 111 69
f 69 111 70
f 70 111 112
f 45 70 43
f 70 112 71
f 71 112 113
f 113 73 71
f 71 73 72
f 71 72 43
f 43 72 48
f 43 48 46
f 73 74 24
f 24 23 47
f 73 114 74
f 74 114 75
f 75 114 115
f 75 77 22
f 115 116 75
f 75 116 117
f 75 117 78
f 78 79 76
f 117 118 78
f 78 118 80
f 80 118 119
f 80 81 51
f 51 81 49
f 119 120 80
f 80 120 82
f 19 21 81
f 19 81 82
f 19 82 121
f 122 123 124
f 122 125 126
f 127 128 129
f 129 130 131
f 132 133 134
f 135 136 133
f 137 138 136
f 139 140 138
f 141 142 143
f 144 145 146
f 146 145 142
f 147 148 149
f 150 151 147
f 152 153 154
f 154 153 155
f 156 157 158
f 158 157 159
f 160 161 156
f 162 163 164
f 165 166 167
f 122 124 125
f 125 124 168
f 125 168 169
f 126 125 170
f 170 125 169
f 170 169 171
f 131 130 172
f 172 130 173
f 172 173 174
f 133 132 135
f 135 132 175
f 135 175 176
f 137 177 178
f 143 179 141
f 141 179 180
f 142 141 146
f 146 141 181
f 146 181 182
f 144 146 183
f 183 146 182
f 183 182 184
f 185 186 187
f 188 185 189
f 190 188 189
f 190 189 191
f 151 150 192
f 192 150 193
f 155 194 154
f 154 194 195
f 154 195 196
f 159 197 158
f 158 197 198
f 198 197 199
f 161 160 200
f 200 160 201
f 164 202 203
f 165 167 204
f 204 167 205
f 169 168 206
f 169 206 171
f 171 206 207
f 171 208 128
f 171 128 170
f 170 128 127
f 170 127 126
f 129 128 130
f 130 128 208
f 130 208 173
f 173 208 34
f 209 175 174
f 174 175 132
f 174 132 172
f 172 132 134
f 172 134 131
f 209 210 175
f 175 210 176
f 176 177 137
f 176 137 135
f 135 137 136
f 177 211 212
f 177 212 178
f 178 212 213
f 138 137 139
f 139 137 178
f 139 178 213
f 213 180 179
f 213 179 139
f 139 179 143
f 139 143 140
f 180 213 39
f 180 181 141
f 182 181 214
f 182 214 184
f 184 214 215
f 184 215 187
f 184 187 183
f 183 187 186
f 183 186 144
f 185 187 216
f 185 216 189
f 148 190 149
f 149 190 191
f 149 191 217
f 149 217 218
f 218 193 150
f 218 150 149
f 149 150 147
f 151 192 219
f 219 192 220
f 220 192 193
f 218 110 193
f 220 195 194
f 220 194 219
f 219 194 155
f 152 154 221
f 221 154 196
f 221 196 222
f 220 223 195
f 195 223 224
f 195 224 196
f 196 224 222
f 225 199 222
f 222 199 197
f 222 197 221
f 221 197 159
f 221 159 152
f 158 198 226
f 225 227 199
f 199 227 198
f 226 201 160
f 226 160 158
f 158 160 156
f 228 161 229
f 229 161 200
f 229 200 202
f 202 200 230
f 226 231 201
f 201 231 200
f 202 164 229
f 229 164 163
f 229 163 228
f 230 232 202
f 202 232 203
f 162 164 233
f 233 164 203
f 233 203 234
f 234 203 235
f 235 205 234
f 234 205 167
f 234 167 233
f 233 167 166
f 233 166 162
f 205 235 236
f 205 236 237
f 205 237 238
f 204 205 238
f 239 240 241
f 242 243 244
f 245 246 247
f 248 246 249
f 249 250 248
f 251 252 250
f 251 253 252
f 254 255 256
f 243 255 244
f 257 242 258
f 259 260 261
f 261 262 259
f 263 264 265
f 266 267 263
f 268 240 269
f 270 271 272
f 272 271 239
f 245 273 274
f 245 274 275
f 249 276 277
f 278 279 280
f 251 281 282
f 282 281 283
f 255 254 284
f 255 284 285
f 244 286 287
f 287 286 288
f 258 242 289
f 289 290 291
f 261 292 293
f 265 294 263
f 294 295 296
f 296 295 297
f 267 266 269
f 269 266 268
f 268 266 298
f 268 298 299
f 240 268 241
f 241 300 301
f 272 302 303
f 304 270 305
f 304 305 306
f 306 305 307
f 307 305 308
f 275 276 245
f 245 276 249
f 245 249 246
f 309 279 277
f 277 279 249
f 249 279 278
f 249 278 250
f 251 250 278
f 251 278 310
f 310 278 280
f 310 281 251
f 253 251 254
f 254 251 282
f 254 282 311
f 311 282 283
f 311 283 312
f 311 312 313
f 313 284 311
f 311 284 254
f 254 256 253
f 244 255 286
f 286 255 285
f 286 285 314
f 314 285 315
f 315 288 314
f 314 288 286
f 242 244 289
f 289 244 287
f 289 287 316
f 316 290 289
f 290 317 291
f 291 317 318
f 291 318 319
f 257 258 260
f 258 289 320
f 320 289 291
f 320 291 319
f 320 292 261
f 320 261 258
f 258 261 260
f 292 320 321
f 292 321 293
f 262 261 322
f 322 261 293
f 322 293 323
f 262 322 294
f 322 323 324
f 324 295 294
f 324 294 322
f 294 265 262
f 263 294 266
f 266 294 296
f 296 297 325
f 325 298 296
f 296 298 266
f 268 299 326
f 325 327 298
f 298 327 299
f 326 300 268
f 268 300 241
f 239 241 272
f 241 301 302
f 302 301 328
f 302 272 241
f 302 328 329
f 302 329 303
f 303 329 330
f 270 272 305
f 305 272 303
f 303 330 331
f 331 308 303
f 303 308 305
f 308 331 332
f 308 332 307
f 306 307 333
f 334 300 335
f 335 300 336
f 337 338 279
f 339 276 340
f 340 276 275
f 341 283 342
f 342 283 281
f 342 281 343
f 344 284 341
f 341 284 313
f 345 316 346
f 346 316 347
f 348 349 350
f 346 350 345
f 351 352 348
f 348 352 353
f 348 353 349
f 354 355 356
f 354 356 351
f 351 356 357
f 351 357 352
f 358 355 354
f 358 359 360
f 358 360 324
f 358 324 355
f 361 362 363
f 361 363 359
f 300 326 336
f 334 335 364
f 334 364 365
f 365 364 366
f 365 366 367
f 367 366 368
f 368 366 369
f 368 369 370
f 370 369 371
f 372 371 373
f 372 373 374
f 375 369 366
f 375 366 364
f 376 335 336
f 377 362 361
f 377 361 359
f 378 359 358
f 350 346 379
f 379 346 347
f 380 381 344
f 380 344 341
f 380 341 382
f 383 342 343
f 383 343 338
f 383 338 337
f 337 339 384
f 384 339 340
f 376 336 362
f 377 359 378
f 378 358 354
f 385 354 351
f 385 351 386
f 386 351 348
f 387 348 350
f 387 350 379
f 388 347 389
f 388 389 381
f 384 340 390
f 391 373 392
f 392 373 371
f 392 371 393
f 393 371 369
f 393 369 375
f 394 364 335
f 394 335 376
f 386 348 387
f 380 388 381
f 382 341 342
f 382 342 383
f 375 364 394
f 395 362 377
f 395 377 396
f 396 377 378
f 378 354 385
f 379 347 388
f 397 383 337
f 397 337 398
f 398 337 384
f 399 384 390
f 376 362 395
f 399 398 384
f 400 391 392
f 400 392 401
f 401 392 393
f 401 393 402
f 402 393 375
f 402 375 403
f 403 375 394
f 403 394 404
f 404 394 376
f 404 376 405
f 405 376 395
f 405 395 406
f 406 395 396
f 406 396 407
f 407 396 378
f 407 378 385
f 407 385 408
f 408 385 386
f 408 386 409
f 409 386 387
f 409 387 379
f 409 379 410
f 410 379 388
f 410 388 411
f 411 388 380
f 411 380 412
f 412 380 382
f 412 382 413
f 413 382 383
f 413 383 414
f 414 383 415
f 415 383 397
f 415 397 416
f 416 397 398
f 416 398 417
f 417 398 399
f 189 58 191
f 191 58 61
f 191 61 217
f 217 61 63
f 217 63 218
f 218 63 62
f 218 62 110
f 193 110 42
f 193 42 220
f 220 42 41
f 220 41 223
f 223 41 26
f 223 26 224
f 224 26 25
f 224 25 222
f 222 25 45
f 222 45 225
f 225 45 44
f 225 44 227
f 227 44 46
f 227 46 198
f 198 46 48
f 198 48 226
f 226 48 47
f 226 47 231
f 231 47 23
f 231 23 200
f 200 23 22
f 200 22 230
f 230 22 77
f 230 77 232
f 232 77 76
f 232 76 203
f 203 76 79
f 203 79 235
f 235 79 51
f 235 51 236
f 236 51 50
f 236 50 237
f 237 50 20
f 237 20 238
f 238 20 19
f 238 19 418
f 418 19 419
f 418 419 420
f 420 419 421
f 420 421 422
f 422 421 423
f 422 423 424
f 424 423 425
f 424 425 426
f 424 426 427
f 427 426 428
f 428 426 429
f 428 429 430
f 428 430 431
f 431 430 432
f 432 430 433
f 432 433 434
f 434 433 435
f 434 435 436
f 436 435 437
f 436 437 438
f 436 438 439
f 439 438 440
f 440 438 441
f 440 441 442
f 442 441 443
f 442 443 444
f 444 443 445
f 444 445 446
f 446 445 447
f 446 447 448
f 448 447 449
f 448 449 450
f 448 450 451
f 451 450 452
f 452 450 453
f 452 453 454
f 454 453 455
f 454 455 456
f 456 455 457
f 456 457 458
f 456 458 459
f 459 458 460
f 460 458 461
f 165 462 463
f 463 462 464
f 463 464 465
f 464 466 465
f 465 466 467
f 467 466 468
f 468 469 467
f 467 469 470
f 470 469 471
f 470 471 472
f 472 471 473
f 472 473 474
f 474 473 475
f 474 475 476
f 475 477 476
f 476 477 478
f 477 479 478
f 478 479 480
f 478 480 481
f 480 482 481
f 481 482 483
f 482 484 483
f 483 484 485
f 485 484 486
f 485 486 487
f 487 486 488
f 487 488 489
f 488 490 489
f 489 490 491
f 491 490 492
f 491 492 493
f 492 494 493
f 493 494 495
f 494 496 495
f 495 496 497
f 496 498 497
f 497 498 499
f 498 500 499
f 499 500 501
f 500 502 501
f 501 502 503
f 502 504 503
f 503 504 505
f 504 506 505
f 505 506 507
f 506 508 507
f 507 508 509
f 508 510 509
f 509 510 511
f 510 512 511
f 511 512 513
f 512 514 513
f 513 514 515
f 514 516 515
f 516 517 515
f 515 517 518
f 517 519 518
f 518 519 520
f 123 521 522
f 522 521 520
f 522 520 519
f 521 523 520
f 520 523 524
f 520 524 518
f 518 524 515
f 515 524 525
f 515 525 513
f 513 525 526
f 513 526 527
f 513 527 511
f 511 527 528
f 511 528 509
f 509 528 529
f 509 529 507
f 507 529 530
f 507 530 505
f 505 530 531
f 505 531 503
f 503 531 532
f 503 532 501
f 501 532 499
f 499 532 533
f 499 533 497
f 497 533 534
f 497 534 495
f 495 534 535
f 495 535 493
f 493 535 491
f 491 535 536
f 491 536 489
f 489 536 537
f 489 537 487
f 487 537 538
f 487 538 485
f 485 538 539
f 485 539 483
f 483 539 540
f 483 540 481
f 481 540 541
f 481 541 478
f 478 541 542
f 478 542 476
f 476 542 543
f 476 543 474
f 474 543 544
f 474 544 472
f 472 544 545
f 472 545 470
f 470 545 546
f 470 546 467
f 467 546 547
f 467 547 465
f 465 547 548
f 465 548 549
f 465 549 463
f 463 549 550
f 349 319 350
f 350 319 318
f 350 318 317
f 350 317 345
f 345 317 290
f 345 290 316
f 347 316 287
f 347 287 389
f 389 287 288
f 389 288 381
f 381 288 315
f 381 315 344
f 344 315 285
f 344 285 284
f 341 313 312
f 341 312 283
f 343 281 310
f 343 310 338
f 338 310 280
f 338 280 279
f 337 279 309
f 337 309 277
f 337 277 339
f 339 277 276
f 340 275 274
f 340 274 551
f 551 274 273
f 551 273 552
f 553 552 554
f 553 554 555
f 553 555 556
f 556 555 557
f 557 555 558
f 557 558 559
f 560 559 561
f 560 561 562
f 562 561 563
f 562 563 564
f 565 564 566
f 565 566 567
f 567 566 568
f 567 568 569
f 570 571 572
f 570 572 573
f 573 572 574
f 573 574 575
f 575 574 576
f 575 576 577
f 577 576 578
f 577 578 579
f 579 578 580
f 579 580 581
f 582 581 583
f 584 585 586
f 587 584 588
f 589 590 591
f 592 589 593
f 594 595 596
f 597 594 598
f 599 600 83
f 597 601 602
f 601 603 604
f 604 605 606
f 605 607 598
f 598 607 597
f 603 607 604
f 604 607 605
f 608 602 601
f 608 601 609
f 609 601 610
f 609 611 608
f 604 611 609
f 611 604 612
f 604 606 612
f 608 613 602
f 611 613 614
f 615 616 617
f 618 619 615
f 619 620 615
f 620 616 615
f 621 622 623
f 621 623 624
f 623 622 625
f 622 121 617
f 121 622 621
f 626 627 613
f 613 627 619
f 613 619 618
f 627 626 624
f 624 612 621
f 612 624 611
f 598 594 596
f 593 589 591
f 628 629 630
f 628 630 631
f 631 630 632
f 631 632 633
f 633 632 634
f 633 634 635
f 635 634 636
f 635 636 637
f 637 636 638
f 637 638 639
f 637 639 640
f 640 639 641
f 640 641 642
f 642 641 643
f 642 643 644
f 644 643 645
f 644 645 646
f 646 645 647
f 646 647 648
f 648 647 649
f 648 649 650
f 650 649 651
f 650 651 652
f 652 651 653
f 652 653 654
f 654 653 655
f 654 655 656
f 656 655 657
f 656 657 585
f 658 600 599
f 658 599 659
f 659 599 628
f 660 661 596
f 596 661 598
f 598 661 605
f 595 662 596
f 596 662 660
f 662 663 660
f 664 663 662
f 664 662 592
f 592 662 595
f 592 593 664
f 664 593 665
f 664 665 663
f 591 666 665
f 591 665 593
f 667 666 591
f 590 668 591
f 591 668 669
f 591 669 667
f 668 670 669
f 671 670 588
f 588 670 668
f 588 668 587
f 587 668 590
f 584 586 588
f 588 586 672
f 588 672 671
f 586 673 672
f 657 673 586
f 657 586 585
f 673 657 674
f 674 657 655
f 674 655 675
f 675 655 653
f 675 653 676
f 676 653 651
f 676 651 677
f 677 651 678
f 678 651 649
f 678 649 679
f 679 649 647
f 679 647 680
f 680 647 645
f 680 645 681
f 681 645 643
f 681 643 682
f 682 643 641
f 682 641 683
f 683 641 639
f 683 639 684
f 684 639 685
f 685 639 638
f 685 638 686
f 686 638 636
f 686 636 687
f 687 636 688
f 688 636 634
f 688 634 689
f 689 634 632
f 689 632 690
f 690 632 630
f 690 630 691
f 691 630 629
f 628 599 629
f 629 599 692
f 629 692 691
f 83 693 599
f 599 693 692
f 694 695 696
f 697 118 698
f 698 696 697
f 118 697 695
f 119 699 700
f 119 118 699
f 701 699 118
f 702 119 700
f 703 704 700
f 700 704 702
f 702 704 703
f 705 706 703
f 705 707 708
f 708 707 709
f 703 710 705
f 705 710 707
f 711 710 703
f 120 712 713
f 713 712 714
f 715 716 717
f 718 719 714
f 714 719 715
f 718 717 716
f 716 719 718
f 625 622 617
f 625 617 616
f 625 616 620
f 623 625 620
f 720 620 619
f 720 619 721
f 624 623 721
f 721 627 624
f 619 627 721
f 624 626 722
f 626 613 722
f 722 613 611
f 624 722 611
f 611 723 608
f 611 614 723
f 724 614 608
f 608 614 613
f 723 724 608
f 610 601 604
f 604 609 610
f 603 601 597
f 243 725 726
f 727 728 729
f 253 256 730
f 731 252 732
f 733 734 735
f 246 248 736
f 714 712 270
f 718 714 270
f 617 737 615
f 615 737 718
f 718 737 717
f 717 737 617
f 717 617 121
f 717 121 82
f 711 712 120
f 713 82 120
f 714 715 713
f 713 715 717
f 713 717 82
f 706 708 119
f 706 705 708
f 702 706 119
f 119 708 120
f 709 711 708
f 708 711 120
f 711 709 710
f 712 711 270
f 270 711 703
f 702 703 706
f 270 703 271
f 700 701 271
f 700 271 703
f 118 695 701
f 701 695 271
f 271 695 694
f 694 696 698
f 117 698 118
f 271 694 239
f 600 658 247
f 600 247 738
f 736 248 739
f 735 734 740
f 732 252 741
f 730 256 742
f 729 728 743
f 726 725 744
f 239 694 745
f 239 745 240
f 240 745 746
f 240 746 747
f 240 747 269
f 269 747 267
f 267 747 748
f 267 748 749
f 749 748 750
f 749 750 751
f 751 750 752
f 751 752 264
f 264 752 753
f 264 753 265
f 265 753 754
f 265 754 262
f 262 754 755
f 262 755 259
f 259 755 756
f 259 756 260
f 260 756 757
f 260 757 257
f 257 757 758
f 758 757 759
f 83 600 16
f 16 600 738
f 16 738 17
f 13 17 738
f 246 738 247
f 246 736 738
f 738 736 13
f 739 10 14
f 739 14 736
f 736 14 13
f 735 10 739
f 735 739 733
f 733 739 248
f 735 11 10
f 8 7 740
f 740 7 735
f 735 7 11
f 5 8 732
f 732 8 740
f 732 740 731
f 731 740 734
f 1 4 741
f 741 4 732
f 732 4 5
f 730 1 741
f 730 741 253
f 253 741 252
f 730 2 1
f 742 96 2
f 742 2 730
f 97 96 760
f 760 96 742
f 760 742 727
f 727 742 256
f 727 729 760
f 760 729 99
f 760 99 97
f 743 101 99
f 743 99 729
f 103 101 743
f 243 743 728
f 243 726 743
f 743 726 103
f 744 105 104
f 744 104 726
f 726 104 103
f 106 105 759
f 759 105 744
f 759 744 758
f 758 744 725
f 106 759 757
f 106 757 107
f 107 757 108
f 108 757 756
f 108 756 109
f 109 756 755
f 109 755 65
f 65 755 754
f 65 754 67
f 67 754 753
f 67 753 111
f 111 753 752
f 111 752 750
f 111 750 112
f 112 750 113
f 113 750 748
f 113 748 73
f 73 748 747
f 73 747 114
f 114 747 746
f 114 746 115
f 115 746 745
f 115 745 116
f 116 745 694
f 116 694 117
f 117 694 698
f 582 583 761
f 761 583 762
f 761 762 763
f 761 763 764
f 764 763 765
f 765 763 766
f 765 766 767
f 767 766 768
f 767 768 769
f 770 771 772
f 770 772 773
f 774 775 776
f 774 776 777
f 778 777 779
f 778 779 780
f 780 779 781
f 780 781 782
f 782 781 783
f 782 783 784
f 784 783 785
f 784 785 786
f 787 786 788
f 787 788 789
f 789 788 790
f 789 790 791
f 791 790 792
f 791 792 374
f 374 792 333
f 374 333 372
f 372 333 307
f 372 307 371
f 371 307 332
f 371 332 370
f 370 332 331
f 370 331 330
f 370 330 368
f 368 330 367
f 367 330 329
f 367 329 365
f 365 329 328
f 365 328 334
f 334 328 301
f 334 301 300
f 336 326 299
f 336 299 362
f 362 299 327
f 362 327 363
f 363 327 325
f 363 325 359
f 359 325 297
f 359 297 360
f 360 297 295
f 360 295 324
f 355 324 323
f 355 323 356
f 356 323 293
f 356 293 357
f 357 293 321
f 357 321 352
f 352 321 320
f 352 320 353
f 353 320 349
f 349 320 319
f 765 793 764
f 374 373 794
f 795 787 794
f 794 787 789
f 794 789 791
f 794 791 374
f 784 786 787
f 774 777 778
f 770 773 796
f 796 773 775
f 796 775 774
f 797 767 769
f 797 769 798
f 798 769 771
f 798 771 770
f 765 767 797
f 799 582 761
f 793 761 764
f 799 579 581
f 799 581 582
f 800 575 801
f 801 575 577
f 801 577 579
f 573 575 800
f 802 571 570
f 802 567 569
f 802 569 571
f 562 564 565
f 559 560 557
f 556 557 803
f 556 803 553
f 553 803 804
f 553 804 552
f 552 804 551
f 551 804 805
f 551 805 340
f 390 340 805
f 390 805 804
f 557 560 806
f 806 560 562
f 573 800 807
f 807 800 801
f 807 801 579
f 808 579 799
f 808 799 761
f 809 761 793
f 809 793 765
f 810 797 798
f 810 798 811
f 811 798 770
f 811 770 796
f 812 796 774
f 812 774 778
f 813 784 787
f 813 787 795
f 795 794 814
f 814 794 373
f 815 390 804
f 816 806 562
f 816 562 565
f 817 565 567
f 817 567 802
f 818 802 570
f 818 570 573
f 819 807 579
f 819 579 808
f 808 761 809
f 820 804 803
f 820 803 557
f 820 557 806
f 821 816 565
f 821 565 817
f 822 818 573
f 822 573 807
f 809 765 810
f 810 765 797
f 823 811 796
f 823 796 824
f 824 796 812
f 825 812 778
f 825 778 780
f 825 780 782
f 826 782 784
f 826 784 813
f 814 813 795
f 391 814 373
f 399 390 815
f 815 804 820
f 818 817 802
f 822 807 819
f 824 812 825
f 825 782 826
f 826 813 814
f 391 826 814
f 417 399 815
f 417 815 525
f 525 815 526
f 526 815 820
f 526 820 827
f 827 820 806
f 827 806 816
f 827 816 821
f 827 821 531
f 531 821 828
f 828 821 817
f 828 817 818
f 828 818 534
f 534 818 822
f 534 822 829
f 829 822 819
f 829 819 808
f 829 808 809
f 829 809 538
f 538 809 810
f 538 810 811
f 811 823 542
f 542 823 830
f 830 823 824
f 830 824 825
f 830 825 831
f 831 825 826
f 831 826 548
f 548 826 391
f 548 391 549
f 549 391 400
f 333 792 832
f 833 587 834
f 835 836 304
f 837 595 838
f 839 592 595
f 840 590 589
f 587 590 834
f 650 841 842
f 842 648 650
f 646 648 843
f 844 644 845
f 845 644 646
f 846 640 844
f 635 637 847
f 631 633 848
f 848 633 635
f 628 631 849
f 849 850 628
f 245 247 850
f 835 304 306
f 306 333 832
f 836 835 851
f 851 835 832
f 851 832 788
f 852 786 785
f 595 837 839
f 839 779 777
f 840 773 772
f 768 834 769
f 833 853 854
f 842 854 855
f 843 842 580
f 843 580 578
f 856 845 572
f 856 572 571
f 846 568 566
f 635 847 857
f 857 847 563
f 857 563 561
f 631 848 849
f 849 552 273
f 306 832 835
f 851 788 786
f 792 790 832
f 832 790 788
f 851 786 852
f 851 852 836
f 836 852 838
f 837 838 852
f 837 852 785
f 837 785 781
f 781 785 783
f 781 779 839
f 781 839 837
f 776 839 777
f 840 839 776
f 840 776 775
f 775 773 840
f 839 840 589
f 839 589 592
f 590 840 834
f 834 840 772
f 834 772 771
f 771 769 834
f 833 834 853
f 853 834 768
f 853 768 766
f 766 855 854
f 766 854 853
f 766 763 855
f 855 763 762
f 855 762 583
f 858 833 841
f 841 833 854
f 841 854 842
f 842 855 581
f 581 855 583
f 581 580 842
f 648 842 843
f 843 578 576
f 646 843 845
f 845 843 576
f 845 576 574
f 574 572 845
f 844 845 856
f 844 856 846
f 856 571 569
f 569 568 846
f 569 846 856
f 847 640 846
f 847 846 566
f 847 566 564
f 564 563 847
f 847 637 640
f 857 561 559
f 559 859 848
f 559 848 857
f 857 848 635
f 859 559 558
f 859 558 860
f 860 558 555
f 849 848 859
f 849 859 554
f 554 859 860
f 554 860 555
f 554 552 849
f 245 850 849
f 245 849 273
f 409 410 861
f 409 861 862
f 409 862 408
f 408 862 863
f 408 863 864
f 408 864 407
f 407 864 865
f 407 865 866
f 407 866 406
f 401 867 400
f 400 867 868
f 400 868 550
f 400 550 549
f 866 869 406
f 406 869 870
f 406 870 405
f 405 871 404
f 404 871 872
f 404 872 873
f 404 873 403
f 403 873 874
f 403 874 875
f 403 875 402
f 548 547 831
f 831 547 546
f 831 546 545
f 831 545 830
f 830 545 544
f 830 544 543
f 830 543 542
f 811 542 541
f 415 876 877
f 415 877 414
f 412 878 411
f 411 878 879
f 411 879 880
f 411 880 410
f 525 524 417
f 417 524 523
f 417 523 881
f 417 881 416
f 416 881 882
f 416 882 883
f 416 883 415
f 415 883 876
f 534 533 828
f 828 533 532
f 828 532 531
f 827 531 530
f 827 530 529
f 827 529 528
f 827 528 527
f 827 527 526
f 541 540 811
f 811 540 539
f 811 539 538
f 829 538 537
f 829 537 536
f 829 536 535
f 829 535 534
f 613 836 602
f 602 836 838
f 602 838 597
f 654 841 652
f 652 841 650
f 597 838 594
f 733 248 250
f 733 250 734
f 618 836 613
f 838 595 594
f 734 250 731
f 250 252 731
f 644 844 642
f 642 844 640
f 256 255 727
f 727 255 728
f 264 263 751
f 751 263 749
f 749 263 267
f 584 587 833
f 584 833 585
f 585 833 656
f 656 833 654
f 654 833 858
f 654 858 841
f 255 243 728
f 243 242 725
f 725 242 758
f 628 850 659
f 659 850 658
f 658 850 247
f 758 242 257
f 270 304 718
f 718 304 615
f 615 304 618
f 618 304 836
f 123 122 521
f 521 122 884
f 884 122 126
f 884 126 885
f 885 126 127
f 885 127 886
f 886 127 129
f 886 129 887
f 887 129 888
f 888 129 131
f 888 131 889
f 131 134 889
f 889 134 133
f 889 133 890
f 890 133 136
f 890 136 891
f 891 136 138
f 891 138 892
f 892 138 140
f 892 140 893
f 140 143 893
f 893 143 894
f 894 143 142
f 894 142 895
f 895 142 145
f 895 145 896
f 145 144 896
f 896 144 897
f 897 144 186
f 186 185 897
f 897 185 898
f 898 185 188
f 898 188 899
f 188 190 899
f 899 190 148
f 899 148 900
f 148 147 900
f 900 147 901
f 901 147 151
f 901 151 902
f 902 151 219
f 902 219 903
f 219 155 903
f 903 155 904
f 904 155 153
f 904 153 905
f 153 152 905
f 905 152 906
f 152 159 906
f 906 159 907
f 907 159 157
f 907 157 908
f 157 156 908
f 908 156 161
f 908 161 909
f 161 228 909
f 909 228 910
f 228 163 910
f 910 163 911
f 163 162 911
f 911 162 912
f 162 166 912
f 912 166 913
f 165 463 913
f 165 913 166
f 463 550 913
f 913 550 868
f 913 868 912
f 912 868 867
f 912 867 911
f 911 867 401
f 911 401 910
f 910 401 402
f 910 402 909
f 909 402 875
f 909 875 908
f 908 875 874
f 908 874 907
f 907 874 873
f 907 873 906
f 906 873 872
f 906 872 905
f 905 872 871
f 905 871 904
f 904 871 405
f 904 405 903
f 903 405 870
f 903 870 902
f 902 870 869
f 902 869 901
f 901 869 866
f 901 866 900
f 900 866 865
f 900 865 899
f 899 865 864
f 899 864 898
f 898 864 863
f 898 863 897
f 897 863 862
f 897 862 896
f 896 862 861
f 896 861 895
f 895 861 410
f 895 410 894
f 894 410 880
f 894 880 893
f 893 880 879
f 893 879 892
f 892 879 878
f 892 878 891
f 891 878 412
f 891 412 890
f 890 412 413
f 890 413 889
f 889 413 414
f 889 414 888
f 888 414 877
f 888 877 887
f 887 877 876
f 887 876 886
f 886 876 883
f 886 883 885
f 885 883 882
f 885 882 884
f 884 882 881
f 884 881 521
f 521 881 523
f 914 915 916
f 917 918 919
f 469 468 427
f 466 464 920
f 462 165 204
f 921 464 462
f 466 920 468
f 469 922 471
f 923 473 471
f 477 475 924
f 924 475 473
f 479 477 925
f 926 480 479
f 927 486 484
f 928 488 486
f 490 488 928
f 494 492 929
f 496 494 929
f 500 498 930
f 504 502 931
f 506 504 932
f 508 506 933
f 510 508 934
f 512 510 935
f 514 512 936
f 516 514 937
f 517 516 938
f 522 519 939
f 522 940 123
f 462 204 941
f 941 204 238
f 941 238 942
f 462 941 921
f 921 941 942
f 921 942 943
f 920 422 424
f 471 922 944
f 944 922 945
f 944 945 946
f 473 923 924
f 924 923 947
f 924 947 436
f 479 925 948
f 948 925 439
f 948 439 442
f 482 949 950
f 950 949 951
f 950 951 952
f 927 451 452
f 486 927 928
f 928 927 452
f 928 452 454
f 490 928 953
f 953 928 456
f 953 456 459
f 490 953 492
f 492 953 459
f 492 459 954
f 929 492 954
f 930 919 955
f 931 956 957
f 508 933 934
f 934 933 916
f 934 916 958
f 512 935 936
f 936 935 959
f 936 959 960
f 516 937 938
f 938 937 961
f 938 961 962
f 522 939 940
f 940 939 963
f 940 963 964
f 942 238 418
f 942 418 943
f 943 418 420
f 943 420 422
f 943 422 921
f 921 422 920
f 921 920 464
f 468 920 427
f 427 920 424
f 427 945 922
f 427 922 469
f 432 944 946
f 432 946 431
f 427 428 945
f 945 428 946
f 946 428 431
f 432 947 923
f 432 923 944
f 944 923 471
f 477 924 925
f 925 924 436
f 925 436 439
f 432 434 947
f 947 434 436
f 439 440 442
f 479 948 926
f 926 948 442
f 926 442 965
f 965 442 444
f 444 951 965
f 965 951 949
f 965 949 926
f 926 949 482
f 926 482 480
f 951 444 446
f 951 446 952
f 952 446 448
f 448 451 952
f 952 451 950
f 950 451 927
f 950 927 484
f 950 484 482
f 454 456 928
f 954 459 460
f 954 460 966
f 929 954 967
f 967 954 966
f 967 966 917
f 496 929 968
f 968 929 967
f 968 967 919
f 919 967 917
f 919 930 968
f 968 930 498
f 968 498 496
f 500 930 969
f 969 930 955
f 969 955 956
f 956 955 970
f 918 971 919
f 919 971 955
f 956 931 969
f 969 931 502
f 969 502 500
f 504 931 932
f 932 931 957
f 932 957 914
f 970 972 956
f 956 972 973
f 956 973 957
f 957 973 914
f 506 932 933
f 933 932 914
f 933 914 916
f 510 934 935
f 935 934 958
f 935 958 959
f 959 958 974
f 514 936 937
f 937 936 960
f 937 960 961
f 961 960 975
f 974 976 959
f 959 976 960
f 962 961 977
f 962 977 978
f 517 938 979
f 979 938 962
f 979 962 978
f 978 963 939
f 978 939 979
f 979 939 519
f 979 519 517
f 963 978 980
f 963 980 964
f 964 980 981
f 964 981 168
f 123 940 124
f 124 940 964
f 124 964 168
f 663 665 982
f 660 663 983
f 661 660 984
f 612 606 985
f 986 987 988
f 450 449 989
f 426 425 990
f 990 425 423
f 991 445 443
f 989 447 445
f 447 989 449
f 992 975 986
f 975 992 993
f 121 621 419
f 121 419 19
f 458 457 994
f 994 457 673
f 461 458 994
f 994 673 674
f 995 461 994
f 995 994 674
f 995 674 675
f 996 997 998
f 998 997 676
f 999 1000 998
f 999 998 1001
f 1002 1003 1001
f 1002 1001 1004
f 1005 1006 1007
f 1008 1009 1010
f 1010 1009 1011
f 1012 1008 1013
f 1012 1013 1014
f 1014 1013 1015
f 986 988 1016
f 1016 988 1017
f 1016 1017 1018
f 1018 1017 1019
f 993 992 1020
f 1021 1022 1023
f 981 1024 54
f 54 1024 1025
f 1025 1024 1026
f 421 419 621
f 423 421 621
f 423 621 612
f 990 423 985
f 985 423 612
f 426 990 985
f 426 985 1027
f 1027 985 606
f 429 426 1027
f 1027 606 605
f 430 429 1027
f 430 1027 984
f 984 1027 605
f 984 605 661
f 433 430 984
f 435 433 984
f 435 984 660
f 437 435 983
f 983 435 660
f 438 437 983
f 441 438 443
f 443 438 982
f 982 438 983
f 982 983 663
f 443 982 1028
f 1028 982 665
f 991 443 1028
f 991 1028 1029
f 1029 1028 666
f 666 1028 665
f 445 991 989
f 989 991 1029
f 1029 666 667
f 989 1029 1030
f 1030 1029 667
f 1030 667 669
f 450 989 1030
f 450 1030 1031
f 1031 1030 669
f 1031 669 670
f 453 450 1031
f 453 1031 671
f 671 1031 670
f 455 453 671
f 455 671 672
f 672 457 455
f 672 673 457
f 675 676 997
f 675 997 995
f 676 677 998
f 998 1000 996
f 677 678 998
f 998 678 1001
f 1001 678 679
f 1001 1003 999
f 1001 679 680
f 1001 680 1004
f 680 1007 1004
f 1004 1007 1006
f 1004 1006 1002
f 680 681 1007
f 1007 681 682
f 682 1011 1007
f 1007 1011 1009
f 1007 1009 1005
f 1011 682 1010
f 1010 682 683
f 683 1013 1010
f 1010 1013 1008
f 683 684 1013
f 1013 684 1015
f 1015 684 685
f 685 1019 1015
f 1015 1019 1017
f 1015 1017 1014
f 1014 1017 988
f 1014 988 1012
f 1012 988 987
f 1012 987 1032
f 685 686 1019
f 1019 686 687
f 687 1020 1019
f 1019 1020 1018
f 1018 1020 992
f 1018 992 1016
f 1016 992 986
f 687 688 1020
f 1020 688 993
f 993 688 689
f 689 1023 993
f 993 1023 1022
f 689 690 1023
f 1023 690 691
f 691 1026 1023
f 1023 1026 1024
f 1023 1024 1021
f 691 692 1026
f 1026 692 693
f 1026 693 1025
f 54 1025 52
f 52 1025 693
f 52 693 83
f 58 189 59
f 59 189 216
f 59 216 55
f 55 216 187
f 55 187 56
f 56 187 215
f 56 215 102
f 102 215 214
f 102 214 28
f 28 214 181
f 28 181 29
f 29 181 180
f 29 180 39
f 40 39 213
f 40 213 93
f 93 213 212
f 93 212 92
f 92 212 211
f 92 211 91
f 91 211 177
f 91 177 176
f 91 176 90
f 90 176 38
f 38 176 210
f 38 210 37
f 37 210 209
f 37 209 31
f 31 209 174
f 31 174 173
f 31 173 32
f 32 173 34
f 35 34 208
f 35 208 85
f 85 208 171
f 85 171 84
f 84 171 207
f 84 207 53
f 53 207 206
f 53 206 54
f 54 206 168
f 54 168 981
f 1024 981 980
f 1024 980 1021
f 1021 980 978
f 1021 978 1022
f 1022 978 977
f 1022 977 961
f 1022 961 993
f 993 961 975
f 986 975 960
f 986 960 987
f 987 960 976
f 987 976 1032
f 1032 976 974
f 1032 974 1012
f 1012 974 958
f 1012 958 1008
f 1008 958 916
f 1008 916 1009
f 1009 916 915
f 1009 915 1005
f 1005 915 914
f 1005 914 1006
f 1006 914 973
f 1006 973 1002
f 1002 973 972
f 1002 972 1003
f 1003 972 970
f 1003 970 999
f 999 970 955
f 999 955 1000
f 1000 955 971
f 1000 971 996
f 996 971 918
f 996 918 997
f 997 918 917
f 997 917 966
f 997 966 995
f 995 966 461
f 461 966 460
f 597 607 603
f 614 724 723
f 720 721 620
f 721 623 620
f 716 715 719
f 707 710 709
f 701 700 699
f 696 695 697
f 1033 1034 1035
f 1033 1036 1034
f 1033 1037 1036
f 1037 1033 1035
f 1036 1037 1038
f 1039 1033 1036
f 1039 1036 1033
f 1039 1033 1040
f 1035 1041 1037
f 1037 1041 1042
f 1037 1042 1038
f 1038 1043 1036
f 1036 1043 1044
f 1036 1044 1034
f 1045 1034 1046
f 1046 1034 1044
f 1046 1044 1047
f 1047 1044 1043
f 1047 1043 1048
f 1048 1043 1038
f 1048 1038 1049
f 1042 1049 1038
f 1042 1050 1049
f 1041 1050 1042
f 1041 1035 1051
f 1045 1051 1035
f 1034 1045 1035
f 1052 1045 1053
f 1046 1053 1045
f 1053 1046 1054
f 1054 1046 1047
f 1047 1055 1054
f 1055 1047 1048
f 1055 1048 1056
f 1048 1049 1056
f 1056 1049 1057
f 1057 1050 1058
f 1058 1050 1051
f 1051 1052 1058
f 1051 1045 1052
f 1052 1057 1058
f 1056 1057 1055
f 1055 1057 1054
f 1054 1057 1053
f 1053 1057 1052
f 1051 1050 1041
f 1049 1050 1057
f 1040 1033 1039
f 1059 1060 1061
f 1062 1063 1064
f 1063 1065 1066
f 1066 1065 1067
f 1066 1067 1068
f 1069 1070 1071
f 1071 1070 1072
f 1071 1072 1073
f 1060 1071 1074
f 1060 1074 1063
f 1063 1074 1064
f 1071 1075 1069
f 1075 1071 1076
f 1077 1078 1076
f 1076 1078 1079
f 1076 1079 1080
f 1080 1081 1076
f 1076 1081 1082
f 1059 1083 1084
f 1059 1084 1085
f 1085 1086 1059
f 1059 1086 1077
f 1059 1077 1076
f 1087 1088 1059
f 1089 1090 1083
f 1091 1092 1061
f 1061 1092 1087
f 1088 1093 1059
f 1093 1094 1059
f 1059 1094 1089
f 1059 1089 1083
f 1095 1096 1097
f 1095 1097 1061
f 1061 1097 1091
f 1090 1098 1083
f 1083 1098 1099
f 1099 1098 1100
f 1100 1098 1095
f 1095 1098 1096
f 1101 1102 1061
f 1102 1103 1061
f 1061 1103 1104
f 1061 1104 1105
f 1106 1107 1108
f 1108 1107 1109
f 1108 1109 1110
f 1101 1107 1111
f 1095 1112 1113
f 1114 1110 1109
f 1095 1113 1115
f 1115 1113 1116
f 1116 1113 1117
f 1117 1113 1114
f 1117 1114 1109
f 1107 1106 1111
f 1061 1105 1095
f 1095 1105 1112
f 1107 1118 1119
f 1120 1121 1107
f 1107 1121 1122
f 1107 1122 1123
f 1123 1124 1107
f 1107 1124 1109
f 1119 1125 1107
f 1107 1125 1126
f 1107 1126 1120
f 1127 1128 1129
f 1127 1129 1130
f 1131 1107 1130
f 1132 1133 1127
f 1127 1133 1128
f 1107 1131 1134
f 1135 1136 1118
f 1118 1136 1137
f 1107 1134 1135
f 1107 1135 1118
f 1137 1136 1138
f 1138 1136 1139
f 1138 1139 1140
f 1140 1139 1132
f 1132 1139 1133
f 1141 1142 1127
f 1142 1143 1127
f 1127 1143 1132
f 1144 1145 1127
f 1127 1145 1141
f 1146 1147 1144
f 1068 1148 1066
f 1149 1150 1066
f 1066 1150 1151
f 1066 1151 1146
f 1146 1151 1152
f 1153 1154 1059
f 1155 1156 1076
f 1157 1060 1154
f 1059 1154 1060
f 1060 1157 1158
f 1060 1158 1071
f 1071 1158 1159
f 1059 1160 1153
f 1076 1156 1059
f 1059 1156 1160
f 1159 1161 1071
f 1071 1161 1076
f 1076 1161 1155
f 1162 1060 1163
f 1063 1164 1165
f 1066 1166 1063
f 1063 1166 1164
f 1063 1165 1167
f 1063 1167 1060
f 1060 1167 1163
f 1168 1169 1061
f 1061 1169 1066
f 1066 1169 1170
f 1066 1170 1166
f 1060 1162 1171
f 1060 1171 1061
f 1171 1168 1061
f 1127 1130 1107
f 1127 1107 1061
f 1061 1107 1101
f 1172 1127 1173
f 1066 1174 1175
f 1127 1172 1146
f 1127 1146 1144
f 1066 1175 1061
f 1061 1175 1176
f 1176 1177 1061
f 1061 1177 1178
f 1178 1173 1127
f 1146 1172 1179
f 1087 1059 1061
f 1127 1061 1178
f 1146 1179 1180
f 1146 1180 1066
f 1066 1180 1174
f 1181 1182 1183
f 1184 1185 1186
f 1187 1186 1188
f 1189 1190 1191
f 1192 1193 1194
f 1195 1196 1197
f 1198 1199 1200
f 1201 1202 1203
f 1204 1205 1206
f 1207 1208 1209
f 1210 1211 1209
f 1212 1213 1214
f 1215 1216 1217
f 1218 1219 1220
f 1221 1222 1220
f 1223 1224 1225
f 1226 1227 1228
f 1229 1230 1228
f 1231 1232 1233
f 1234 1235 1236
f 1237 1238 1239
f 1240 1241 1242
f 1243 1244 1245
f 1245 1244 1246
f 1245 1246 1247
f 1246 1248 1247
f 1247 1248 1249
f 1247 1249 1250
f 1249 1251 1250
f 1250 1251 1252
f 1250 1252 1253
f 1253 1252 1254
f 1254 1255 1253
f 1253 1255 1256
f 1253 1256 1257
f 1257 1256 1258
f 1257 1258 1259
f 1260 1261 1262
f 1262 1261 1263
f 1262 1263 1264
f 1241 1265 1242
f 1242 1265 1237
f 1234 1236 1238
f 1235 1266 1267
f 1267 1266 1231
f 1232 1268 1269
f 1232 1269 1270
f 1270 1271 1272
f 1272 1271 1229
f 1226 1228 1230
f 1227 1273 1274
f 1274 1273 1275
f 1223 1225 1276
f 1224 1277 1278
f 1277 1279 1280
f 1280 1279 1281
f 1281 1282 1280
f 1280 1282 1283
f 1283 1284 1285
f 1285 1284 1221
f 1218 1220 1222
f 1219 1215 1286
f 1216 1287 1217
f 1217 1287 1288
f 1217 1288 1289
f 1288 1290 1289
f 1290 1291 1289
f 1289 1291 1292
f 1289 1292 1293
f 1293 1292 1294
f 1293 1294 1295
f 1294 1296 1295
f 1295 1296 1297
f 1296 1298 1297
f 1297 1298 1299
f 1297 1299 1300
f 1300 1299 1301
f 1300 1301 1302
f 1301 1303 1302
f 1302 1303 1304
f 1302 1304 1305
f 1304 1306 1305
f 1305 1306 1307
f 1305 1307 1308
f 1305 1308 1309
f 1309 1308 1310
f 1310 1311 1309
f 1309 1311 1312
f 1309 1312 1313
f 1313 1312 1314
f 1315 1316 1317
f 1317 1316 1314
f 1317 1314 1318
f 1318 1314 1312
f 1212 1214 1315
f 1213 1319 1320
f 1320 1319 1210
f 1207 1209 1211
f 1208 1204 1321
f 1205 1322 1323
f 1323 1322 1324
f 1323 1324 1325
f 1325 1326 1327
f 1327 1326 1201
f 1198 1200 1202
f 1199 1328 1329
f 1329 1328 1195
f 1192 1194 1196
f 1193 1330 1331
f 1330 1332 1331
f 1331 1332 1333
f 1333 1334 1335
f 1335 1334 1189
f 1185 1336 1337
f 1337 1336 1338
f 1181 1183 1339
f 1182 1340 1341
f 1341 1340 1342
f 1342 1343 1344
f 1344 1345 1346
f 1346 1345 1347
f 1347 1348 1349
f 1349 1348 1350
f 1349 1350 1351
f 1351 1350 1352
f 1352 1353 1351
f 1351 1353 1354
f 1351 1354 1355
f 1354 1356 1355
f 1355 1356 1357
f 1355 1357 1358
f 1358 1357 1359
f 1359 1360 1361
f 1361 1362 1243
f 1243 1362 1363
f 1243 1363 1244
f 1289 1293 1364
f 1289 1364 1217
f 1313 1314 1365
f 1313 1365 1309
f 1305 1309 1366
f 1305 1366 1302
f 1302 1366 1367
f 1302 1367 1300
f 1300 1367 1368
f 1300 1368 1297
f 1297 1368 1369
f 1297 1369 1295
f 1293 1295 1370
f 1293 1370 1364
f 1217 1364 1371
f 1257 1372 1253
f 1253 1372 1373
f 1253 1373 1250
f 1250 1373 1374
f 1250 1374 1247
f 1247 1374 1375
f 1247 1375 1245
f 1361 1243 1376
f 1361 1376 1359
f 1359 1376 1358
f 1355 1358 1377
f 1355 1377 1351
f 1351 1377 1378
f 1351 1378 1349
f 1349 1378 1379
f 1316 1380 1314
f 1314 1380 1365
f 1309 1365 1381
f 1309 1381 1366
f 1368 1367 1382
f 1368 1382 1369
f 1295 1369 1383
f 1295 1383 1370
f 1364 1370 1384
f 1364 1384 1371
f 1245 1375 1385
f 1245 1385 1243
f 1243 1385 1386
f 1243 1386 1376
f 1376 1386 1387
f 1376 1387 1358
f 1358 1387 1377
f 1365 1380 1388
f 1365 1388 1381
f 1366 1381 1389
f 1366 1389 1367
f 1367 1389 1390
f 1367 1390 1382
f 1369 1382 1391
f 1369 1391 1383
f 1370 1383 1392
f 1370 1392 1384
f 1372 1393 1373
f 1373 1393 1394
f 1373 1394 1395
f 1373 1395 1374
f 1377 1387 1396
f 1377 1396 1378
f 1378 1396 1397
f 1378 1397 1398
f 1378 1398 1379
f 1380 1399 1388
f 1381 1388 1400
f 1381 1400 1389
f 1382 1390 1391
f 1374 1395 1375
f 1375 1395 1385
f 1386 1385 1401
f 1386 1401 1387
f 1387 1401 1402
f 1387 1402 1396
f 1399 1403 1404
f 1399 1404 1388
f 1388 1404 1405
f 1388 1405 1400
f 1389 1400 1406
f 1389 1406 1390
f 1390 1406 1391
f 1391 1406 1407
f 1391 1407 1383
f 1383 1407 1392
f 1392 1408 1384
f 1384 1408 1409
f 1395 1394 1410
f 1395 1410 1385
f 1385 1410 1411
f 1385 1411 1401
f 1401 1411 1412
f 1401 1412 1402
f 1398 1397 1413
f 1400 1405 1414
f 1400 1414 1406
f 1406 1414 1415
f 1406 1415 1407
f 1392 1407 1408
f 1393 1416 1394
f 1394 1416 1410
f 1402 1412 1417
f 1402 1417 1396
f 1396 1417 1397
f 1397 1417 1413
f 1413 1417 1418
f 1259 1260 1257
f 1257 1260 1372
f 1372 1260 1419
f 1372 1419 1393
f 1393 1419 1420
f 1393 1420 1416
f 1260 1262 1419
f 1420 1421 1422
f 1420 1422 1416
f 1416 1422 1423
f 1262 1264 1424
f 1262 1424 1419
f 1419 1424 1421
f 1419 1421 1420
f 1264 1425 1424
f 1424 1426 1421
f 1421 1426 1427
f 1421 1427 1422
f 1422 1427 1423
f 1425 1240 1428
f 1425 1428 1424
f 1424 1428 1426
f 1240 1242 1429
f 1240 1429 1428
f 1429 1430 1428
f 1428 1430 1426
f 1426 1430 1427
f 1237 1239 1242
f 1242 1239 1431
f 1242 1431 1429
f 1429 1431 1430
f 1238 1236 1239
f 1239 1236 1432
f 1239 1432 1431
f 1431 1432 1433
f 1431 1433 1430
f 1430 1433 1427
f 1235 1267 1236
f 1236 1267 1434
f 1236 1434 1432
f 1432 1434 1435
f 1432 1435 1433
f 1231 1233 1267
f 1267 1233 1434
f 1434 1233 1436
f 1434 1436 1435
f 1233 1232 1437
f 1233 1437 1436
f 1436 1438 1435
f 1435 1438 1433
f 1433 1438 1439
f 1270 1440 1232
f 1232 1440 1437
f 1437 1440 1441
f 1437 1441 1436
f 1436 1441 1438
f 1270 1272 1440
f 1440 1272 1442
f 1440 1442 1441
f 1441 1442 1443
f 1441 1443 1438
f 1438 1443 1439
f 1229 1228 1272
f 1272 1228 1444
f 1272 1444 1442
f 1442 1444 1445
f 1442 1445 1443
f 1443 1445 1446
f 1443 1446 1439
f 1439 1446 1447
f 1447 1448 1439
f 1444 1449 1445
f 1445 1449 1446
f 1446 1450 1447
f 1447 1450 1448
f 1227 1274 1228
f 1228 1274 1444
f 1444 1274 1449
f 1449 1451 1446
f 1446 1451 1450
f 1450 1452 1448
f 1275 1276 1274
f 1274 1276 1453
f 1274 1453 1449
f 1449 1453 1451
f 1276 1225 1453
f 1453 1454 1451
f 1451 1454 1452
f 1451 1452 1450
f 1224 1278 1225
f 1225 1278 1455
f 1225 1455 1453
f 1453 1455 1456
f 1453 1456 1454
f 1454 1456 1457
f 1454 1457 1452
f 1277 1280 1278
f 1278 1280 1458
f 1278 1458 1455
f 1455 1458 1459
f 1455 1459 1456
f 1458 1460 1459
f 1459 1460 1461
f 1459 1461 1456
f 1456 1461 1457
f 1283 1285 1280
f 1280 1285 1462
f 1280 1462 1458
f 1458 1462 1460
f 1461 1463 1457
f 1457 1463 1464
f 1462 1465 1460
f 1460 1465 1461
f 1221 1220 1285
f 1285 1220 1466
f 1285 1466 1462
f 1462 1466 1465
f 1465 1466 1467
f 1465 1467 1461
f 1461 1467 1463
f 1220 1468 1466
f 1466 1468 1469
f 1466 1469 1467
f 1467 1469 1470
f 1467 1470 1471
f 1467 1471 1463
f 1463 1471 1472
f 1463 1472 1464
f 1219 1286 1220
f 1220 1286 1473
f 1220 1473 1468
f 1468 1473 1469
f 1471 1470 1472
f 1215 1217 1286
f 1286 1217 1371
f 1286 1371 1473
f 1473 1371 1409
f 1473 1409 1469
f 1469 1409 1470
f 1371 1384 1409
f 1470 1409 1408
f 1470 1408 1472
f 1405 1404 1414
f 1414 1404 1415
f 1415 1408 1407
f 1315 1214 1316
f 1316 1214 1474
f 1316 1474 1380
f 1380 1474 1475
f 1380 1475 1399
f 1399 1475 1403
f 1213 1320 1214
f 1214 1320 1474
f 1210 1209 1320
f 1320 1209 1476
f 1320 1476 1474
f 1474 1476 1477
f 1474 1477 1475
f 1475 1477 1478
f 1475 1478 1403
f 1403 1478 1479
f 1209 1480 1476
f 1476 1480 1477
f 1478 1477 1481
f 1478 1481 1479
f 1208 1321 1209
f 1209 1321 1480
f 1480 1321 1482
f 1480 1482 1483
f 1480 1483 1477
f 1477 1483 1481
f 1481 1484 1479
f 1204 1206 1321
f 1321 1206 1482
f 1482 1485 1483
f 1483 1485 1484
f 1483 1484 1481
f 1205 1323 1206
f 1206 1323 1486
f 1206 1486 1487
f 1206 1487 1482
f 1482 1487 1485
f 1485 1487 1488
f 1485 1488 1484
f 1484 1488 1489
f 1484 1489 1479
f 1325 1327 1323
f 1323 1327 1486
f 1486 1490 1487
f 1487 1490 1488
f 1488 1490 1489
f 1489 1491 1479
f 1327 1492 1486
f 1486 1492 1490
f 1490 1492 1493
f 1490 1493 1489
f 1489 1493 1491
f 1201 1203 1327
f 1327 1203 1492
f 1492 1203 1494
f 1492 1494 1495
f 1492 1495 1493
f 1496 1497 1491
f 1202 1200 1203
f 1203 1200 1494
f 1495 1498 1493
f 1493 1498 1496
f 1493 1496 1491
f 1199 1329 1200
f 1200 1329 1499
f 1200 1499 1494
f 1494 1499 1495
f 1495 1499 1498
f 1195 1197 1329
f 1329 1197 1500
f 1329 1500 1499
f 1499 1500 1501
f 1499 1501 1498
f 1498 1501 1496
f 1196 1194 1197
f 1197 1194 1502
f 1197 1502 1500
f 1500 1502 1501
f 1501 1503 1496
f 1496 1503 1497
f 1193 1331 1194
f 1194 1331 1504
f 1194 1504 1502
f 1502 1504 1505
f 1502 1505 1501
f 1501 1505 1503
f 1505 1506 1503
f 1503 1506 1507
f 1503 1507 1497
f 1333 1335 1331
f 1331 1335 1508
f 1331 1508 1504
f 1504 1508 1509
f 1504 1509 1505
f 1505 1509 1506
f 1189 1191 1335
f 1335 1191 1510
f 1335 1510 1508
f 1508 1510 1509
f 1509 1511 1506
f 1506 1511 1507
f 1190 1512 1191
f 1191 1512 1510
f 1510 1512 1513
f 1510 1513 1509
f 1509 1513 1511
f 1511 1514 1507
f 1187 1188 1512
f 1512 1188 1513
f 1513 1188 1515
f 1513 1515 1511
f 1511 1515 1514
f 1188 1186 1516
f 1188 1516 1515
f 1185 1337 1186
f 1186 1337 1516
f 1516 1517 1515
f 1515 1517 1514
f 1338 1339 1337
f 1337 1339 1516
f 1516 1339 1518
f 1516 1518 1517
f 1517 1518 1519
f 1517 1519 1520
f 1517 1520 1514
f 1514 1520 1521
f 1339 1183 1518
f 1518 1522 1519
f 1182 1341 1183
f 1183 1341 1523
f 1183 1523 1518
f 1518 1523 1524
f 1518 1524 1522
f 1522 1524 1525
f 1522 1525 1519
f 1519 1525 1526
f 1519 1526 1520
f 1520 1526 1521
f 1342 1344 1341
f 1341 1344 1523
f 1523 1344 1527
f 1523 1527 1524
f 1525 1524 1528
f 1525 1528 1526
f 1344 1346 1529
f 1344 1529 1527
f 1524 1527 1528
f 1528 1418 1526
f 1526 1418 1530
f 1526 1530 1521
f 1529 1531 1527
f 1527 1531 1528
f 1528 1531 1418
f 1347 1349 1346
f 1346 1349 1379
f 1346 1379 1529
f 1529 1379 1531
f 1531 1379 1398
f 1531 1398 1413
f 1531 1413 1418
f 1416 1423 1410
f 1417 1412 1530
f 1417 1530 1418
f 1532 1533 1534
f 1535 1536 1537
f 1537 1536 1411
f 1538 1535 1537
f 1535 1538 1539
f 1539 1538 1540
f 1541 1542 1543
f 1543 1542 1540
f 1540 1538 1543
f 1543 1538 1544
f 1545 1546 1547
f 1546 1548 1547
f 1547 1548 1549
f 1547 1549 1543
f 1543 1549 1550
f 1543 1550 1541
f 1551 1552 1553
f 1553 1552 1554
f 1554 1552 1555
f 1556 1555 1557
f 1554 1555 1556
f 1557 1555 1558
f 1557 1558 1415
f 1557 1415 1559
f 1559 1415 1560
f 1561 1562 1563
f 1563 1560 1564
f 1564 1560 1415
f 1563 1564 1561
f 1562 1561 1565
f 1562 1565 1566
f 1566 1565 1533
f 1565 1567 1533
f 1533 1567 1534
f 1568 1569 1570
f 1568 1571 1569
f 1569 1571 1572
f 1569 1572 1534
f 1534 1572 1573
f 1534 1573 1574
f 1575 1576 1577
f 1576 1578 1577
f 1577 1578 1579
f 1580 1581 1576
f 1580 1576 1582
f 1582 1576 1583
f 1583 1576 1575
f 1579 1578 1411
f 1579 1411 1536
f 1584 1581 1530
f 1411 1578 1412
f 1584 1530 1412
f 1584 1412 1578
f 1530 1581 1580
f 1514 1521 1580
f 1580 1521 1530
f 1507 1514 1569
f 1569 1514 1580
f 1534 1585 1586
f 1534 1586 1587
f 1534 1587 1569
f 1587 1588 1569
f 1507 1589 1497
f 1497 1589 1585
f 1497 1585 1491
f 1588 1589 1569
f 1569 1589 1507
f 1534 1479 1491
f 1491 1585 1534
f 1534 1404 1403
f 1534 1403 1479
f 1534 1567 1590
f 1534 1590 1404
f 1404 1590 1564
f 1404 1564 1415
f 1551 1591 1552
f 1592 1591 1408
f 1408 1591 1551
f 1415 1558 1592
f 1415 1592 1408
f 1551 1472 1408
f 1457 1464 1551
f 1551 1464 1472
f 1452 1457 1547
f 1547 1457 1551
f 1452 1547 1593
f 1543 1594 1547
f 1547 1594 1593
f 1452 1593 1595
f 1452 1595 1448
f 1448 1595 1439
f 1439 1595 1596
f 1439 1596 1543
f 1543 1596 1594
f 1543 1433 1439
f 1543 1427 1433
f 1423 1427 1543
f 1543 1410 1423
f 1543 1544 1597
f 1543 1597 1410
f 1410 1597 1411
f 1411 1597 1537
f 1547 1551 1545
f 1580 1570 1569
f 1532 1534 1574
f 1582 1583 1598
f 1582 1598 1580
f 1598 1599 1580
f 1580 1599 1570
f 1570 1599 1600
f 1570 1600 1568
f 1571 1601 1572
f 1572 1601 1573
f 1574 1573 1601
f 1532 1602 1533
f 1533 1602 1566
f 1559 1560 1603
f 1559 1603 1557
f 1553 1604 1551
f 1551 1604 1545
f 1549 1548 1605
f 1549 1605 1550
f 1535 1606 1536
f 1606 1607 1536
f 1606 1535 1608
f 1608 1535 1539
f 1608 1539 1540
f 1542 1541 1550
f 1609 1548 1546
f 1546 1545 1609
f 1609 1545 1604
f 1610 1604 1553
f 1610 1553 1554
f 1610 1554 1611
f 1611 1554 1556
f 1611 1556 1557
f 1612 1562 1566
f 1602 1532 1601
f 1532 1574 1601
f 1613 1571 1568
f 1613 1568 1600
f 1614 1583 1575
f 1575 1577 1614
f 1614 1577 1607
f 1577 1579 1607
f 1607 1579 1536
f 1548 1609 1605
f 1562 1612 1563
f 1550 1605 1542
f 1583 1614 1598
f 1566 1602 1612
f 1599 1598 1600
f 1600 1598 1613
f 1571 1613 1601
f 1563 1612 1615
f 1563 1615 1560
f 1560 1615 1603
f 1557 1603 1611
f 1604 1610 1609
f 1540 1542 1608
f 1605 1609 1542
f 1613 1598 1601
f 1602 1601 1612
f 1615 1612 1603
f 1611 1603 1610
f 1610 1603 1609
f 1607 1606 1614
f 1614 1606 1609
f 1609 1598 1614
f 1609 1601 1598
f 1612 1601 1609
f 1609 1603 1612
f 1609 1608 1542
f 1609 1606 1608
f 1148 1068 1616
f 1067 1617 1068
f 1068 1617 1616
f 1065 1063 1618
f 1065 1618 1619
f 1065 1619 1067
f 1067 1619 1617
f 1062 1620 1063
f 1063 1620 1618
f 1064 1620 1062
f 1074 1621 1064
f 1064 1621 1620
f 1073 1622 1623
f 1073 1623 1071
f 1071 1623 1624
f 1071 1624 1074
f 1074 1624 1621
f 1622 1073 1072
f 1622 1072 1625
f 1625 1072 1070
f 1069 1626 1070
f 1070 1626 1625
f 1075 1627 1069
f 1075 1076 1627
f 1082 1628 1076
f 1628 1082 1629
f 1629 1082 1081
f 1629 1081 1080
f 1629 1080 1630
f 1079 1630 1080
f 1630 1079 1631
f 1631 1079 1078
f 1631 1078 1077
f 1631 1077 1632
f 1632 1077 1086
f 1085 1633 1086
f 1085 1084 1634
f 1634 1084 1083
f 1634 1083 1635
f 1635 1083 1099
f 1100 1636 1099
f 1636 1100 1637
f 1637 1100 1095
f 1637 1095 1115
f 1637 1115 1638
f 1116 1638 1115
f 1117 1639 1116
f 1116 1639 1638
f 1639 1117 1640
f 1640 1117 1109
f 1640 1109 1124
f 1124 1123 1641
f 1122 1642 1123
f 1123 1642 1641
f 1642 1122 1643
f 1643 1122 1121
f 1120 1644 1121
f 1121 1644 1643
f 1644 1120 1126
f 1645 1119 1118
f 1645 1118 1646
f 1646 1118 1137
f 1137 1138 1647
f 1140 1647 1138
f 1143 1648 1649
f 1143 1649 1132
f 1132 1649 1140
f 1140 1649 1647
f 1648 1143 1142
f 1650 1142 1141
f 1145 1651 1141
f 1141 1651 1650
f 1145 1652 1651
f 1652 1145 1144
f 1652 1144 1653
f 1653 1144 1147
f 1653 1147 1654
f 1146 1655 1147
f 1147 1655 1654
f 1152 1656 1655
f 1152 1655 1146
f 1150 1657 1151
f 1151 1657 1656
f 1151 1656 1152
f 1657 1150 1658
f 1658 1150 1149
f 1066 1148 858
f 1066 858 1149
f 1149 858 1658
f 1659 1660 1661
f 1656 1657 1662
f 1650 1651 1663
f 1142 1650 1664
f 1648 1142 1665
f 1647 1649 1666
f 1645 1646 1667
f 1119 1645 1668
f 1125 1119 1668
f 1644 1126 1669
f 1643 1644 1669
f 1642 1643 1670
f 1641 1642 1670
f 1640 1124 1671
f 1639 1640 1672
f 1638 1639 1673
f 1636 1637 1674
f 1635 1099 1675
f 1633 1085 1676
f 1630 1631 1677
f 1628 1629 1678
f 1627 1076 1679
f 1626 1069 1680
f 1625 1626 1680
f 1618 1620 1681
f 1617 1619 1682
f 1616 1617 1682
f 858 1148 1683
f 1620 1621 1684
f 1631 1632 1685
f 1634 1635 1686
f 1637 1638 1687
f 1137 1647 1666
f 1663 1651 1688
f 1688 1651 1652
f 1688 1652 1653
f 1662 1655 1656
f 1657 1658 1689
f 1654 1690 1688
f 1654 1688 1653
f 1667 1691 1692
f 1649 1648 1665
f 1659 1690 1654
f 1126 1125 1668
f 1668 1667 1693
f 1693 1667 1692
f 1666 1649 1665
f 1694 1663 1695
f 1696 1659 1654
f 1669 1126 1668
f 1697 1668 1693
f 1698 1696 1654
f 1698 1654 1662
f 1662 1654 1655
f 1669 1668 1699
f 1699 1668 1700
f 1700 1668 1697
f 1701 1665 1694
f 1702 1698 1662
f 1703 1704 1705
f 1705 1704 1706
f 1707 1706 1708
f 1148 1616 1708
f 1708 1616 1682
f 1707 1682 1709
f 1707 1709 1710
f 1710 1709 1711
f 1682 1619 1709
f 1619 1618 1709
f 1709 1681 1711
f 1712 1681 1713
f 1681 1620 1684
f 1624 1623 1714
f 1715 1716 1717
f 1716 1680 1717
f 1717 1680 1718
f 1718 1680 1719
f 1720 1721 1722
f 1722 1721 1723
f 1719 1724 1720
f 1720 1724 1721
f 1622 1625 1716
f 1716 1625 1680
f 1721 1724 1725
f 1726 1725 1727
f 1680 1069 1724
f 1725 1728 1727
f 1076 1628 1679
f 1679 1678 1728
f 1679 1628 1678
f 1728 1678 1729
f 1629 1630 1678
f 1730 1685 1731
f 1731 1685 1732
f 1632 1086 1685
f 1685 1633 1732
f 1732 1633 1676
f 1733 1676 1734
f 1086 1633 1685
f 1734 1676 1735
f 1735 1686 1736
f 1676 1686 1735
f 1736 1686 1737
f 1737 1738 1739
f 1740 1738 1741
f 1675 1636 1674
f 1674 1687 1741
f 1674 1637 1687
f 1742 1687 1673
f 1742 1673 1743
f 1743 1673 1744
f 1672 1671 1745
f 1745 1671 1746
f 1672 1640 1671
f 1641 1670 1747
f 1747 1670 1748
f 1748 1670 1669
f 1748 1669 1749
f 1749 1669 1699
f 1701 1694 1750
f 1750 1694 1751
f 1752 1753 1754
f 1754 1695 1663
f 1664 1650 1663
f 1755 1756 1757
f 1755 1757 1758
f 1755 1758 583
f 1756 1706 1757
f 1757 1706 1759
f 1757 1759 1758
f 1704 1760 1706
f 1706 1760 1759
f 1706 1756 1683
f 1683 1708 1706
f 1706 1707 1705
f 1705 1707 1703
f 858 1683 1658
f 1710 1761 1703
f 1683 1148 1708
f 1708 1682 1707
f 1703 1707 1710
f 1712 1762 1711
f 1711 1681 1712
f 1763 1764 1713
f 1709 1618 1681
f 1681 1684 1713
f 1713 1684 1763
f 1765 1766 1714
f 1714 1766 1763
f 1763 1684 1714
f 1621 1624 1684
f 1684 1624 1714
f 1714 1716 1765
f 1765 1716 1715
f 1722 1767 1720
f 1720 1767 1719
f 1623 1622 1714
f 1714 1622 1716
f 1726 1768 1725
f 1725 1768 1723
f 1725 1723 1721
f 1719 1680 1724
f 1627 1724 1069
f 1728 1729 1769
f 1728 1769 1727
f 1724 1627 1679
f 1724 1679 1725
f 1725 1679 1728
f 1729 1770 1771
f 1770 1772 1773
f 1770 1773 1771
f 1729 1677 1770
f 1770 1677 1772
f 1774 1730 1775
f 1678 1630 1729
f 1729 1630 1677
f 1774 1772 1677
f 1730 1731 1776
f 1730 1776 1775
f 1677 1685 1774
f 1774 1685 1730
f 1777 1778 1734
f 1685 1677 1631
f 1778 1779 1734
f 1734 1779 1780
f 1734 1780 1733
f 1732 1676 1733
f 1734 1735 1777
f 1736 1777 1735
f 1737 1739 1781
f 1741 1782 1740
f 1740 1739 1738
f 1738 1737 1675
f 1675 1737 1686
f 1686 1676 1634
f 1634 1676 1085
f 1739 1740 1783
f 1739 1783 1781
f 1686 1635 1675
f 1741 1742 1782
f 1636 1675 1099
f 1742 1743 1784
f 1742 1784 1782
f 1738 1675 1674
f 1738 1674 1741
f 1741 1687 1742
f 1744 1673 1785
f 1746 1786 1787
f 1687 1638 1673
f 1673 1672 1785
f 1785 1672 1745
f 1788 1786 1747
f 1786 1746 1671
f 1786 1788 1789
f 1786 1789 1787
f 1673 1639 1672
f 1671 1747 1786
f 1749 1790 1748
f 1790 1788 1747
f 1641 1747 1671
f 1790 1749 1791
f 1671 1124 1641
f 1747 1748 1790
f 1697 1792 1700
f 1669 1670 1643
f 1691 1793 1692
f 1794 1795 1796
f 1796 1793 1691
f 1668 1645 1667
f 1796 1691 1666
f 1796 1666 1794
f 1701 1797 1798
f 1667 1646 1691
f 1794 1666 1798
f 1798 1665 1701
f 1799 1751 1695
f 1695 1751 1694
f 1665 1798 1666
f 1666 1691 1137
f 1137 1691 1646
f 1695 1800 1799
f 1801 1802 1753
f 1753 1802 1754
f 1695 1754 1800
f 1660 1801 1661
f 1661 1801 1753
f 1752 1754 1663
f 1664 1663 1694
f 1664 1694 1665
f 1665 1142 1664
f 1753 1752 1690
f 1753 1690 1661
f 1661 1690 1659
f 1663 1688 1752
f 1752 1688 1690
f 1662 1803 1804
f 1662 1804 1702
f 1702 1804 1805
f 1657 1689 1662
f 1662 1689 1803
f 583 1806 1803
f 1689 1755 1803
f 1803 1755 583
f 1658 1683 1689
f 1689 1683 1756
f 1689 1756 1755
f 1758 1807 1808
f 1759 1809 1807
f 1759 1807 1758
f 1759 1760 1809
f 1809 1760 1704
f 1809 1704 1810
f 1703 1761 1810
f 1703 1810 1704
f 1761 1710 1811
f 1710 1711 1811
f 1811 1711 1812
f 1812 1711 1762
f 1812 1762 1813
f 1813 1762 1712
f 1813 1712 1814
f 1814 1712 1713
f 1764 1815 1814
f 1764 1814 1713
f 1764 1763 1815
f 1815 1763 1766
f 1815 1766 1816
f 1765 1817 1816
f 1765 1816 1766
f 1765 1715 1817
f 1817 1715 1717
f 1817 1717 1818
f 1717 1718 1818
f 1818 1718 1819
f 1719 1767 1819
f 1719 1819 1718
f 1767 1722 1820
f 1723 1821 1820
f 1723 1820 1722
f 1723 1768 1821
f 1821 1768 1726
f 1821 1726 1822
f 1727 1823 1822
f 1727 1822 1726
f 1727 1769 1823
f 1823 1769 1729
f 1823 1729 1824
f 1729 1771 1824
f 1824 1771 1825
f 1772 1826 1773
f 1773 1826 1825
f 1773 1825 1771
f 1826 1772 1774
f 1826 1774 1827
f 1775 1828 1827
f 1775 1827 1774
f 1775 1776 1828
f 1828 1776 1731
f 1828 1731 1829
f 1732 1830 1829
f 1732 1829 1731
f 1732 1733 1830
f 1830 1733 1780
f 1830 1780 1831
f 1780 1779 1831
f 1831 1779 1778
f 1831 1778 1832
f 1777 1833 1832
f 1777 1832 1778
f 1777 1736 1833
f 1833 1736 1737
f 1833 1737 1834
f 1781 1835 1834
f 1781 1834 1737
f 1781 1783 1835
f 1835 1783 1740
f 1835 1740 1836
f 1782 1837 1836
f 1782 1836 1740
f 1782 1784 1837
f 1837 1784 1743
f 1837 1743 1838
f 1838 1743 1744
f 1838 1744 1839
f 1785 1840 1839
f 1785 1839 1744
f 1785 1745 1840
f 1840 1745 1746
f 1840 1746 1841
f 1787 1842 1841
f 1787 1841 1746
f 1787 1789 1842
f 1842 1789 1788
f 1842 1788 1843
f 1790 1791 1843
f 1790 1843 1788
f 1791 1749 1844
f 1844 1749 1699
f 1844 1699 1845
f 1700 1792 1845
f 1700 1845 1699
f 1792 1697 1846
f 1693 1847 1846
f 1693 1846 1697
f 1693 1692 1847
f 1847 1692 1793
f 1847 1793 1848
f 1796 1795 1848
f 1796 1848 1793
f 1795 1794 1849
f 1794 1798 1849
f 1849 1798 1850
f 1701 1851 1797
f 1797 1851 1850
f 1797 1850 1798
f 1851 1701 1750
f 1851 1750 1852
f 1751 1853 1852
f 1751 1852 1750
f 1751 1799 1853
f 1853 1799 1800
f 1853 1800 1854
f 1754 1855 1854
f 1754 1854 1800
f 1754 1802 1855
f 1855 1802 1801
f 1855 1801 1856
f 1856 1801 1660
f 1856 1660 1857
f 1659 1858 1857
f 1659 1857 1660
f 1659 1696 1858
f 1858 1696 1698
f 1858 1698 1859
f 1702 1805 1859
f 1702 1859 1698
f 1805 1804 1860
f 1804 1803 1860
f 1860 1803 1861
f 1861 1803 1806
f 1861 1806 1808
f 1808 1806 583
f 1808 583 1758
f 1862 1863 1810
f 1812 1864 1811
f 1811 1864 1862
f 1811 1862 1761
f 1761 1862 1810
f 1815 1865 1814
f 1814 1865 1866
f 1814 1866 1813
f 1813 1866 1867
f 1813 1867 1812
f 1812 1867 1868
f 1812 1868 1864
f 1817 1869 1816
f 1816 1869 1870
f 1816 1870 1815
f 1815 1870 1865
f 1818 1871 1817
f 1817 1871 1872
f 1817 1872 1869
f 1823 1873 1822
f 1822 1873 1874
f 1822 1874 1821
f 1821 1874 1875
f 1821 1875 1820
f 1820 1875 1876
f 1820 1876 1767
f 1767 1876 1877
f 1767 1877 1819
f 1819 1877 1878
f 1819 1878 1818
f 1818 1878 1871
f 1824 1879 1823
f 1823 1879 1880
f 1823 1880 1873
f 1826 1881 1825
f 1825 1881 1879
f 1825 1879 1824
f 1882 1883 1826
f 1826 1883 1884
f 1826 1884 1881
f 1829 1885 1828
f 1828 1885 1882
f 1828 1882 1827
f 1827 1882 1826
f 1831 1886 1830
f 1830 1886 1887
f 1830 1887 1829
f 1829 1887 1888
f 1829 1888 1885
f 1832 1889 1831
f 1831 1889 1890
f 1831 1890 1886
f 1838 1891 1837
f 1837 1891 1892
f 1837 1892 1836
f 1836 1892 1893
f 1836 1893 1835
f 1835 1893 1894
f 1835 1894 1834
f 1834 1894 1895
f 1834 1895 1833
f 1833 1895 1889
f 1833 1889 1832
f 1839 1896 1838
f 1838 1896 1897
f 1838 1897 1891
f 1841 1898 1840
f 1840 1898 1896
f 1840 1896 1839
f 1791 1899 1843
f 1843 1899 1900
f 1843 1900 1842
f 1842 1900 1841
f 1841 1900 1901
f 1841 1901 1898
f 1792 1902 1845
f 1845 1902 1903
f 1845 1903 1844
f 1844 1903 1904
f 1844 1904 1791
f 1791 1904 1905
f 1791 1905 1899
f 1906 1907 1792
f 1792 1907 1908
f 1792 1908 1902
f 1851 1909 1850
f 1850 1909 1910
f 1850 1910 1849
f 1849 1910 1911
f 1849 1911 1795
f 1795 1911 1912
f 1795 1912 1848
f 1848 1912 1913
f 1848 1913 1847
f 1847 1913 1906
f 1847 1906 1846
f 1846 1906 1792
f 1853 1914 1852
f 1852 1914 1915
f 1852 1915 1851
f 1851 1915 1909
f 1856 1916 1855
f 1855 1916 1917
f 1855 1917 1854
f 1854 1917 1853
f 1853 1917 1918
f 1853 1918 1914
f 1859 1919 1858
f 1858 1919 1920
f 1858 1920 1857
f 1857 1920 1921
f 1857 1921 1856
f 1856 1921 1922
f 1856 1922 1916
f 1863 1923 1810
f 1810 1923 1924
f 1810 1924 1809
f 1809 1924 1925
f 1809 1925 1807
f 1807 1925 1926
f 1807 1926 1808
f 1808 1926 1927
f 1808 1927 1861
f 1861 1927 1928
f 1861 1928 1860
f 1860 1928 1929
f 1860 1929 1805
f 1805 1929 1930
f 1805 1930 1859
f 1859 1930 1931
f 1859 1931 1919
f 1932 1933 1934
f 1935 1936 1927
f 1934 1933 1937
f 1937 1933 1938
f 1938 1933 1939
f 1938 1939 1940
f 1936 1930 1929
f 1936 1929 1928
f 1936 1928 1927
f 1941 1932 1934
f 1942 1940 1863
f 1863 1940 1939
f 1863 1939 1923
f 1923 1939 1924
f 1924 1939 1925
f 1925 1939 1935
f 1925 1935 1926
f 1926 1935 1927
f 1941 1943 1930
f 1930 1936 1941
f 1941 1936 1932
f 1868 1867 1944
f 1942 1863 1945
f 1945 1863 1862
f 1945 1862 1944
f 1944 1862 1864
f 1944 1864 1868
f 1946 1947 1870
f 1870 1947 1865
f 1948 1946 1949
f 1949 1946 1950
f 1946 1951 1950
f 1952 1948 1953
f 1954 1866 1947
f 1866 1954 1867
f 1953 1948 1949
f 1948 1952 1955
f 1955 1952 1956
f 1955 1956 1944
f 1865 1947 1866
f 1867 1954 1955
f 1867 1955 1944
f 1878 1957 1871
f 1871 1957 1958
f 1871 1958 1872
f 1872 1958 1869
f 1869 1958 1951
f 1869 1951 1870
f 1870 1951 1946
f 1959 1960 1879
f 1961 1962 1878
f 1962 1963 1878
f 1878 1963 1957
f 1881 1964 1879
f 1879 1964 1965
f 1879 1965 1966
f 1879 1966 1959
f 1967 1968 1888
f 1969 1970 1971
f 1888 1968 1885
f 1885 1968 1882
f 1972 1883 1882
f 1972 1882 1968
f 1971 1970 1973
f 1973 1970 1967
f 1883 1972 1964
f 1883 1964 1884
f 1884 1964 1881
f 1974 1975 1976
f 1976 1970 1969
f 1967 1888 1887
f 1967 1887 1973
f 1975 1977 1976
f 1976 1977 1970
f 1964 1972 1978
f 1964 1978 1979
f 1979 1978 1980
f 1978 1981 1980
f 1980 1981 1976
f 1976 1981 1974
f 1887 1886 1973
f 1973 1886 1890
f 1973 1890 1982
f 1982 1890 1889
f 1983 1984 1889
f 1889 1984 1985
f 1889 1985 1982
f 1986 1987 1896
f 1896 1987 1988
f 1896 1988 1989
f 1901 1900 1990
f 1986 1896 1990
f 1990 1896 1898
f 1990 1898 1901
f 1991 1900 1899
f 1992 1993 1994
f 1905 1995 1899
f 1992 1994 1996
f 1995 1997 1899
f 1899 1997 1991
f 1900 1991 1990
f 1990 1991 1998
f 1990 1998 1999
f 1999 1998 1993
f 1999 1993 2000
f 2000 1993 1992
f 2001 1996 1994
f 1904 2002 1905
f 1905 2002 1995
f 2001 1994 2003
f 2001 2003 2004
f 2004 2003 2005
f 2005 2003 2002
f 2005 2002 1904
f 1907 2006 1908
f 1908 2006 1902
f 1902 2006 2005
f 1902 2005 1903
f 1903 2005 1904
f 2007 2008 2009
f 2008 2010 2009
f 1911 2011 1912
f 2007 2009 2012
f 2007 2012 1907
f 1907 2012 2013
f 1907 2013 2006
f 2008 2014 2010
f 2011 2007 1912
f 1912 2007 1913
f 1913 2007 1906
f 1906 2007 1907
f 1915 2015 1909
f 1909 2015 1910
f 1910 2015 1911
f 1911 2015 2011
f 1915 2016 2017
f 2015 1915 2017
f 2015 2017 2014
f 2015 2014 2008
f 2018 2019 2020
f 2020 2019 2021
f 2022 2023 1922
f 1916 2023 2024
f 1916 2024 1917
f 1921 2022 1922
f 2020 2021 2025
f 1922 2023 1916
f 1917 2024 2026
f 1917 2026 1918
f 1918 2026 2016
f 1918 2016 1914
f 1914 2016 1915
f 2025 2021 2027
f 2027 2021 2028
f 2027 2028 2029
f 2029 2028 2022
f 2029 2022 1921
f 2026 2024 2030
f 2030 2024 2019
f 2030 2019 2018
f 1943 2031 1930
f 1930 2031 2032
f 1930 2032 1931
f 1931 2032 2033
f 1931 2033 1919
f 1919 2033 2029
f 1919 2029 1920
f 1920 2029 1921
f 2034 1893 1892
f 1894 2035 1895
f 2036 2037 1889
f 1893 2034 2035
f 1893 2035 1894
f 1895 2035 1889
f 1989 1983 1896
f 1896 1983 1889
f 1896 1889 2037
f 1891 1897 2038
f 2038 1897 1896
f 2038 1896 2039
f 1896 2037 2039
f 1891 2038 1892
f 1889 2035 2036
f 2038 2040 1892
f 1892 2040 2041
f 1892 2041 2034
f 1879 2042 2043
f 2044 1879 2045
f 2044 2042 1879
f 2043 1874 1873
f 2043 1873 1880
f 2043 1880 1879
f 1874 2043 2046
f 2047 2048 1878
f 1960 1961 1879
f 1879 1961 1878
f 1879 1878 2045
f 2045 1878 2049
f 1874 2046 1875
f 1878 2048 2049
f 1875 2046 2047
f 1875 2047 1876
f 1876 2047 1877
f 1877 2047 1878
f 2050 1941 1934
f 1941 2050 2051
f 1941 2051 1943
f 2051 2052 1943
f 1943 2052 2031
f 2031 2052 2053
f 2031 2053 2032
f 2032 2053 2054
f 2032 2054 2033
f 2033 2054 2055
f 2033 2055 2029
f 2029 2055 2056
f 2029 2056 2027
f 2056 2057 2027
f 2027 2057 2025
f 2057 2058 2025
f 2025 2058 2059
f 2025 2059 2020
f 2020 2059 2060
f 2020 2060 2018
f 2018 2060 2061
f 2018 2061 2030
f 2061 2062 2030
f 2030 2062 2063
f 2030 2063 2026
f 2026 2063 2064
f 2026 2064 2016
f 2016 2064 2065
f 2016 2065 2066
f 2016 2066 2017
f 2066 2067 2017
f 2017 2067 2014
f 2067 2068 2014
f 2014 2068 2069
f 2014 2069 2010
f 2069 2070 2010
f 2010 2070 2009
f 2070 2071 2009
f 2009 2071 2012
f 2071 2072 2012
f 2012 2072 2073
f 2012 2073 2013
f 2073 2074 2013
f 2013 2074 2006
f 2006 2074 2075
f 2006 2075 2005
f 2005 2075 2076
f 2005 2076 2004
f 2076 2077 2004
f 2004 2077 2001
f 2077 2078 2001
f 2001 2078 2079
f 2001 2079 1996
f 2079 2080 1996
f 1996 2080 1992
f 2080 2081 1992
f 1992 2081 2082
f 1992 2082 2000
f 2082 2083 2000
f 2000 2083 1999
f 1999 2083 2084
f 1999 2084 1990
f 1990 2084 2085
f 1990 2085 1986
f 1986 2085 2086
f 1986 2086 1987
f 2086 2087 1987
f 1987 2087 1988
f 2088 1989 2089
f 2089 1989 1988
f 2089 1988 2087
f 1989 2088 2090
f 1989 2090 1983
f 1983 2090 2091
f 1983 2091 1984
f 1984 2091 1985
f 2091 2092 1985
f 1985 2092 2093
f 1985 2093 1982
f 1982 2093 2094
f 1982 2094 1973
f 2094 2095 1973
f 1973 2095 2096
f 1973 2096 1971
f 1971 2096 2097
f 1971 2097 1969
f 2097 2098 1969
f 1969 2098 2099
f 1969 2099 1976
f 2099 2100 1976
f 1976 2100 2101
f 1976 2101 1980
f 2101 2102 1980
f 1980 2102 1979
f 1979 2102 2103
f 1979 2103 1964
f 1964 2103 1965
f 1965 2103 2104
f 1965 2104 1966
f 2104 2105 1966
f 1966 2105 2106
f 1966 2106 1959
f 2106 2107 1959
f 1959 2107 2108
f 1959 2108 1960
f 2108 2109 1960
f 1960 2109 1961
f 2109 2110 1961
f 1961 2110 2111
f 1961 2111 1962
f 2111 2112 1962
f 1962 2112 1963
f 2112 2113 1963
f 1963 2113 2114
f 1963 2114 1957
f 1957 2114 2115
f 1957 2115 1958
f 1958 2115 2116
f 1958 2116 1951
f 1951 2116 2117
f 1951 2117 1950
f 2117 2118 1950
f 1950 2118 1949
f 2118 2119 1949
f 1949 2119 1953
f 2119 2120 1953
f 1953 2120 2121
f 1953 2121 1952
f 2121 2122 1952
f 1952 2122 1956
f 2122 2123 1956
f 1956 2123 2124
f 1956 2124 1944
f 1944 2124 2125
f 1944 2125 1945
f 1945 2125 1942
f 1942 2125 2126
f 1942 2126 1940
f 1940 2126 2127
f 1940 2127 1938
f 1938 2127 2128
f 1938 2128 1937
f 2128 2129 1937
f 1937 2129 1934
f 1934 2129 2130
f 1934 2130 2050
f 2120 2119 2131
f 2120 2131 2121
f 2121 2131 2122
f 2118 2117 2132
f 2118 2132 2119
f 2112 2133 2113
f 2113 2133 2114
f 2102 2134 2103
f 2083 2082 2135
f 2071 2136 2072
f 2072 2136 2073
f 2067 2137 2068
f 2068 2137 2069
f 2061 2138 2062
f 2139 2140 2141
f 2142 2143 2144
f 2145 2146 2147
f 2148 2149 2150
f 2151 1291 2152
f 2153 2154 2155
f 2156 2157 2158
f 2159 2160 2161
f 2050 2130 2162
f 2056 2055 2163
f 2059 2058 2164
f 2060 2059 2165
f 2138 2061 2141
f 2065 2064 2166
f 2066 2065 2166
f 2070 2069 2167
f 2075 2074 2168
f 2076 2075 2168
f 2079 2078 2169
f 2080 2079 2170
f 2082 2081 2147
f 2135 2082 2147
f 2085 2084 2171
f 2086 2085 2171
f 2087 2086 2172
f 2089 2087 2173
f 2088 2089 2174
f 2175 2090 2150
f 2091 2090 2175
f 2093 2092 2152
f 2094 2093 2152
f 2096 2095 2176
f 2097 2096 2177
f 2099 2098 2178
f 2101 2100 2179
f 2104 2103 2180
f 2106 2105 2155
f 2107 2106 2155
f 2111 2110 2181
f 2115 2114 2182
f 2132 2117 2183
f 2131 2119 2184
f 2124 2123 2185
f 2125 2124 2186
f 2127 2126 2161
f 2129 2128 2187
f 2130 2129 2187
f 2122 2131 2188
f 2112 2111 2189
f 2102 2101 2190
f 2077 2076 2191
f 2067 2066 2192
f 2057 2056 2193
f 2054 2053 2194
f 2194 2053 2052
f 2194 2052 2195
f 2196 2051 2050
f 2196 2195 2052
f 2196 2052 2051
f 2197 2198 2161
f 2161 2198 2199
f 2199 2127 2161
f 2126 2125 2200
f 2200 2125 2186
f 2186 2124 2185
f 2188 2184 2201
f 2201 2184 1240
f 2185 2122 2188
f 2188 2131 2184
f 2132 2183 2202
f 2202 2183 2203
f 2158 2115 2182
f 2182 2114 2133
f 2189 2181 2204
f 2204 2181 2205
f 2133 2112 2189
f 2189 2111 2181
f 2206 2155 2207
f 2207 2155 2208
f 2108 2107 2206
f 2206 2107 2155
f 2105 2104 2180
f 2180 2103 2134
f 2190 2179 2209
f 2209 2179 2210
f 2134 2102 2190
f 2190 2101 2179
f 2098 2097 2178
f 2178 2097 2177
f 2211 2175 2212
f 2150 2088 2174
f 2174 2089 2173
f 2172 2171 2213
f 2213 2171 2214
f 2172 2086 2171
f 2135 2147 2215
f 2215 2147 2216
f 2170 2079 2169
f 2191 2168 2217
f 2217 2168 2218
f 2191 2076 2168
f 2219 2136 2220
f 2220 2136 2221
f 2074 2073 2219
f 2219 2073 2136
f 2071 2070 2144
f 2144 2070 2167
f 2167 2069 2137
f 2192 2166 2222
f 2222 2166 2223
f 2137 2067 2224
f 2224 2067 2192
f 2192 2066 2166
f 2225 2138 2226
f 2226 2138 2227
f 2063 2062 2225
f 2225 2062 2138
f 2141 2060 2165
f 2165 2059 2164
f 2193 2163 2228
f 2228 2163 2229
f 2193 2056 2163
f 2230 2195 2231
f 2130 2187 2162
f 2162 2187 2232
f 2162 2232 2233
f 2187 2234 2232
f 2198 2235 2199
f 2199 2235 2236
f 2199 2236 2187
f 2187 2236 2237
f 2187 2237 2234
f 2197 2161 2160
f 2128 2127 2187
f 2187 2127 2199
f 2161 2200 2159
f 2238 2239 2185
f 2185 2239 2186
f 2239 2240 2186
f 2186 2240 2241
f 2186 2241 2200
f 2200 2241 2242
f 2200 2242 2159
f 2161 2126 2200
f 2201 2243 2188
f 2188 2243 2185
f 2123 2122 2185
f 2202 2244 2132
f 2132 2244 2245
f 2132 2245 2184
f 2184 2245 1240
f 2183 2158 2203
f 2203 2158 2157
f 2184 2119 2132
f 2246 2247 2133
f 2133 2247 2182
f 2158 2183 2116
f 2116 2183 2117
f 2247 2248 2182
f 2182 2248 2249
f 2182 2249 2158
f 2158 2249 2250
f 2158 2250 2156
f 2116 2115 2158
f 2133 2189 2246
f 2189 2251 2246
f 2207 2252 2206
f 2206 2252 2253
f 2206 2253 2181
f 2181 2253 2254
f 2181 2254 2205
f 2110 2109 2181
f 2208 2155 2154
f 2109 2108 2181
f 2181 2108 2206
f 2155 2180 2153
f 2255 2256 2134
f 2134 2256 2180
f 2256 2257 2180
f 2180 2257 2258
f 2180 2258 2153
f 2155 2105 2180
f 2134 2190 2255
f 2209 2259 2190
f 2190 2259 2260
f 2190 2260 2255
f 2179 2178 2210
f 2176 2261 2177
f 2177 2261 2262
f 2177 2262 2178
f 2178 2262 2263
f 2178 2263 2210
f 2100 2099 2179
f 2179 2099 2178
f 2152 2264 2265
f 2152 2265 2176
f 2176 2265 2266
f 2176 2177 2096
f 2095 2094 2176
f 2176 2094 2152
f 2152 2175 2151
f 2175 2267 2151
f 2152 2092 2175
f 2175 2150 2212
f 2212 2150 2149
f 2092 2091 2175
f 2268 2269 2173
f 2173 2269 2174
f 2269 2270 2174
f 2174 2270 2271
f 2174 2271 2150
f 2150 2271 2272
f 2150 2272 2148
f 2090 2088 2150
f 2173 2172 2268
f 2213 2273 2172
f 2172 2273 2274
f 2172 2274 2268
f 2173 2087 2172
f 2215 2275 2135
f 2135 2275 2276
f 2135 2276 2171
f 2171 2276 2277
f 2171 2277 2214
f 2216 2147 2146
f 2084 2083 2171
f 2171 2083 2135
f 2147 2170 2145
f 2278 2279 2169
f 2169 2279 2170
f 2279 2280 2170
f 2170 2280 2281
f 2170 2281 2145
f 2081 2080 2147
f 2147 2080 2170
f 2169 2191 2278
f 2217 2282 2191
f 2191 2282 2283
f 2191 2283 2278
f 2078 2077 2169
f 2169 2077 2191
f 2220 2284 2219
f 2219 2284 2285
f 2219 2285 2168
f 2168 2285 2286
f 2168 2286 2218
f 2136 2144 2221
f 2221 2144 2143
f 2168 2074 2219
f 2287 2288 2137
f 2137 2288 2167
f 2144 2136 2071
f 2288 2289 2167
f 2167 2289 2144
f 2144 2289 2290
f 2144 2290 2142
f 2137 2224 2287
f 2222 2291 2192
f 2192 2291 2292
f 2192 2292 2224
f 2224 2292 2293
f 2224 2293 2287
f 2226 2294 2225
f 2225 2294 2295
f 2225 2295 2166
f 2166 2295 2296
f 2166 2296 2223
f 2138 2141 2227
f 2227 2141 2140
f 2064 2063 2166
f 2166 2063 2225
f 2297 2298 2164
f 2164 2298 2165
f 2298 2299 2165
f 2165 2299 2300
f 2165 2300 2141
f 2141 2300 2301
f 2141 2301 2139
f 2061 2060 2141
f 2164 2193 2297
f 2228 2302 2193
f 2193 2302 2303
f 2193 2303 2297
f 2058 2057 2164
f 2164 2057 2193
f 2163 2194 2229
f 2230 2304 2195
f 2195 2304 2305
f 2195 2305 2194
f 2194 2305 2306
f 2194 2306 2229
f 2055 2054 2163
f 2163 2054 2194
f 2195 2196 2231
f 2231 2196 2307
f 2162 1361 2308
f 2050 2162 2196
f 2196 2162 2308
f 2196 2308 2307
f 2162 2233 1361
f 2185 1263 2238
f 2238 1263 1261
f 2238 1261 2239
f 2239 1261 1260
f 2239 1260 2240
f 2240 1260 1259
f 2240 1259 2241
f 2241 1259 1258
f 2241 1258 2242
f 2242 1258 1256
f 2242 1256 2159
f 2159 1256 1255
f 2159 1255 2160
f 2160 1255 1254
f 2160 1254 2197
f 2197 1254 1252
f 2197 1252 2198
f 2198 1252 1251
f 2198 1251 2235
f 2235 1251 1249
f 2235 1249 2236
f 2236 1249 1248
f 2236 1248 2237
f 2237 1248 1246
f 2237 1246 2234
f 2234 1246 1244
f 2234 1244 2232
f 2232 1244 1363
f 2232 1363 2233
f 2233 1363 1362
f 2233 1362 1361
f 2308 1361 1360
f 2308 1360 2307
f 2307 1360 1359
f 2307 1359 2231
f 2231 1359 1357
f 2231 1357 2230
f 2230 1357 1356
f 2230 1356 2304
f 2304 1356 1354
f 2304 1354 2305
f 2305 1354 1353
f 2305 1353 2306
f 2306 1353 1352
f 2306 1352 2229
f 2229 1352 1350
f 2229 1350 2228
f 2228 1350 1348
f 2228 1348 2302
f 2302 1348 1347
f 2302 1347 2303
f 2303 1347 1345
f 2303 1345 2297
f 2297 1345 1344
f 2297 1344 2298
f 2298 1344 1343
f 2298 1343 2299
f 2299 1343 1342
f 2299 1342 2300
f 2300 1342 1340
f 2300 1340 2301
f 2301 1340 1182
f 2301 1182 2139
f 2139 1182 1181
f 2139 1181 2140
f 2140 1181 1339
f 2140 1339 2227
f 2227 1339 1338
f 2227 1338 2226
f 2226 1338 1336
f 2226 1336 2294
f 2294 1336 1185
f 2294 1185 2295
f 2295 1185 1184
f 2295 1184 2296
f 2296 1184 1186
f 2296 1186 2223
f 2223 1186 1187
f 2223 1187 2222
f 2222 1187 1512
f 2222 1512 2291
f 2291 1512 1190
f 2291 1190 2292
f 2292 1190 1189
f 2292 1189 2293
f 2293 1189 1334
f 2293 1334 2287
f 2287 1334 1333
f 2287 1333 2288
f 2288 1333 1332
f 2288 1332 2289
f 2289 1332 1330
f 2289 1330 2290
f 2290 1330 1193
f 2290 1193 2142
f 2142 1193 1192
f 2142 1192 2143
f 2143 1192 1196
f 2143 1196 2221
f 2221 1196 1195
f 2221 1195 2220
f 2220 1195 1328
f 2220 1328 2284
f 2284 1328 1199
f 2284 1199 2285
f 2285 1199 1198
f 2285 1198 2286
f 2286 1198 1202
f 2286 1202 2218
f 2218 1202 1201
f 2218 1201 2217
f 2217 1201 1326
f 2217 1326 2282
f 2282 1326 1325
f 2282 1325 2283
f 2283 1325 1324
f 2283 1324 2278
f 2278 1324 1322
f 2278 1322 2279
f 2279 1322 1205
f 2279 1205 2280
f 2280 1205 1204
f 2280 1204 2281
f 2281 1204 1208
f 2281 1208 2145
f 2145 1208 1207
f 2145 1207 2146
f 2146 1207 1211
f 2146 1211 2216
f 2216 1211 1210
f 2216 1210 2215
f 2215 1210 1319
f 2215 1319 2275
f 2275 1319 1213
f 2275 1213 2276
f 2276 1213 1212
f 2276 1212 2277
f 2277 1212 1315
f 2277 1315 2214
f 2214 1315 1317
f 2214 1317 2213
f 2213 1317 1318
f 2213 1318 2273
f 2273 1318 1312
f 2273 1312 2274
f 2274 1312 1311
f 2274 1311 2268
f 2268 1311 1310
f 2268 1310 2269
f 2269 1310 1308
f 2269 1308 2270
f 2270 1308 1307
f 2270 1307 2271
f 2271 1307 1306
f 2271 1306 2272
f 2272 1306 1304
f 2272 1304 2148
f 2148 1304 1303
f 2148 1303 2149
f 2149 1303 1301
f 2149 1301 2212
f 2212 1301 1299
f 2212 1299 2211
f 2211 1299 1298
f 2211 1298 2175
f 2175 1298 1296
f 2175 1296 2267
f 2267 1296 1294
f 2267 1294 2151
f 2151 1294 1292
f 2151 1292 1291
f 2152 1291 1290
f 2152 1290 2264
f 2264 1290 1288
f 2264 1288 2265
f 2265 1288 1287
f 2265 1287 2266
f 2266 1287 1216
f 2266 1216 2176
f 2176 1216 1215
f 2176 1215 2261
f 2261 1215 1219
f 2261 1219 2262
f 2262 1219 1218
f 2262 1218 2263
f 2263 1218 1222
f 2263 1222 2210
f 2210 1222 1221
f 2210 1221 2209
f 2209 1221 1284
f 2209 1284 2259
f 2259 1284 1283
f 2259 1283 2260
f 2260 1283 1282
f 2260 1282 2255
f 2255 1282 1281
f 2255 1281 2256
f 2256 1281 1279
f 2256 1279 2257
f 2257 1279 1277
f 2257 1277 2258
f 2258 1277 1224
f 2258 1224 2153
f 2153 1224 1223
f 2153 1223 2154
f 2154 1223 1276
f 2154 1276 2208
f 2208 1276 1275
f 2208 1275 2207
f 2207 1275 1273
f 2207 1273 2252
f 2252 1273 1227
f 2252 1227 2253
f 2253 1227 1226
f 2253 1226 2254
f 2254 1226 1230
f 2254 1230 2205
f 2205 1230 1229
f 2205 1229 2204
f 2204 1229 1271
f 2204 1271 2189
f 2189 1271 1270
f 2189 1270 2251
f 2251 1270 1269
f 2251 1269 2246
f 2246 1269 1268
f 2246 1268 2247
f 2247 1268 1232
f 2247 1232 2248
f 2248 1232 1231
f 2248 1231 2249
f 2249 1231 1266
f 2249 1266 2250
f 2250 1266 1235
f 2250 1235 2156
f 2156 1235 1234
f 2156 1234 2157
f 2157 1234 1238
f 2157 1238 2203
f 2203 1238 1237
f 2203 1237 2202
f 2202 1237 1265
f 2202 1265 2244
f 2244 1265 1241
f 2244 1241 2245
f 2245 1241 1240
f 2201 1240 1425
f 2201 1425 2243
f 2243 1425 1264
f 2243 1264 2185
f 2185 1264 1263
f 1585 1589 2309
f 1585 2309 1586
f 1586 2309 2310
f 1586 2310 1587
f 1587 2310 2311
f 1587 2311 1588
f 1588 2311 2312
f 1588 2312 1589
f 2312 1133 1139
f 2312 1139 1589
f 1589 1139 1136
f 1589 1136 2309
f 2309 1136 1135
f 2309 1135 1134
f 2309 1134 2310
f 2310 1134 1131
f 2310 1131 1130
f 2310 1130 2311
f 2311 1130 1129
f 2311 1129 2312
f 2312 1129 1128
f 2312 1128 1133
f 2313 1564 1590
f 2314 1590 1567
f 2314 1567 2315
f 2315 1567 2316
f 2316 1567 1565
f 2316 1565 1561
f 2316 1561 2317
f 2317 1561 2313
f 2313 1561 1564
f 2316 1111 2315
f 2315 1111 1106
f 2315 1106 1108
f 2315 1108 2314
f 2314 1108 1110
f 2314 1110 1114
f 2314 1114 1590
f 1590 1114 1113
f 1590 1113 2313
f 2313 1113 1112
f 2313 1112 1105
f 2313 1105 1104
f 2313 1104 2317
f 2317 1104 1103
f 2317 1103 1102
f 2317 1102 2316
f 2316 1102 1101
f 2316 1101 1111
f 2318 1552 1591
f 2318 1591 2319
f 2319 1591 1592
f 2319 1592 1558
f 2319 1558 2320
f 2320 1558 1555
f 2320 1555 2321
f 2321 1555 1552
f 2321 1552 2322
f 2322 1552 2318
f 2321 1087 1092
f 2321 1092 2320
f 2320 1092 1091
f 2320 1091 1097
f 2320 1097 2319
f 2319 1097 1096
f 2319 1096 1098
f 2319 1098 1090
f 2319 1090 2318
f 2318 1090 1089
f 2318 1089 1094
f 2318 1094 2322
f 2322 1094 1093
f 2322 1093 1088
f 2322 1088 2321
f 2321 1088 1087
f 1596 2323 1157
f 1596 1157 1594
f 1594 1157 2324
f 1594 2324 1593
f 1593 2324 2325
f 1593 2325 2326
f 1593 2326 1595
f 1595 2326 2323
f 1595 2323 1596
f 2323 1158 1157
f 2324 1157 1154
f 2324 1154 1153
f 2324 1153 2325
f 2325 1153 1160
f 2325 1160 1156
f 2325 1156 2326
f 2326 1156 1155
f 2326 1155 2323
f 2323 1155 1161
f 2323 1161 1159
f 2323 1159 1158
f 2327 1544 2328
f 2328 1544 2329
f 2329 1544 1538
f 2329 1538 2330
f 2330 1538 1537
f 2330 1537 2331
f 2331 1537 2327
f 2327 1537 1597
f 2327 1597 1544
f 2327 1166 2331
f 2331 1166 1170
f 2331 1170 1169
f 2331 1169 2330
f 2330 1169 1168
f 2330 1168 1171
f 2330 1171 2329
f 2329 1171 1162
f 2329 1162 2328
f 2328 1162 1163
f 2328 1163 1167
f 2328 1167 2327
f 2327 1167 1165
f 2327 1165 1164
f 2327 1164 1166
f 2332 1578 1576
f 2332 1576 2333
f 2333 1576 1581
f 2333 1581 2334
f 1581 1584 2335
f 2335 1584 1578
f 2335 1578 2332
f 2335 1180 1581
f 1581 1180 1179
f 1581 1179 2334
f 2334 1179 1172
f 2334 1172 1173
f 2334 1173 2333
f 2333 1173 1178
f 2333 1178 1177
f 2333 1177 2332
f 2332 1177 1176
f 2332 1176 1175
f 2332 1175 1174
f 2332 1174 2335
f 2335 1174 1180
f 2336 2337 2338
f 2337 2339 2338
f 2338 2007 2336
f 2336 2007 2011
f 2336 2011 2337
f 2337 2011 2015
f 2337 2015 2008
f 2337 2008 2339
f 2339 2008 2007
f 2339 2007 2338
f 2340 2341 2342
f 2343 2344 2342
f 2342 2344 2340
f 2340 2019 2024
f 2340 2024 2341
f 2341 2024 2023
f 2341 2023 2342
f 2342 2023 2343
f 2343 2023 2022
f 2343 2022 2028
f 2343 2028 2344
f 2344 2028 2021
f 2344 2021 2340
f 2340 2021 2019
f 2345 2346 2347
f 2347 2348 2345
f 2346 1933 1932
f 2346 1932 2347
f 2347 1932 1936
f 2347 1936 1935
f 2347 1935 2348
f 2348 1935 1939
f 2348 1939 2345
f 2345 1939 2346
f 2346 1939 1933
f 2349 2350 2351
f 2351 2350 2352
f 2352 1946 1948
f 2352 1948 2351
f 2351 1948 2349
f 2349 1948 1955
f 2349 1955 1954
f 2349 1954 2350
f 2350 1954 1947
f 2350 1947 2352
f 2352 1947 1946
f 2353 2354 2355
f 2355 2356 2357
f 2354 2356 2355
f 2357 2358 2355
f 2355 2358 2359
f 2355 2359 2353
f 2353 2043 2042
f 2353 2042 2354
f 2354 2042 2044
f 2354 2044 2045
f 2354 2045 2356
f 2356 2045 2049
f 2356 2049 2357
f 2357 2049 2048
f 2357 2048 2047
f 2357 2047 2358
f 2358 2047 2359
f 2359 2047 2046
f 2359 2046 2353
f 2353 2046 2043
f 2360 2361 2362
f 2362 2361 2363
f 2362 2364 2365
f 2363 2364 2362
f 2365 2366 2362
f 2366 2367 2362
f 2367 2360 2362
f 2360 1968 2361
f 2361 1968 1967
f 2361 1967 1970
f 2361 1970 2363
f 2363 1970 1977
f 2363 1977 2364
f 2364 1977 1975
f 2364 1975 2365
f 2365 1975 1974
f 2365 1974 2366
f 2366 1974 1981
f 2366 1981 2367
f 2367 1981 1978
f 2367 1978 1972
f 2367 1972 2360
f 2360 1972 1968
f 2368 2369 2370
f 2371 2369 2368
f 2370 2372 2368
f 2368 2372 2373
f 2371 2034 2041
f 2371 2041 2369
f 2369 2041 2040
f 2369 2040 2370
f 2370 2040 2038
f 2370 2038 2039
f 2370 2039 2372
f 2372 2039 2037
f 2372 2037 2373
f 2373 2037 2036
f 2373 2036 2035
f 2373 2035 2368
f 2368 2035 2371
f 2371 2035 2034
f 2374 2375 2376
f 2374 2376 2377
f 2374 2377 2378
f 2378 2379 2374
f 2375 1991 1997
f 2375 1997 2376
f 2376 1997 1995
f 2376 1995 2377
f 2377 1995 2002
f 2377 2002 2378
f 2378 2002 2003
f 2378 2003 1994
f 2378 1994 2379
f 2379 1994 1993
f 2379 1993 2374
f 2374 1993 1998
f 2374 1998 2375
f 2375 1998 1991
f 2380 2381 2382
f 2380 2383 2381
f 2380 2384 2383
f 2385 2386 2384
f 2382 2385 2380
f 2387 2385 2388
f 2388 2385 2384
f 2388 2384 2387
f 2387 2384 2380
f 2385 2382 2389
f 2385 2389 2386
f 2386 2390 2384
f 2384 2390 2391
f 2384 2391 2383
f 2392 2383 2391
f 2392 2391 2393
f 2393 2391 2394
f 2394 2391 2390
f 2394 2390 2386
f 2394 2386 2395
f 2389 2395 2386
f 2389 2396 2395
f 2389 2382 2396
f 2397 2396 2382
f 2382 2381 2397
f 2383 2392 2381
f 2398 2392 2399
f 2392 2393 2399
f 2393 2400 2399
f 2393 2394 2400
f 2394 2395 2400
f 2400 2395 2401
f 2396 2402 2401
f 2396 2401 2395
f 2402 2396 2397
f 2402 2397 2403
f 2397 2392 2403
f 2403 2392 2398
f 2398 2404 2403
f 2403 2404 2402
f 2402 2404 2401
f 2401 2404 2400
f 2400 2404 2399
f 2399 2404 2398
f 2397 2381 2392
f 2387 2380 2385
f 2405 2406 2407
f 2408 2409 2405
f 2408 2410 2409
f 2410 2408 2411
f 2411 2408 2407
f 2412 2408 2413
f 2413 2408 2405
f 2413 2405 2412
f 2412 2405 2407
f 2409 2414 2405
f 2405 2414 2406
f 2407 2406 2415
f 2407 2415 2411
f 2416 2415 2417
f 2417 2415 2406
f 2417 2406 2418
f 2418 2406 2414
f 2418 2414 2419
f 2409 2420 2414
f 2414 2420 2419
f 2410 2421 2409
f 2409 2421 2420
f 2422 2421 2410
f 2410 2411 2422
f 2416 2422 2411
f 2415 2416 2411
f 2423 2416 2424
f 2416 2417 2424
f 2417 2425 2424
f 2418 2425 2417
f 2425 2418 2426
f 2419 2426 2418
f 2426 2419 2420
f 2426 2420 2427
f 2421 2428 2420
f 2420 2428 2427
f 2428 2421 2422
f 2422 2423 2428
f 2422 2416 2423
f 2423 2426 2428
f 2428 2426 2427
f 2425 2426 2424
f 2424 2426 2423
f 2412 2407 2408
f 2429 2430 2431
f 2432 2433 2429
f 2433 2432 2431
f 2434 2432 2429
f 2434 2429 2431
f 2433 2435 2429
f 2429 2435 2436
f 2429 2436 2430
f 2430 2437 2431
f 2438 2437 2439
f 2439 2437 2430
f 2439 2430 2440
f 2440 2430 2436
f 2440 2436 2441
f 2435 2442 2436
f 2443 2442 2433
f 2433 2442 2435
f 2433 2431 2444
f 2444 2443 2433
f 2437 2438 2444
f 2437 2444 2431
f 2445 2438 2446
f 2446 2438 2447
f 2438 2439 2447
f 2440 2448 2447
f 2440 2447 2439
f 2441 2448 2440
f 2448 2441 2449
f 2449 2441 2442
f 2449 2442 2450
f 2443 2451 2450
f 2443 2450 2442
f 2451 2443 2452
f 2452 2443 2444
f 2444 2445 2452
f 2445 2444 2438
f 2445 2453 2452
f 2452 2453 2451
f 2451 2453 2450
f 2450 2453 2449
f 2449 2453 2448
f 2448 2453 2447
f 2447 2453 2446
f 2446 2453 2445
f 2436 2442 2441
f 2432 2434 2431
f 2454 2455 2456
f 2454 2456 2457
f 2454 2457 2458
f 2459 2456 2454
f 2459 2454 2456
f 2459 2456 2460
f 2456 2461 2457
f 2454 2458 2462
f 2454 2462 2455
f 2455 2461 2456
f 2463 2461 2464
f 2464 2461 2455
f 2464 2455 2465
f 2465 2455 2462
f 2465 2462 2466
f 2458 2466 2462
f 2458 2467 2466
f 2468 2467 2457
f 2457 2467 2458
f 2457 2461 2463
f 2463 2468 2457
f 2464 2469 2463
f 2469 2464 2470
f 2465 2470 2464
f 2470 2465 2471
f 2466 2471 2465
f 2471 2466 2472
f 2472 2466 2467
f 2472 2467 2473
f 2468 2473 2467
f 2463 2474 2468
f 2468 2474 2473
f 2474 2463 2469
f 2469 2470 2474
f 2474 2470 2473
f 2473 2470 2472
f 2472 2470 2471
f 2460 2456 2459
f 2475 2476 2477
f 2475 2478 2476
f 2479 2480 2478
f 2477 2479 2475
f 2481 2475 2482
f 2482 2475 2479
f 2482 2479 2478
f 2482 2478 2475
f 2482 2475 2481
f 2477 2483 2479
f 2479 2483 2480
f 2480 2484 2478
f 2478 2484 2485
f 2478 2485 2486
f 2478 2486 2476
f 2487 2476 2488
f 2488 2476 2486
f 2488 2486 2489
f 2489 2486 2485
f 2489 2485 2490
f 2490 2485 2484
f 2490 2484 2491
f 2480 2492 2491
f 2480 2491 2484
f 2483 2492 2480
f 2493 2492 2483
f 2487 2483 2477
f 2477 2476 2487
f 2489 2494 2488
f 2488 2494 2495
f 2489 2496 2494
f 2490 2496 2489
f 2496 2490 2497
f 2497 2490 2491
f 2497 2491 2498
f 2498 2491 2492
f 2492 2499 2498
f 2493 2499 2492
f 2499 2493 2500
f 2500 2493 2487
f 2500 2487 2495
f 2495 2487 2488
f 2495 2499 2500
f 2498 2499 2497
f 2497 2499 2496
f 2496 2499 2494
f 2494 2499 2495
f 2487 2493 2483

